Month,Year,Max Temp,Min Temp,Ave Temp,Precipitation,Radiation,DDays < 0째C,DDays < 5째C,DDays < 18째C,DDays > 18째C,Frost Free Days,Snowfall,Evaporation,Moisture Deficit,Relative Humidity
Jan,1901,-6.9,-13.2,-10.1,144,-9999.0,315,0,870,0,0,136,0,0,72
Feb,1901,-6.9,-13.8,-10.3,221,-9999.0,292,0,790,0,0,218,0,0,70
Mar,1901,-2.1,-9.1,-5.6,55,-9999.0,196,1,733,0,1,53,0,0,71
Apr,1901,0.4,-7.9,-3.8,69,-9999.0,142,2,653,0,1,67,0,0,66
May,1901,7.9,-1.3,3.3,67,-9999.0,13,27,455,0,10,33,62,0,68
Jun,1901,7.9,-1.1,3.4,118,-9999.0,9,29,438,0,9,56,64,0,69
Jul,1901,14.7,3.3,9.0,56,-9999.0,0,123,280,0,26,4,91,35,63
Aug,1901,17.8,5.3,11.6,27,-9999.0,0,203,201,2,29,1,89,62,61
Sep,1901,6.4,0.6,3.5,100,-9999.0,11,30,435,0,16,33,32,0,80
Oct,1901,5.8,-2.1,1.9,45,-9999.0,32,23,502,0,9,16,23,0,71
Nov,1901,-0.6,-6.3,-3.4,104,-9999.0,137,3,643,0,3,70,0,0,76
Dec,1901,-4.1,-10.1,-7.1,89,-9999.0,234,0,775,0,1,79,0,0,74
Jan,1902,-6.1,-12.3,-9.2,77,-9999.0,288,0,843,0,0,71,0,0,73
Feb,1902,-4.2,-8.7,-6.5,232,-9999.0,197,0,681,0,1,215,0,0,81
Mar,1902,-4.2,-10.0,-7.1,106,-9999.0,234,0,779,0,1,105,0,0,75
Apr,1902,1.0,-7.2,-3.1,82,-9999.0,126,3,634,0,1,79,0,0,67
May,1902,5.4,-1.3,2.0,150,-9999.0,25,18,495,0,10,91,50,0,76
Jun,1902,9.2,-1.5,3.8,89,-9999.0,8,32,425,0,8,38,71,0,63
Jul,1902,12.0,1.8,6.9,109,-9999.0,1,73,346,0,21,15,79,0,66
Aug,1902,14.0,2.8,8.4,63,-9999.0,0,107,300,0,24,5,75,13,63
Sep,1902,8.6,-0.9,3.9,56,-9999.0,9,33,424,0,11,17,41,0,67
Oct,1902,5.1,-3.1,1.0,40,-9999.0,43,18,529,0,6,19,23,0,70
Nov,1902,-5.0,-10.3,-7.7,143,-9999.0,231,1,770,0,1,132,0,0,77
Dec,1902,-6.8,-12.9,-9.8,182,-9999.0,301,0,859,0,0,176,0,0,74
Jan,1903,-5.7,-10.9,-8.3,168,-9999.0,262,0,815,0,1,150,0,0,77
Feb,1903,-9.4,-18.4,-13.9,19,-9999.0,390,0,888,0,0,19,0,0,60
Mar,1903,-7.4,-14.9,-11.1,191,-9999.0,348,0,905,0,0,191,0,0,67
Apr,1903,-0.5,-8.3,-4.4,55,-9999.0,159,2,673,0,1,54,0,0,68
May,1903,5.5,-3.4,1.0,49,-9999.0,38,13,526,0,5,33,54,6,67
Jun,1903,13.4,2.9,8.1,125,-9999.0,1,101,297,0,24,9,85,0,66
Jul,1903,11.5,3.0,7.3,162,-9999.0,1,81,334,0,26,20,74,0,72
Aug,1903,11.8,5.0,8.4,75,-9999.0,0,108,299,0,29,6,59,0,77
Sep,1903,4.6,0.2,2.4,139,-9999.0,16,21,467,0,15,58,26,0,84
Oct,1903,3.1,-3.1,0.0,59,-9999.0,58,13,559,0,7,36,19,0,76
Nov,1903,-3.8,-9.7,-6.8,120,-9999.0,212,1,742,0,1,107,0,0,75
Dec,1903,-4.1,-9.3,-6.7,83,-9999.0,223,1,763,0,1,72,0,0,73
Jan,1904,-5.1,-11.7,-8.4,142,-9999.0,265,0,818,0,1,128,0,0,71
Feb,1904,-7.1,-13.7,-10.4,310,-9999.0,295,0,792,0,0,307,0,0,71
Mar,1904,-6.5,-13.2,-9.8,183,-9999.0,308,0,865,0,0,183,0,0,70
Apr,1904,2.3,-6.9,-2.3,93,-9999.0,106,3,610,0,1,87,0,0,64
May,1904,5.7,-3.6,1.1,43,-9999.0,38,13,525,0,4,29,56,13,66
Jun,1904,10.0,-0.9,4.5,100,-9999.0,5,40,404,0,10,35,75,0,63
Jul,1904,14.7,3.8,9.2,28,-9999.0,0,130,273,0,28,2,90,62,65
Aug,1904,16.1,3.8,9.9,42,-9999.0,0,151,252,1,27,2,83,42,61
Sep,1904,10.5,0.5,5.5,6,-9999.0,5,54,375,1,16,1,46,39,66
Oct,1904,3.7,-2.7,0.5,101,-9999.0,51,15,546,0,7,56,19,0,76
Nov,1904,0.4,-5.6,-2.6,63,-9999.0,117,4,619,0,3,38,0,0,75
Dec,1904,-4.7,-9.5,-7.1,98,-9999.0,234,0,775,0,1,87,0,0,78
Jan,1905,-5.8,-11.0,-8.4,107,-9999.0,265,0,818,0,1,96,0,0,77
Feb,1905,-7.8,-15.7,-11.7,37,-9999.0,331,0,829,0,0,37,0,0,65
Mar,1905,-1.1,-7.5,-4.3,96,-9999.0,161,1,693,0,1,92,0,0,73
Apr,1905,2.0,-7.3,-2.7,50,-9999.0,114,3,619,0,1,47,0,0,63
May,1905,4.7,-3.7,0.5,113,-9999.0,47,11,541,0,4,80,51,0,69
Jun,1905,9.8,0.3,5.0,109,-9999.0,4,46,389,0,15,32,71,0,68
Jul,1905,15.8,3.8,9.8,56,-9999.0,0,146,255,1,27,3,96,40,62
Aug,1905,14.5,3.9,9.2,28,-9999.0,0,129,274,1,27,2,75,48,66
Sep,1905,8.0,1.8,4.9,125,-9999.0,6,45,392,0,20,29,35,0,79
Oct,1905,-1.2,-5.9,-3.5,127,-9999.0,139,5,670,0,3,118,0,0,80
Nov,1905,-3.4,-9.4,-6.4,79,-9999.0,205,1,732,0,1,69,0,0,75
Dec,1905,-4.8,-11.1,-8.0,61,-9999.0,257,0,801,0,1,56,0,0,79
Jan,1906,-5.2,-10.8,-8.0,130,-9999.0,256,0,807,0,1,115,0,0,75
Feb,1906,-4.7,-9.4,-7.0,145,-9999.0,212,0,697,0,1,137,0,0,79
Mar,1906,-4.2,-12.2,-8.2,79,-9999.0,260,0,814,0,0,79,0,0,66
Apr,1906,4.4,-5.7,-0.7,23,-9999.0,69,6,560,0,2,20,0,0,62
May,1906,5.5,-1.5,2.0,131,-9999.0,25,17,496,0,9,80,51,0,74
Jun,1906,8.0,-0.6,3.7,101,-9999.0,8,31,430,0,11,45,64,0,70
Jul,1906,18.6,6.5,12.6,32,-9999.0,0,235,169,2,30,0,106,74,62
Aug,1906,14.5,3.9,9.2,1,-9999.0,0,128,275,1,27,0,75,75,66
Sep,1906,8.9,1.3,5.1,53,-9999.0,5,47,388,0,18,12,39,0,74
Oct,1906,3.7,-2.1,0.8,96,-9999.0,46,17,536,0,9,48,19,0,78
Nov,1906,-3.9,-10.2,-7.0,213,-9999.0,217,1,751,0,1,192,0,0,73
Dec,1906,-4.4,-10.1,-7.3,141,-9999.0,238,0,779,0,1,126,0,0,73
Jan,1907,-14.0,-22.0,-18.0,208,-9999.0,558,0,1113,0,0,207,0,0,63
Feb,1907,-5.4,-11.9,-8.6,139,-9999.0,247,0,741,0,0,136,0,0,72
Mar,1907,-5.4,-11.7,-8.6,149,-9999.0,268,0,825,0,0,149,0,0,73
Apr,1907,0.0,-9.3,-4.7,33,-9999.0,164,1,679,0,1,32,0,0,62
May,1907,6.3,-3.5,1.4,115,-9999.0,33,14,515,0,5,76,58,0,64
Jun,1907,8.8,-0.3,4.2,134,-9999.0,6,36,413,0,12,51,67,0,69
Jul,1907,14.7,3.4,9.0,46,-9999.0,0,124,279,0,27,3,91,45,64
Aug,1907,9.6,3.0,6.3,136,-9999.0,1,63,364,0,25,21,53,0,77
Sep,1907,7.7,1.7,4.7,126,-9999.0,6,42,400,0,19,31,34,0,79
Oct,1907,5.4,-1.9,1.8,29,-9999.0,33,23,505,0,9,10,22,0,73
Nov,1907,-2.0,-7.6,-4.8,68,-9999.0,170,2,684,0,2,53,0,0,77
Dec,1907,-4.3,-10.1,-7.2,120,-9999.0,236,0,777,0,1,107,0,0,75
Jan,1908,-5.3,-13.0,-9.2,116,-9999.0,287,0,841,0,0,107,0,0,67
Feb,1908,-6.6,-13.4,-10.0,170,-9999.0,283,0,780,0,0,168,0,0,70
Mar,1908,-4.5,-11.6,-8.1,103,-9999.0,258,0,810,0,0,102,0,0,70
Apr,1908,1.1,-7.6,-3.3,45,-9999.0,129,2,637,0,1,43,0,0,65
May,1908,4.3,-3.3,0.5,110,-9999.0,48,10,542,0,5,78,49,0,72
Jun,1908,10.4,0.1,5.2,66,-9999.0,4,48,383,0,14,18,75,9,66
Jul,1908,15.5,4.4,10.0,38,-9999.0,0,152,250,1,29,2,93,55,65
Aug,1908,14.0,3.8,8.9,78,-9999.0,0,120,284,1,27,6,73,0,67
Sep,1908,9.3,0.5,4.9,38,-9999.0,6,45,394,0,16,9,42,3,70
Oct,1908,2.1,-3.6,-0.8,88,-9999.0,74,11,584,0,6,64,0,0,78
Nov,1908,-0.2,-7.8,-4.0,37,-9999.0,151,2,660,0,2,27,0,0,68
Dec,1908,-6.8,-14.1,-10.4,110,-9999.0,326,0,878,0,0,107,0,0,75
Jan,1909,-12.4,-19.2,-15.8,197,-9999.0,492,0,1046,0,0,196,0,0,69
Feb,1909,-6.6,-12.0,-9.3,281,-9999.0,261,0,761,0,0,276,0,0,76
Mar,1909,-2.8,-10.9,-6.8,40,-9999.0,228,1,771,0,0,39,0,0,66
Apr,1909,-1.0,-9.2,-5.1,28,-9999.0,175,1,692,0,1,28,0,0,66
May,1909,4.6,-3.7,0.5,84,-9999.0,48,10,543,0,4,59,51,0,69
Jun,1909,10.6,0.3,5.4,101,-9999.0,3,51,378,0,14,26,76,0,65
Jul,1909,12.7,3.0,7.9,149,-9999.0,1,95,315,0,26,14,80,0,68
Aug,1909,13.6,2.9,8.2,38,-9999.0,0,103,305,0,25,3,73,35,65
Sep,1909,10.3,2.4,6.4,97,-9999.0,3,68,349,1,21,15,42,0,73
Oct,1909,2.3,-2.6,-0.1,99,-9999.0,61,13,564,0,8,63,0,0,81
Nov,1909,-3.3,-8.7,-6.0,101,-9999.0,197,1,720,0,1,86,0,0,77
Dec,1909,-8.5,-15.0,-11.8,63,-9999.0,366,0,919,0,0,62,0,0,68
Jan,1910,-6.8,-13.1,-10.0,83,-9999.0,312,0,867,0,0,78,0,0,72
Feb,1910,-9.2,-16.7,-12.9,147,-9999.0,364,0,862,0,0,146,0,0,66
Mar,1910,-0.1,-7.5,-3.8,77,-9999.0,148,2,677,0,1,73,0,0,69
Apr,1910,3.8,-5.7,-0.9,32,-9999.0,74,6,567,0,2,28,0,0,64
May,1910,8.1,-2.5,2.8,63,-9999.0,17,23,471,0,7,34,65,2,63
Jun,1910,10.1,-0.4,4.8,90,-9999.0,5,43,395,0,12,28,74,0,64
Jul,1910,15.7,3.1,9.4,28,-9999.0,0,135,267,0,26,1,97,69,60
Aug,1910,11.4,2.2,6.8,54,-9999.0,1,72,349,0,22,7,64,10,69
Sep,1910,9.0,0.9,5.0,53,-9999.0,6,46,391,0,17,12,40,0,72
Oct,1910,2.3,-2.4,-0.1,103,-9999.0,60,13,562,0,8,64,0,0,82
Nov,1910,-3.2,-8.0,-5.6,108,-9999.0,188,1,707,0,2,90,0,0,79
Dec,1910,-4.2,-9.1,-6.7,184,-9999.0,222,1,761,0,1,159,0,0,71
Jan,1911,-11.0,-18.0,-14.5,190,-9999.0,451,0,1006,0,0,188,0,0,68
Feb,1911,-9.8,-18.3,-14.1,116,-9999.0,396,0,894,0,0,116,0,0,62
Mar,1911,-2.0,-10.3,-6.2,59,-9999.0,212,1,752,0,1,58,0,0,65
Apr,1911,0.7,-9.2,-4.2,32,-9999.0,154,2,667,0,1,31,0,0,60
May,1911,4.1,-3.7,0.2,104,-9999.0,54,9,552,0,4,75,49,0,71
Jun,1911,10.4,0.1,5.3,112,-9999.0,4,49,383,0,14,30,75,0,65
Jul,1911,14.3,3.5,8.9,42,-9999.0,0,121,283,0,27,3,88,46,65
Aug,1911,12.5,2.9,7.7,60,-9999.0,0,91,321,0,25,6,68,8,68
Sep,1911,6.8,0.6,3.7,85,-9999.0,10,31,430,0,16,27,33,0,78
Oct,1911,3.4,-5.2,-0.9,17,-9999.0,77,10,588,0,3,12,0,0,67
Nov,1911,-7.6,-13.5,-10.6,219,-9999.0,317,0,857,0,0,213,0,0,74
Dec,1911,-7.0,-12.9,-10.0,151,-9999.0,304,0,864,0,0,146,0,0,79
Jan,1912,-8.7,-15.0,-11.8,185,-9999.0,369,0,924,0,0,179,0,0,72
Feb,1912,-5.8,-10.7,-8.3,154,-9999.0,240,0,731,0,0,149,0,0,78
Mar,1912,-5.7,-15.2,-10.5,6,-9999.0,328,0,884,0,0,6,0,0,60
Apr,1912,-0.1,-7.1,-3.6,85,-9999.0,137,2,647,0,1,82,0,0,71
May,1912,6.1,-2.5,1.8,33,-9999.0,27,16,502,0,7,20,56,23,69
Jun,1912,12.4,1.7,7.0,72,-9999.0,2,78,329,0,20,9,82,11,65
Jul,1912,10.9,3.5,7.2,93,-9999.0,1,80,336,0,27,11,68,0,75
Aug,1912,10.1,3.8,6.9,81,-9999.0,1,75,345,0,27,11,53,0,79
Sep,1912,6.6,-1.6,2.5,63,-9999.0,16,22,464,0,9,26,36,0,71
Oct,1912,-0.3,-5.1,-2.7,87,-9999.0,119,6,645,0,3,78,0,0,80
Nov,1912,-3.1,-8.2,-5.6,107,-9999.0,189,1,709,0,2,89,0,0,78
Dec,1912,-5.4,-11.3,-8.3,101,-9999.0,267,0,813,0,1,94,0,0,74
Jan,1913,-10.2,-17.4,-13.8,188,-9999.0,429,0,984,0,0,186,0,0,67
Feb,1913,-9.9,-18.3,-14.1,68,-9999.0,397,0,895,0,0,68,0,0,62
Mar,1913,-6.9,-13.9,-10.4,46,-9999.0,324,0,881,0,0,46,0,0,69
Apr,1913,1.6,-7.7,-3.1,27,-9999.0,124,3,632,0,1,25,0,0,63
May,1913,5.1,-2.7,1.2,81,-9999.0,36,13,522,0,6,54,51,0,71
Jun,1913,9.4,0.8,5.1,205,-9999.0,4,46,388,0,16,59,68,0,71
Jul,1913,12.4,2.7,7.6,61,-9999.0,1,87,325,0,25,7,79,18,68
Aug,1913,13.4,4.5,8.9,74,-9999.0,0,121,283,1,28,5,68,0,71
Sep,1913,8.8,-0.8,4.0,60,-9999.0,9,34,421,0,12,18,42,0,67
Oct,1913,0.4,-4.7,-2.2,136,-9999.0,106,7,627,0,4,116,0,0,79
Nov,1913,-3.1,-8.8,-6.0,55,-9999.0,196,1,719,0,1,47,0,0,76
Dec,1913,-4.6,-10.9,-7.8,2,-9999.0,252,0,795,0,1,1,0,0,74
Jan,1914,-4.3,-9.2,-6.8,255,-9999.0,225,1,768,0,1,209,0,0,79
Feb,1914,-7.6,-13.1,-10.4,84,-9999.0,293,0,790,0,0,83,0,0,75
Mar,1914,-2.0,-9.8,-5.9,73,-9999.0,205,1,743,0,1,72,0,0,67
Apr,1914,2.1,-5.9,-1.9,69,-9999.0,96,4,597,0,2,63,0,0,68
May,1914,6.8,-2.6,2.1,64,-9999.0,24,18,492,0,6,39,59,0,66
Jun,1914,9.1,0.2,4.6,77,-9999.0,5,40,402,0,14,26,68,0,70
Jul,1914,15.7,4.2,9.9,26,-9999.0,0,151,250,1,28,1,94,69,63
Aug,1914,15.9,3.5,9.7,6,-9999.0,0,143,260,1,26,0,83,77,60
Sep,1914,7.3,1.2,4.3,151,-9999.0,8,37,413,0,18,42,33,0,79
Oct,1914,3.2,-1.7,0.7,99,-9999.0,47,17,537,0,10,51,17,0,81
Nov,1914,-2.0,-7.1,-4.5,112,-9999.0,163,2,675,0,2,85,0,0,78
Dec,1914,-8.6,-15.8,-12.2,43,-9999.0,380,0,932,0,0,42,0,0,73
Jan,1915,-7.4,-14.0,-10.7,79,-9999.0,334,0,889,0,0,76,0,0,71
Feb,1915,-4.3,-9.3,-6.8,39,-9999.0,206,0,690,0,1,36,0,0,78
Mar,1915,-0.1,-8.8,-4.4,74,-9999.0,164,1,697,0,1,71,0,0,64
Apr,1915,4.3,-4.9,-0.3,74,-9999.0,62,7,549,0,3,60,0,0,65
May,1915,3.9,-1.8,1.1,169,-9999.0,38,13,525,0,8,115,43,0,79
Jun,1915,8.7,-0.3,4.2,94,-9999.0,6,36,413,0,12,36,67,0,69
Jul,1915,12.2,3.4,7.8,125,-9999.0,1,94,316,0,27,12,76,0,71
Aug,1915,17.5,5.8,11.7,19,-9999.0,0,207,198,2,30,1,86,67,63
Sep,1915,7.7,0.1,3.9,69,-9999.0,9,33,424,0,14,21,37,0,74
Oct,1915,3.6,-1.5,1.0,109,-9999.0,42,18,528,0,10,51,18,0,81
Nov,1915,-5.3,-10.4,-7.9,99,-9999.0,237,1,776,0,1,91,0,0,78
Dec,1915,-5.5,-11.8,-8.6,145,-9999.0,274,0,822,0,0,137,0,0,68
Jan,1916,-15.6,-24.2,-19.9,125,-9999.0,617,0,1172,0,0,125,0,0,60
Feb,1916,-8.2,-14.0,-11.1,186,-9999.0,314,1,811,0,0,185,0,0,74
Mar,1916,-2.9,-8.9,-5.9,105,-9999.0,204,3,742,0,1,103,0,0,74
Apr,1916,1.2,-6.9,-2.9,46,-9999.0,119,6,626,0,1,44,0,0,68
May,1916,3.8,-4.4,-0.3,71,-9999.0,64,8,567,0,3,53,0,0,69
Jun,1916,9.4,-0.2,4.6,113,-9999.0,5,40,402,0,13,38,70,0,68
Jul,1916,11.2,2.7,7.0,101,-9999.0,1,76,342,0,25,13,73,0,72
Aug,1916,14.7,3.2,8.9,46,-9999.0,0,121,284,1,25,3,78,31,63
Sep,1916,9.5,0.2,4.8,32,-9999.0,6,44,396,0,15,8,43,11,69
Oct,1916,4.0,-5.4,-0.7,9,-9999.0,72,11,582,0,3,7,0,0,64
Nov,1916,-5.2,-11.7,-8.4,76,-9999.0,254,1,792,0,0,71,0,0,72
Dec,1916,-9.7,-16.5,-13.1,148,-9999.0,408,0,961,0,0,147,0,0,73
Jan,1917,-8.3,-14.9,-11.6,64,-9999.0,363,0,917,0,0,62,0,0,71
Feb,1917,-9.9,-15.0,-12.4,153,-9999.0,350,0,848,0,0,152,0,0,77
Mar,1917,-7.7,-14.9,-11.3,97,-9999.0,353,0,910,0,0,97,0,0,68
Apr,1917,-2.3,-8.8,-5.5,107,-9999.0,185,1,705,0,1,106,0,0,73
May,1917,4.3,-2.8,0.8,107,-9999.0,43,11,535,0,6,75,48,0,74
Jun,1917,8.5,-1.0,3.7,84,-9999.0,8,31,428,0,10,37,67,0,67
Jul,1917,17.0,4.0,10.5,23,-9999.0,0,168,233,1,28,1,102,80,59
Aug,1917,16.5,4.3,10.4,21,-9999.0,0,164,238,1,28,1,84,63,61
Sep,1917,10.3,1.2,5.8,74,-9999.0,4,58,368,1,18,14,44,0,70
Oct,1917,4.8,-2.7,1.0,58,-9999.0,42,18,528,0,7,27,22,0,72
Nov,1917,-0.2,-5.1,-2.7,29,-9999.0,118,3,620,0,4,18,0,0,79
Dec,1917,-5.4,-11.3,-8.3,314,-9999.0,267,0,813,0,1,292,0,0,70
Jan,1918,-5.8,-10.9,-8.3,184,-9999.0,263,0,817,0,1,164,0,0,78
Feb,1918,-8.2,-14.9,-11.6,132,-9999.0,326,0,824,0,0,132,0,0,70
Mar,1918,-3.9,-10.2,-7.0,85,-9999.0,234,0,778,0,1,85,0,0,73
Apr,1918,2.6,-8.7,-3.1,13,-9999.0,124,3,631,0,1,13,0,0,56
May,1918,4.8,-3.9,0.4,32,-9999.0,49,10,545,0,4,23,52,20,68
Jun,1918,12.8,1.1,7.0,64,-9999.0,2,77,332,0,18,8,86,21,62
Jul,1918,14.6,4.9,9.8,73,-9999.0,0,145,257,0,29,3,86,13,68
Aug,1918,11.6,3.6,7.6,89,-9999.0,0,88,325,0,26,10,61,0,73
Sep,1918,13.7,2.1,7.9,12,-9999.0,2,101,303,1,20,1,54,42,63
Oct,1918,3.7,-0.9,1.4,163,-9999.0,37,20,516,0,12,67,17,0,83
Nov,1918,-3.2,-8.8,-6.0,106,-9999.0,197,1,719,0,1,90,0,0,76
Dec,1918,-5.2,-11.1,-8.1,103,-9999.0,261,0,807,0,1,95,0,0,74
Jan,1919,-4.1,-10.3,-7.2,86,-9999.0,236,0,782,0,1,72,0,0,73
Feb,1919,-8.3,-14.1,-11.2,236,-9999.0,315,0,813,0,0,234,0,0,74
Mar,1919,-5.6,-12.8,-9.2,130,-9999.0,280,0,845,0,0,130,0,0,69
Apr,1919,2.2,-6.8,-2.3,49,-9999.0,106,3,610,0,1,46,0,0,65
May,1919,5.5,-2.9,1.3,61,-9999.0,34,14,517,0,6,40,54,0,69
Jun,1919,10.4,-1.7,4.3,41,-9999.0,6,37,411,0,7,15,78,37,59
Jul,1919,16.6,3.8,10.2,31,-9999.0,0,158,243,1,28,1,101,70,60
Aug,1919,15.8,5.0,10.4,43,-9999.0,0,167,236,1,29,2,79,37,65
Sep,1919,9.4,1.3,5.3,79,-9999.0,5,51,380,1,18,16,41,0,73
Oct,1919,-0.2,-5.7,-2.9,109,-9999.0,124,5,651,0,3,99,0,0,77
Nov,1919,-5.8,-10.8,-8.3,156,-9999.0,250,0,788,0,1,146,0,0,78
Dec,1919,-7.6,-14.8,-11.2,68,-9999.0,348,0,901,0,0,66,0,0,74
Jan,1920,-5.7,-12.4,-9.0,108,-9999.0,283,0,838,0,0,99,0,0,71
Feb,1920,-5.0,-13.3,-9.1,23,-9999.0,258,0,755,0,0,22,0,0,64
Mar,1920,-4.3,-10.7,-7.5,94,-9999.0,245,0,792,0,0,94,0,0,72
Apr,1920,-2.4,-8.7,-5.5,121,-9999.0,185,1,705,0,1,120,0,0,73
May,1920,4.3,-4.3,0.0,33,-9999.0,58,9,558,0,3,24,0,0,68
Jun,1920,8.7,-0.9,3.9,72,-9999.0,7,33,424,0,10,31,68,0,67
Jul,1920,17.0,4.9,11.0,47,-9999.0,0,183,219,1,29,1,100,54,62
Aug,1920,15.0,4.8,9.9,31,-9999.0,0,150,252,1,29,2,76,45,67
Sep,1920,7.7,1.3,4.5,139,-9999.0,7,40,406,0,18,36,35,0,78
Oct,1920,0.3,-3.6,-1.7,131,-9999.0,94,8,613,0,5,107,0,0,84
Nov,1920,-3.0,-8.5,-5.8,87,-9999.0,192,1,712,0,1,73,0,0,77
Dec,1920,-4.5,-9.3,-6.9,115,-9999.0,227,0,767,0,1,100,0,0,68
Jan,1921,-5.6,-12.1,-8.8,167,-9999.0,274,0,832,0,1,152,0,0,71
Feb,1921,-5.3,-11.4,-8.4,104,-9999.0,242,0,734,0,0,101,0,0,73
Mar,1921,-3.9,-10.2,-7.0,117,-9999.0,234,0,778,0,1,116,0,0,73
Apr,1921,-1.2,-8.2,-4.7,112,-9999.0,166,1,681,0,1,110,0,0,71
May,1921,6.7,-2.9,1.9,19,-9999.0,27,17,500,0,6,12,59,40,66
Jun,1921,10.3,1.4,5.8,118,-9999.0,3,57,365,0,19,25,71,0,70
Jul,1921,14.7,3.0,8.8,23,-9999.0,0,119,285,0,26,2,92,69,62
Aug,1921,14.2,4.4,9.3,39,-9999.0,0,133,271,1,28,2,73,34,68
Sep,1921,5.6,-0.5,2.6,62,-9999.0,15,22,463,0,13,25,31,0,78
Oct,1921,4.9,-2.3,1.3,66,-9999.0,38,20,519,0,8,28,22,0,74
Nov,1921,-4.1,-9.3,-6.7,154,-9999.0,212,1,742,0,1,137,0,0,78
Dec,1921,-8.2,-14.7,-11.5,102,-9999.0,357,0,909,0,0,100,0,0,79
Jan,1922,-9.3,-16.5,-12.9,68,-9999.0,401,0,956,0,0,67,0,0,68
Feb,1922,-11.2,-19.3,-15.2,132,-9999.0,428,0,926,0,0,131,0,0,64
Mar,1922,-5.9,-12.8,-9.4,141,-9999.0,284,0,850,0,0,141,0,0,70
Apr,1922,-0.9,-9.2,-5.1,88,-9999.0,174,1,692,0,1,87,0,0,66
May,1922,4.9,-4.5,0.2,31,-9999.0,53,10,551,0,3,23,54,22,65
Jun,1922,13.9,1.3,7.6,18,-9999.0,1,90,312,0,18,2,91,73,59
Jul,1922,16.1,3.8,10.0,7,-9999.0,0,152,250,1,28,0,98,91,61
Aug,1922,14.7,5.3,10.0,103,-9999.0,0,152,250,1,29,5,73,0,69
Sep,1922,10.8,2.1,6.5,84,-9999.0,3,70,346,1,20,13,44,0,71
Oct,1922,3.9,-2.1,0.9,148,-9999.0,45,17,533,0,9,73,19,0,78
Nov,1922,-4.2,-9.3,-6.8,29,-9999.0,212,1,742,0,1,26,0,0,78
Dec,1922,-10.0,-15.8,-12.9,159,-9999.0,400,0,953,0,0,158,0,0,71
Jan,1923,-5.3,-11.1,-8.2,180,-9999.0,261,0,813,0,1,160,0,0,75
Feb,1923,-8.4,-16.4,-12.4,58,-9999.0,349,0,847,0,0,58,0,0,65
Mar,1923,-4.0,-12.0,-8.0,59,-9999.0,256,0,807,0,0,59,0,0,66
Apr,1923,1.9,-7.8,-3.0,64,-9999.0,121,3,628,0,1,61,0,0,62
May,1923,5.6,-2.6,1.5,106,-9999.0,31,15,511,0,6,69,54,0,70
Jun,1923,9.3,0.9,5.1,239,-9999.0,4,46,387,0,17,68,67,0,71
Jul,1923,15.8,4.9,10.4,64,-9999.0,0,165,237,1,29,2,93,30,65
Aug,1923,14.6,4.4,9.5,65,-9999.0,0,137,266,1,28,4,75,9,67
Sep,1923,11.3,0.4,5.9,38,-9999.0,4,59,364,1,15,7,48,10,64
Oct,1923,3.7,-3.6,0.0,95,-9999.0,58,13,559,0,6,58,20,0,72
Nov,1923,-2.1,-7.7,-4.9,61,-9999.0,173,2,687,0,2,48,0,0,77
Dec,1923,-4.8,-11.3,-8.1,157,-9999.0,259,0,804,0,1,145,0,0,74
Jan,1924,-8.0,-14.3,-11.2,141,-9999.0,349,0,903,0,0,136,0,0,72
Feb,1924,-1.3,-7.6,-4.5,113,-9999.0,149,1,625,0,1,93,0,0,74
Mar,1924,-3.8,-11.6,-7.7,45,-9999.0,250,0,799,0,0,45,0,0,67
Apr,1924,0.4,-8.1,-3.9,18,-9999.0,144,2,655,0,1,17,0,0,65
May,1924,10.0,-2.1,4.0,16,-9999.0,10,34,435,1,8,7,73,57,59
Jun,1924,11.3,0.2,5.7,66,-9999.0,3,55,368,0,14,15,79,13,63
Jul,1924,16.5,4.3,10.4,35,-9999.0,0,165,237,1,28,1,99,64,61
Aug,1924,13.6,4.2,8.9,75,-9999.0,0,120,284,1,28,5,70,0,69
Sep,1924,10.8,1.6,6.2,46,-9999.0,3,65,355,1,19,8,45,0,69
Oct,1924,2.8,-2.3,0.3,136,-9999.0,54,14,552,0,8,79,17,0,81
Nov,1924,-5.0,-9.9,-7.5,90,-9999.0,226,1,764,0,1,82,0,0,79
Dec,1924,-9.1,-16.5,-12.8,168,-9999.0,398,0,950,0,0,167,0,0,72
Jan,1925,-5.8,-12.8,-9.3,218,-9999.0,291,0,846,0,0,202,0,0,70
Feb,1925,-4.0,-8.6,-6.3,117,-9999.0,193,0,676,0,1,108,0,0,80
Mar,1925,-2.3,-9.0,-5.7,55,-9999.0,198,1,736,0,1,54,0,0,72
Apr,1925,2.9,-7.1,-2.1,52,-9999.0,100,4,602,0,1,48,0,0,62
May,1925,9.0,-1.9,3.6,28,-9999.0,12,29,448,0,8,13,68,40,62
Jun,1925,11.4,1.0,6.2,86,-9999.0,2,63,353,0,17,15,78,0,65
Jul,1925,17.1,5.2,11.1,24,-9999.0,0,189,213,1,30,1,100,76,63
Aug,1925,12.9,3.9,8.4,38,-9999.0,0,107,299,0,27,3,67,29,70
Sep,1925,9.1,1.1,5.1,38,-9999.0,5,48,387,0,18,8,40,2,73
Oct,1925,2.9,-5.2,-1.1,64,-9999.0,82,9,595,0,3,49,0,0,69
Nov,1925,-3.0,-9.0,-6.0,60,-9999.0,197,1,720,0,1,51,0,0,74
Dec,1925,-2.3,-6.5,-4.4,168,-9999.0,159,1,691,0,3,116,0,0,67
Jan,1926,-5.7,-10.5,-8.1,134,-9999.0,257,0,809,0,1,118,0,0,79
Feb,1926,-3.1,-8.4,-5.8,157,-9999.0,181,1,662,0,1,141,0,0,77
Mar,1926,0.1,-9.5,-4.7,48,-9999.0,172,1,705,0,1,46,0,0,61
Apr,1926,4.3,-6.1,-0.9,46,-9999.0,74,6,568,0,2,39,0,0,61
May,1926,5.5,-2.4,1.6,90,-9999.0,31,15,510,0,7,58,53,0,71
Jun,1926,12.0,1.2,6.6,60,-9999.0,2,69,343,0,18,9,81,21,64
Jul,1926,17.4,5.2,11.3,17,-9999.0,0,194,209,1,30,0,102,85,62
Aug,1926,13.0,4.1,8.5,76,-9999.0,0,111,296,0,27,6,67,0,71
Sep,1926,6.2,-1.6,2.3,90,-9999.0,17,20,471,0,9,39,35,0,72
Oct,1926,3.1,-2.3,0.4,115,-9999.0,52,15,548,0,8,65,18,0,80
Nov,1926,-2.4,-6.9,-4.7,118,-9999.0,167,2,680,0,2,91,0,0,81
Dec,1926,-5.8,-12.1,-8.9,154,-9999.0,281,0,831,0,0,145,0,0,82
Jan,1927,-7.6,-13.3,-10.5,128,-9999.0,327,0,882,0,0,122,0,0,74
Feb,1927,-7.3,-13.2,-10.2,129,-9999.0,289,0,786,0,0,127,0,0,74
Mar,1927,-3.5,-10.7,-7.1,57,-9999.0,235,0,780,0,0,57,0,0,69
Apr,1927,0.2,-8.9,-4.4,38,-9999.0,157,2,671,0,1,37,0,0,63
May,1927,3.6,-4.0,-0.2,66,-9999.0,61,8,563,0,4,48,0,0,71
Jun,1927,10.8,1.8,6.3,67,-9999.0,2,65,351,0,20,12,73,6,70
Jul,1927,14.9,4.7,9.8,47,-9999.0,0,146,256,1,29,2,88,41,67
Aug,1927,14.7,4.9,9.8,103,-9999.0,0,148,255,1,29,5,74,0,68
Sep,1927,7.0,2.3,4.6,221,-9999.0,7,42,401,0,21,56,30,0,84
Oct,1927,1.9,-1.5,0.2,132,-9999.0,56,14,555,0,10,78,14,0,87
Nov,1927,-5.3,-9.8,-7.6,202,-9999.0,228,1,766,0,1,186,0,0,80
Dec,1927,-9.9,-16.9,-13.4,253,-9999.0,417,0,970,0,0,251,0,0,72
Jan,1928,-6.2,-11.2,-8.7,132,-9999.0,271,0,827,0,1,120,0,0,78
Feb,1928,-5.3,-12.5,-8.9,42,-9999.0,253,0,749,0,0,41,0,0,69
Mar,1928,-2.1,-9.4,-5.8,111,-9999.0,202,1,739,0,1,109,0,0,69
Apr,1928,-0.9,-8.0,-4.5,91,-9999.0,159,2,673,0,1,89,0,0,70
May,1928,9.4,-1.4,4.0,55,-9999.0,9,34,434,1,9,22,70,14,63
Jun,1928,10.0,1.2,5.6,137,-9999.0,3,53,372,0,18,32,70,0,70
Jul,1928,16.0,5.1,10.5,54,-9999.0,0,169,232,1,29,2,94,40,65
Aug,1928,14.6,3.6,9.1,16,-9999.0,0,127,277,1,26,1,77,61,64
Sep,1928,12.2,0.6,6.4,4,-9999.0,3,69,349,1,16,1,51,47,62
Oct,1928,1.8,-4.1,-1.2,80,-9999.0,83,9,597,0,5,62,0,0,77
Nov,1928,-3.0,-9.2,-6.1,63,-9999.0,199,1,722,0,1,54,0,0,74
Dec,1928,-5.7,-12.2,-9.0,67,-9999.0,281,0,832,0,0,64,0,0,69
Jan,1929,-11.5,-18.7,-15.1,163,-9999.0,470,0,1025,0,0,162,0,0,67
Feb,1929,-10.3,-19.4,-14.8,52,-9999.0,417,0,916,0,0,52,0,0,60
Mar,1929,-2.4,-9.8,-6.1,79,-9999.0,210,1,750,0,1,78,0,0,69
Apr,1929,-0.7,-9.2,-5.0,63,-9999.0,173,1,689,0,1,63,0,0,65
May,1929,6.9,-3.3,1.8,42,-9999.0,27,16,502,0,5,26,61,18,64
Jun,1929,9.2,0.6,4.9,96,-9999.0,4,44,393,0,16,29,67,0,71
Jul,1929,15.5,2.8,9.2,7,-9999.0,0,129,274,0,25,0,97,90,60
Aug,1929,15.7,4.8,10.3,46,-9999.0,0,161,242,1,29,2,80,34,65
Sep,1929,8.9,-0.2,4.4,30,-9999.0,7,39,409,0,14,8,41,12,69
Oct,1929,4.1,-3.3,0.4,79,-9999.0,52,15,547,0,6,44,21,0,72
Nov,1929,-3.1,-9.9,-6.5,39,-9999.0,207,1,735,0,1,34,0,0,71
Dec,1929,-5.0,-9.8,-7.4,189,-9999.0,242,0,784,0,1,170,0,0,71
Jan,1930,-15.6,-23.1,-19.4,107,-9999.0,601,0,1156,0,0,107,0,0,65
Feb,1930,-4.4,-11.2,-7.8,122,-9999.0,229,2,717,0,0,117,0,0,71
Mar,1930,-3.0,-11.1,-7.1,99,-9999.0,234,2,779,0,0,98,0,0,66
Apr,1930,4.5,-5.5,-0.5,74,-9999.0,66,12,555,0,2,61,0,0,63
May,1930,4.3,-3.6,0.3,98,-9999.0,51,10,547,0,4,70,49,0,70
Jun,1930,9.0,-0.1,4.5,70,-9999.0,6,39,406,0,13,25,68,0,69
Jul,1930,15.6,3.9,9.7,23,-9999.0,0,145,257,0,28,1,95,72,63
Aug,1930,15.6,4.9,10.3,28,-9999.0,0,161,241,1,29,1,79,51,66
Sep,1930,10.0,1.7,5.9,44,-9999.0,4,59,364,1,19,8,42,0,72
Oct,1930,0.9,-3.4,-1.3,107,-9999.0,85,9,599,0,6,83,0,0,83
Nov,1930,-5.1,-9.8,-7.4,79,-9999.0,224,2,763,0,1,72,0,0,79
Dec,1930,-5.0,-10.2,-7.6,34,-9999.0,247,2,790,0,1,31,0,0,79
Jan,1931,-3.7,-8.0,-5.8,101,-9999.0,201,1,740,0,2,76,0,0,82
Feb,1931,-5.6,-10.8,-8.2,53,-9999.0,237,0,729,0,0,51,0,0,77
Mar,1931,-2.5,-8.8,-5.6,82,-9999.0,197,1,734,0,1,80,0,0,73
Apr,1931,2.3,-6.8,-2.2,24,-9999.0,104,4,607,0,1,23,0,0,64
May,1931,7.9,-2.4,2.7,46,-9999.0,18,22,474,0,7,25,64,17,64
Jun,1931,9.6,1.0,5.3,139,-9999.0,4,49,381,0,17,37,68,0,71
Jul,1931,16.2,3.9,10.0,25,-9999.0,0,154,248,1,28,1,98,73,61
Aug,1931,16.2,3.5,9.9,18,-9999.0,0,148,254,1,26,1,85,66,60
Sep,1931,6.9,1.3,4.1,98,-9999.0,8,36,416,0,18,28,32,0,81
Oct,1931,3.0,-4.2,-0.6,88,-9999.0,70,11,578,0,5,62,0,0,72
Nov,1931,-6.0,-12.3,-9.1,101,-9999.0,274,0,813,0,0,97,0,0,73
Dec,1931,-5.7,-12.5,-9.1,145,-9999.0,286,0,838,0,0,138,0,0,77
Jan,1932,-8.6,-15.7,-12.2,127,-9999.0,379,0,934,0,0,124,0,0,69
Feb,1932,-7.1,-14.6,-10.9,97,-9999.0,307,0,804,0,0,96,0,0,67
Mar,1932,-5.5,-12.4,-9.0,207,-9999.0,276,0,838,0,0,206,0,0,70
Apr,1932,1.1,-6.4,-2.7,88,-9999.0,114,3,619,0,2,83,0,0,70
May,1932,6.2,-3.1,1.5,45,-9999.0,31,15,510,0,5,29,57,11,67
Jun,1932,12.0,1.0,6.5,37,-9999.0,2,68,345,0,17,6,82,45,64
Jul,1932,12.8,2.5,7.7,37,-9999.0,1,90,322,0,24,4,82,45,66
Aug,1932,14.4,4.6,9.5,76,-9999.0,0,137,265,1,28,4,73,0,68
Sep,1932,10.1,-0.3,4.9,41,-9999.0,6,45,393,0,13,10,45,4,65
Oct,1932,2.7,-3.4,-0.3,98,-9999.0,65,12,570,0,6,65,0,0,77
Nov,1932,-2.4,-7.3,-4.8,181,-9999.0,171,2,685,0,2,143,0,0,79
Dec,1932,-7.3,-14.7,-11.0,141,-9999.0,343,0,896,0,0,138,0,0,70
Jan,1933,-5.6,-11.8,-8.7,154,-9999.0,271,0,827,0,1,140,0,0,73
Feb,1933,-10.0,-17.6,-13.8,159,-9999.0,387,0,886,0,0,159,0,0,66
Mar,1933,-4.0,-10.7,-7.3,113,-9999.0,241,0,788,0,0,112,0,0,71
Apr,1933,1.0,-9.0,-4.0,20,-9999.0,147,2,659,0,1,19,0,0,60
May,1933,3.5,-4.3,-0.4,77,-9999.0,67,8,571,0,3,57,0,0,70
Jun,1933,10.7,-0.3,5.2,56,-9999.0,4,47,386,0,12,16,77,21,63
Jul,1933,15.7,3.1,9.4,25,-9999.0,0,136,267,0,26,1,97,72,60
Aug,1933,16.7,4.7,10.7,27,-9999.0,0,174,229,1,28,1,85,57,62
Sep,1933,6.7,0.6,3.7,121,-9999.0,10,31,430,0,16,39,33,0,79
Oct,1933,2.7,-3.2,-0.3,183,-9999.0,64,12,568,0,6,120,0,0,77
Nov,1933,-1.5,-6.5,-4.0,74,-9999.0,151,2,659,0,3,54,0,0,79
Dec,1933,-3.8,-10.5,-7.2,308,-9999.0,236,0,777,0,1,274,0,0,68
Jan,1934,-3.8,-9.7,-6.8,133,-9999.0,225,1,768,0,1,109,0,0,74
Feb,1934,-3.4,-11.0,-7.2,17,-9999.0,215,0,701,0,0,16,0,0,68
Mar,1934,-0.6,-8.5,-4.6,131,-9999.0,169,1,702,0,1,126,0,0,67
Apr,1934,6.3,-4.9,0.7,43,-9999.0,46,10,518,0,3,30,48,5,59
May,1934,8.5,-1.8,3.3,84,-9999.0,13,27,455,0,8,41,66,0,64
Jun,1934,12.1,0.0,6.0,24,-9999.0,3,60,359,0,13,5,84,60,60
Jul,1934,15.3,3.1,9.2,20,-9999.0,0,130,272,0,26,1,95,74,61
Aug,1934,15.7,3.6,9.7,38,-9999.0,0,142,260,1,26,2,82,44,61
Sep,1934,6.7,0.4,3.6,114,-9999.0,10,30,433,0,15,37,33,0,78
Oct,1934,2.9,-2.1,0.4,95,-9999.0,52,15,547,0,9,53,17,0,81
Nov,1934,-1.5,-6.5,-4.0,123,-9999.0,151,2,659,0,3,89,0,0,79
Dec,1934,-6.1,-11.3,-8.7,223,-9999.0,275,0,823,0,1,210,0,0,71
Jan,1935,-8.2,-14.5,-11.4,240,-9999.0,354,0,909,0,0,232,0,0,72
Feb,1935,-4.8,-11.3,-8.1,69,-9999.0,235,0,726,0,0,67,0,0,72
Mar,1935,-6.0,-12.5,-9.2,126,-9999.0,281,0,846,0,0,126,0,0,72
Apr,1935,-1.1,-10.5,-5.8,46,-9999.0,191,1,713,0,0,45,0,0,61
May,1935,6.1,-4.6,0.8,45,-9999.0,43,11,534,0,3,31,59,14,61
Jun,1935,10.1,-0.3,4.9,117,-9999.0,5,43,394,0,12,36,74,0,65
Jul,1935,13.3,3.5,8.4,102,-9999.0,0,107,299,0,27,8,82,0,68
Aug,1935,12.7,2.8,7.8,47,-9999.0,0,92,319,0,24,5,69,21,67
Sep,1935,11.8,1.0,6.4,21,-9999.0,3,69,348,1,17,3,49,28,64
Oct,1935,1.9,-4.7,-1.4,125,-9999.0,88,9,604,0,4,99,0,0,74
Nov,1935,-5.1,-10.7,-7.9,47,-9999.0,238,1,776,0,1,43,0,0,75
Dec,1935,-4.0,-9.0,-6.5,79,-9999.0,216,1,755,0,1,68,0,0,77
Jan,1936,-5.5,-11.4,-8.4,177,-9999.0,265,0,819,0,1,159,0,0,74
Feb,1936,-15.8,-23.7,-19.8,225,-9999.0,554,0,1054,0,0,225,0,0,63
Mar,1936,-5.4,-12.0,-8.7,73,-9999.0,271,0,830,0,0,73,0,0,71
Apr,1936,2.4,-7.5,-2.6,73,-9999.0,112,3,617,0,1,69,0,0,61
May,1936,8.6,-1.0,3.8,77,-9999.0,10,32,439,0,11,33,65,0,67
Jun,1936,10.7,1.5,6.1,149,-9999.0,2,61,358,0,19,28,73,0,69
Jul,1936,16.2,3.8,10.0,70,-9999.0,0,154,248,1,28,3,98,28,61
Aug,1936,15.6,4.2,9.9,42,-9999.0,0,150,253,1,28,2,80,38,64
Sep,1936,8.2,-0.5,3.8,53,-9999.0,9,33,425,0,13,16,39,0,70
Oct,1936,5.2,-3.6,0.8,24,-9999.0,45,17,535,0,6,12,23,0,67
Nov,1936,-4.0,-10.3,-7.1,24,-9999.0,216,1,754,0,1,22,0,0,73
Dec,1936,-5.4,-11.5,-8.5,145,-9999.0,270,0,817,0,1,135,0,0,78
Jan,1937,-15.4,-23.5,-19.4,258,-9999.0,603,0,1158,0,0,258,0,0,62
Feb,1937,-9.6,-16.9,-13.3,318,-9999.0,373,0,871,0,0,318,0,0,67
Mar,1937,-3.7,-10.6,-7.2,70,-9999.0,237,2,782,0,0,70,0,0,70
Apr,1937,-0.9,-7.6,-4.2,82,-9999.0,154,4,667,0,1,81,0,0,72
May,1937,6.7,-3.3,1.7,51,-9999.0,29,16,505,0,5,33,60,9,64
Jun,1937,11.1,1.0,6.1,115,-9999.0,3,61,358,0,17,22,77,0,66
Jul,1937,15.7,5.0,10.3,61,-9999.0,0,163,238,1,29,2,92,31,66
Aug,1937,12.9,2.4,7.6,27,-9999.0,0,89,323,0,23,3,71,44,65
Sep,1937,11.8,1.7,6.8,73,-9999.0,3,75,338,1,19,10,48,0,67
Oct,1937,4.5,-1.7,1.4,72,-9999.0,37,20,517,0,10,30,20,0,77
Nov,1937,-3.8,-8.4,-6.1,256,-9999.0,199,3,723,0,1,220,0,0,80
Dec,1937,-4.8,-10.8,-7.8,157,-9999.0,253,2,797,0,1,144,0,0,73
Jan,1938,-5.4,-11.0,-8.2,129,-9999.0,260,0,812,0,1,115,0,0,75
Feb,1938,-7.2,-13.0,-10.1,260,-9999.0,286,0,783,0,0,257,0,0,74
Mar,1938,-4.0,-10.3,-7.1,73,-9999.0,236,0,781,0,1,72,0,0,73
Apr,1938,1.9,-8.0,-3.0,28,-9999.0,123,3,631,0,1,27,0,0,61
May,1938,7.2,-3.1,2.1,26,-9999.0,24,18,493,0,5,16,62,36,63
Jun,1938,13.6,1.8,7.7,44,-9999.0,1,92,310,0,20,4,89,45,62
Jul,1938,17.5,4.7,11.1,39,-9999.0,0,189,213,1,29,1,104,65,60
Aug,1938,13.9,2.7,8.3,42,-9999.0,0,104,304,0,24,4,75,32,64
Sep,1938,13.7,3.4,8.5,76,-9999.0,1,116,285,2,23,6,52,0,66
Oct,1938,4.0,-2.5,0.7,119,-9999.0,46,17,537,0,8,61,20,0,76
Nov,1938,-5.0,-11.2,-8.1,82,-9999.0,243,1,781,0,1,76,0,0,73
Dec,1938,-5.8,-12.3,-9.1,228,-9999.0,284,0,835,0,0,216,0,0,74
Jan,1939,-4.6,-10.5,-7.5,196,-9999.0,244,0,792,0,1,169,0,0,74
Feb,1939,-8.8,-16.9,-12.9,121,-9999.0,362,0,860,0,0,120,0,0,64
Mar,1939,-3.5,-11.3,-7.4,50,-9999.0,242,0,788,0,0,50,0,0,67
Apr,1939,3.4,-6.3,-1.5,11,-9999.0,86,5,585,0,2,10,0,0,63
May,1939,7.5,-2.5,2.5,68,-9999.0,20,20,482,0,6,39,62,0,65
Jun,1939,7.4,-0.8,3.3,117,-9999.0,10,28,441,0,11,57,61,0,71
Jul,1939,15.4,3.8,9.6,27,-9999.0,0,140,262,0,28,1,94,67,63
Aug,1939,16.9,4.0,10.5,15,-9999.0,0,167,235,1,27,1,87,72,59
Sep,1939,10.1,1.2,5.6,33,-9999.0,4,55,372,1,18,6,43,11,70
Oct,1939,2.7,-3.2,-0.3,107,-9999.0,64,12,569,0,6,71,0,0,77
Nov,1939,-0.7,-6.4,-3.5,58,-9999.0,140,3,646,0,3,40,0,0,76
Dec,1939,-1.6,-6.7,-4.1,149,-9999.0,151,1,682,0,3,99,0,0,72
Jan,1940,-5.2,-11.6,-8.4,88,-9999.0,264,0,818,0,1,79,0,0,72
Feb,1940,-5.4,-9.9,-7.7,185,-9999.0,226,0,714,0,1,177,0,0,80
Mar,1940,-0.8,-8.0,-4.4,130,-9999.0,163,1,695,0,1,124,0,0,70
Apr,1940,1.9,-6.1,-2.1,52,-9999.0,99,4,602,0,2,48,0,0,68
May,1940,8.0,-1.6,3.2,88,-9999.0,14,26,459,0,9,44,63,0,67
Jun,1940,13.3,0.7,7.0,39,-9999.0,2,78,330,0,16,5,89,50,59
Jul,1940,16.2,5.0,10.6,63,-9999.0,0,171,230,1,29,2,95,32,64
Aug,1940,16.0,3.5,9.7,14,-9999.0,0,145,258,1,26,1,83,69,60
Sep,1940,12.6,4.1,8.4,58,-9999.0,1,112,290,2,25,5,47,0,72
Oct,1940,3.8,-0.6,1.6,174,-9999.0,34,22,509,0,13,66,17,0,84
Nov,1940,-6.2,-12.1,-9.2,113,-9999.0,276,0,815,0,0,108,0,0,74
Dec,1940,-4.3,-9.6,-7.0,100,-9999.0,230,0,770,0,1,88,0,0,78
Jan,1941,-4.6,-9.2,-6.9,110,-9999.0,228,0,771,0,1,91,0,0,80
Feb,1941,-4.1,-11.1,-7.6,75,-9999.0,225,0,713,0,0,72,0,0,70
Mar,1941,0.8,-8.4,-3.8,56,-9999.0,149,2,678,0,1,53,0,0,63
Apr,1941,4.8,-6.6,-0.9,60,-9999.0,73,6,566,0,2,52,0,0,58
May,1941,5.5,-1.7,1.9,125,-9999.0,27,17,500,0,9,78,51,0,74
Jun,1941,9.8,1.1,5.4,177,-9999.0,3,51,378,0,18,45,69,0,70
Jul,1941,16.9,5.4,11.2,71,-9999.0,0,190,213,1,30,2,98,28,64
Aug,1941,13.6,4.4,9.0,112,-9999.0,0,123,281,1,28,8,70,0,70
Sep,1941,4.8,0.1,2.5,188,-9999.0,16,22,465,0,14,78,27,0,83
Oct,1941,1.9,-3.0,-0.6,79,-9999.0,70,11,578,0,7,55,0,0,81
Nov,1941,-1.5,-8.0,-4.7,70,-9999.0,169,2,682,0,2,55,0,0,73
Dec,1941,-4.2,-10.3,-7.3,129,-9999.0,239,0,780,0,1,115,0,0,77
Jan,1942,-6.7,-13.4,-10.0,82,-9999.0,313,0,868,0,0,77,0,0,71
Feb,1942,-5.8,-12.0,-8.9,97,-9999.0,254,0,750,0,0,95,0,0,73
Mar,1942,-3.1,-11.1,-7.1,33,-9999.0,236,0,781,0,0,32,0,0,66
Apr,1942,2.7,-7.2,-2.3,82,-9999.0,104,4,608,0,1,77,0,0,62
May,1942,4.1,-3.0,0.6,175,-9999.0,47,11,541,0,6,123,47,0,74
Jun,1942,8.2,-0.3,4.0,114,-9999.0,7,34,421,0,12,47,64,0,71
Jul,1942,14.8,4.7,9.7,130,-9999.0,0,144,257,0,29,6,88,0,67
Aug,1942,15.8,4.7,10.3,24,-9999.0,0,161,241,1,28,1,80,56,64
Sep,1942,11.7,0.9,6.3,10,-9999.0,3,66,352,1,17,2,49,39,64
Oct,1942,4.4,-3.4,0.5,68,-9999.0,50,15,545,0,6,37,22,0,71
Nov,1942,-4.7,-10.6,-7.6,104,-9999.0,230,1,769,0,1,95,0,0,74
Dec,1942,-4.9,-10.9,-7.9,167,-9999.0,255,0,800,0,1,153,0,0,74
Jan,1943,-12.3,-19.2,-15.8,184,-9999.0,490,0,1044,0,0,183,0,0,68
Feb,1943,-4.3,-11.8,-8.1,89,-9999.0,235,0,726,0,0,86,0,0,68
Mar,1943,-5.9,-14.2,-10.0,75,-9999.0,314,0,871,0,0,75,0,0,64
Apr,1943,3.5,-6.5,-1.5,52,-9999.0,86,5,585,0,2,47,0,0,62
May,1943,4.4,-5.0,-0.3,40,-9999.0,64,8,567,0,2,30,0,0,65
Jun,1943,8.3,-1.8,3.3,86,-9999.0,10,27,442,0,7,42,68,0,65
Jul,1943,15.5,3.4,9.5,37,-9999.0,0,137,265,0,27,2,95,58,61
Aug,1943,13.7,3.5,8.6,58,-9999.0,0,112,293,0,26,5,72,14,67
Sep,1943,12.6,0.1,6.4,15,-9999.0,3,68,350,1,14,2,53,38,59
Oct,1943,3.5,-2.4,0.5,137,-9999.0,50,16,543,0,8,74,19,0,78
Nov,1943,-2.0,-7.7,-4.9,35,-9999.0,172,2,685,0,2,28,0,0,76
Dec,1943,-4.8,-12.3,-8.5,61,-9999.0,271,0,818,0,0,57,0,0,74
Jan,1944,-5.7,-13.3,-9.5,81,-9999.0,297,0,852,0,0,75,0,0,67
Feb,1944,-6.7,-14.6,-10.6,174,-9999.0,300,0,797,0,0,172,0,0,66
Mar,1944,-5.1,-13.4,-9.3,56,-9999.0,282,0,847,0,0,56,0,0,64
Apr,1944,2.3,-7.7,-2.7,90,-9999.0,114,3,620,0,1,85,0,0,61
May,1944,6.5,-3.2,1.6,101,-9999.0,30,15,507,0,5,64,59,0,65
Jun,1944,10.6,0.6,5.6,106,-9999.0,3,54,371,0,16,25,75,0,67
Jul,1944,15.7,3.7,9.7,54,-9999.0,0,143,259,0,27,3,96,42,62
Aug,1944,13.6,3.0,8.3,35,-9999.0,0,104,304,0,25,3,73,38,65
Sep,1944,10.5,1.8,6.1,111,-9999.0,3,64,356,1,19,19,44,0,71
Oct,1944,5.5,-1.1,2.2,60,-9999.0,28,26,491,0,12,18,22,0,76
Nov,1944,-3.8,-8.6,-6.2,150,-9999.0,201,1,725,0,1,130,0,0,79
Dec,1944,-6.3,-13.0,-9.7,111,-9999.0,298,0,854,0,0,107,0,0,68
Jan,1945,-5.3,-11.2,-8.3,150,-9999.0,262,0,814,0,1,134,0,0,74
Feb,1945,-6.0,-12.5,-9.3,181,-9999.0,261,0,760,0,0,178,0,0,72
Mar,1945,-4.8,-11.4,-8.1,78,-9999.0,259,0,811,0,0,78,0,0,71
Apr,1945,-1.6,-9.9,-5.7,37,-9999.0,189,1,711,0,0,37,0,0,65
May,1945,7.0,-3.3,1.9,64,-9999.0,27,17,500,0,5,40,61,0,63
Jun,1945,9.1,-0.5,4.3,69,-9999.0,6,37,411,0,11,26,69,0,67
Jul,1945,16.5,3.6,10.1,22,-9999.0,0,154,247,1,27,1,100,79,59
Aug,1945,17.0,4.1,10.6,7,-9999.0,0,170,232,1,27,0,87,81,59
Sep,1945,8.3,-0.5,3.9,81,-9999.0,9,33,424,0,13,24,40,0,70
Oct,1945,3.8,-3.2,0.3,242,-9999.0,54,15,551,0,6,139,20,0,73
Nov,1945,-5.4,-10.7,-8.1,125,-9999.0,243,1,781,0,1,116,0,0,77
Dec,1945,-5.5,-11.1,-8.3,143,-9999.0,265,0,811,0,1,133,0,0,71
Jan,1946,-5.6,-12.0,-8.8,182,-9999.0,273,0,830,0,1,166,0,0,72
Feb,1946,-5.4,-12.1,-8.7,120,-9999.0,250,0,744,0,0,117,0,0,71
Mar,1946,-2.4,-9.7,-6.0,72,-9999.0,208,1,746,0,1,71,0,0,69
Apr,1946,1.7,-7.0,-2.6,54,-9999.0,113,3,619,0,1,51,0,0,66
May,1946,8.8,-3.1,2.8,63,-9999.0,17,23,470,0,5,34,69,5,59
Jun,1946,8.5,-0.9,3.8,122,-9999.0,8,32,426,0,10,53,67,0,68
Jul,1946,14.9,3.2,9.0,23,-9999.0,0,125,278,0,26,1,92,69,62
Aug,1946,15.5,3.1,9.3,23,-9999.0,0,131,272,1,25,1,82,59,60
Sep,1946,9.4,0.7,5.1,74,-9999.0,5,47,388,0,16,17,42,0,70
Oct,1946,0.8,-5.6,-2.4,113,-9999.0,111,6,634,0,3,99,0,0,74
Nov,1946,-5.7,-13.0,-9.3,111,-9999.0,280,0,819,0,0,106,0,0,68
Dec,1946,-5.3,-12.4,-8.8,105,-9999.0,279,0,828,0,0,99,0,0,75
Jan,1947,-7.3,-14.6,-10.9,129,-9999.0,342,0,896,0,0,124,0,0,68
Feb,1947,-3.7,-12.1,-7.9,96,-9999.0,232,0,721,0,0,92,0,0,65
Mar,1947,-0.9,-10.1,-5.5,68,-9999.0,193,1,730,0,1,66,0,0,62
Apr,1947,2.3,-7.0,-2.4,43,-9999.0,106,3,610,0,1,40,0,0,64
May,1947,8.6,-2.5,3.1,24,-9999.0,15,25,462,0,7,12,67,44,61
Jun,1947,7.8,-0.2,3.8,134,-9999.0,8,32,426,0,13,58,62,0,72
Jul,1947,14.8,3.1,9.0,79,-9999.0,0,122,281,0,26,5,92,14,62
Aug,1947,12.6,2.9,7.7,28,-9999.0,0,92,320,0,25,3,68,40,68
Sep,1947,10.1,1.4,5.8,61,-9999.0,4,57,368,1,18,11,43,0,71
Oct,1947,2.3,-1.9,0.2,178,-9999.0,55,14,554,0,9,105,16,0,84
Nov,1947,-4.6,-9.9,-7.3,89,-9999.0,220,1,758,0,1,81,0,0,77
Dec,1947,-4.0,-10.4,-7.2,98,-9999.0,236,0,778,0,1,87,0,0,69
Jan,1948,-5.1,-12.3,-8.7,53,4.2,271,0,828,0,0,48,0,0,69
Feb,1948,-8.0,-15.2,-11.6,163,7.5,327,0,825,0,0,162,0,0,68
Mar,1948,-5.1,-13.5,-9.3,51,12.8,283,0,848,0,0,51,0,0,64
Apr,1948,-1.4,-8.8,-5.1,168,16.3,175,1,692,0,1,166,0,0,69
May,1948,4.7,-2.2,1.3,109,18.0,35,14,518,0,7,73,48,0,75
Jun,1948,12.5,2.4,7.5,109,19.7,1,87,317,0,22,11,81,0,67
Jul,1948,12.5,2.5,7.5,99,22.6,1,86,326,0,24,11,81,0,67
Aug,1948,11.2,3.6,7.4,156,16.3,0,85,330,0,26,18,60,0,74
Sep,1948,9.4,0.3,4.9,41,13.1,6,44,394,0,15,10,42,1,69
Oct,1948,3.4,-4.8,-0.7,48,8.4,72,11,581,0,4,34,0,0,69
Nov,1948,-4.2,-10.4,-7.3,109,4.2,221,1,759,0,1,99,0,0,73
Dec,1948,-9.0,-16.9,-13.0,144,3.2,404,0,957,0,0,143,0,0,73
Jan,1949,-11.7,-21.7,-16.7,73,4.6,518,0,1072,0,0,73,0,0,55
Feb,1949,-9.9,-17.6,-13.8,216,7.5,388,0,886,0,0,216,0,0,65
Mar,1949,-4.6,-11.6,-8.1,85,12.3,259,0,812,0,0,84,0,0,70
Apr,1949,3.4,-6.6,-1.6,48,16.1,88,4,587,0,2,43,0,0,62
May,1949,8.2,-1.7,3.3,57,20.4,14,26,457,0,9,28,64,7,65
Jun,1949,9.6,-0.9,4.4,35,21.6,6,38,409,0,10,13,73,37,64
Jul,1949,13.7,2.9,8.3,54,22.5,0,105,301,0,25,4,86,32,65
Aug,1949,13.9,3.3,8.6,64,19.0,0,113,293,0,26,5,74,10,66
Sep,1949,10.6,0.7,5.6,41,14.1,4,56,371,1,16,8,46,5,67
Oct,1949,1.5,-5.4,-1.9,67,7.7,101,7,621,0,3,57,0,0,72
Nov,1949,0.3,-5.7,-2.7,78,3.8,120,3,621,0,3,48,0,0,75
Dec,1949,-7.0,-14.3,-10.6,281,3.3,332,0,884,0,0,274,0,0,65
Jan,1950,-18.3,-26.8,-22.5,101,4.1,699,0,1253,0,0,101,0,0,59
Feb,1950,-6.6,-12.4,-9.5,131,7.2,266,1,767,0,0,129,0,0,74
Mar,1950,-5.7,-11.7,-8.7,135,12.0,271,1,829,0,0,135,0,0,74
Apr,1950,-0.9,-8.9,-4.9,84,16.8,170,3,686,0,1,82,0,0,67
May,1950,4.4,-4.9,-0.2,35,19.9,63,8,565,0,3,26,0,0,65
Jun,1950,11.3,0.6,6.0,44,20.6,3,59,362,0,16,9,79,35,64
Jul,1950,15.0,3.5,9.3,61,23.0,0,131,271,0,27,3,92,31,63
Aug,1950,14.5,3.6,9.1,46,19.1,0,125,279,1,26,3,76,30,65
Sep,1950,12.2,0.7,6.5,53,15.3,3,70,346,1,16,8,51,0,62
Oct,1950,0.8,-2.6,-0.9,162,7.5,77,10,588,0,7,120,0,0,86
Nov,1950,-4.4,-10.0,-7.2,130,4.2,218,2,756,0,1,118,0,0,76
Dec,1950,-3.3,-8.3,-5.8,181,3.1,198,3,735,0,1,147,0,0,68
Jan,1951,-8.3,-14.5,-11.4,173,4.3,355,0,910,0,0,167,0,0,72
Feb,1951,-7.0,-14.4,-10.7,229,7.7,303,0,800,0,0,227,0,0,68
Mar,1951,-7.2,-14.6,-10.9,145,11.9,341,0,898,0,0,145,0,0,67
Apr,1951,1.9,-9.5,-3.8,26,18.4,144,2,655,0,0,26,0,0,55
May,1951,6.5,-2.5,2.0,50,18.9,25,17,496,0,7,31,58,8,67
Jun,1951,9.7,-1.1,4.3,30,22.1,6,37,411,0,9,11,73,43,63
Jul,1951,16.1,3.6,9.9,57,24.2,0,149,252,1,27,3,98,41,60
Aug,1951,14.0,3.5,8.7,70,19.5,0,116,289,0,26,5,74,4,66
Sep,1951,10.2,0.6,5.4,41,14.1,5,52,377,1,16,8,44,4,68
Oct,1951,0.1,-3.0,-1.5,212,7.5,89,9,606,0,7,169,0,0,87
Nov,1951,-4.1,-10.8,-7.5,64,4.1,225,1,763,0,1,59,0,0,71
Dec,1951,-9.9,-16.7,-13.3,264,3.3,414,0,966,0,0,262,0,0,78
Jan,1952,-9.8,-15.7,-12.8,218,3.9,398,0,952,0,0,214,0,0,73
Feb,1952,-6.2,-13.6,-9.9,93,7.9,273,0,778,0,0,92,0,0,68
Mar,1952,-5.1,-13.0,-9.0,90,12.7,277,0,839,0,0,90,0,0,66
Apr,1952,2.2,-7.8,-2.8,63,17.1,117,3,624,0,1,60,0,0,61
May,1952,6.6,-3.3,1.6,77,19.8,30,15,507,0,5,50,59,0,64
Jun,1952,8.8,-0.7,4.1,88,20.6,7,35,418,0,11,35,68,0,67
Jul,1952,14.8,2.8,8.8,34,24.3,0,118,286,0,25,2,92,59,62
Aug,1952,15.3,4.0,9.7,18,20.2,0,142,260,1,27,1,79,61,64
Sep,1952,13.0,1.7,7.4,17,14.8,2,88,320,1,19,2,52,35,63
Oct,1952,8.2,-2.4,2.9,12,9.0,22,31,470,0,8,3,28,17,63
Nov,1952,-4.0,-11.1,-7.6,13,4.6,228,1,766,0,1,12,0,0,70
Dec,1952,-4.1,-9.3,-6.7,88,3.1,222,1,761,0,1,76,0,0,69
Jan,1953,-2.3,-8.0,-5.1,242,3.4,181,1,717,0,2,169,0,0,76
Feb,1953,-4.1,-10.7,-7.4,123,7.8,221,0,708,0,0,118,0,0,72
Mar,1953,-1.7,-9.7,-5.7,101,12.3,199,1,737,0,1,99,0,0,67
Apr,1953,-1.2,-8.5,-4.8,100,15.9,168,1,684,0,1,98,0,0,69
May,1953,5.7,-3.6,1.0,62,20.0,39,12,526,0,4,42,56,0,66
Jun,1953,7.0,-0.1,3.4,170,20.0,9,29,437,0,13,80,57,0,75
Jul,1953,14.5,3.3,8.9,36,25.2,0,121,283,0,26,2,90,53,64
Aug,1953,13.5,4.1,8.8,115,18.7,0,119,286,0,27,8,70,0,69
Sep,1953,9.7,0.9,5.3,38,13.7,5,51,381,1,17,8,43,5,70
Oct,1953,4.0,-2.3,0.8,59,7.8,45,17,534,0,8,29,20,0,76
Nov,1953,-1.0,-7.0,-4.0,82,3.7,152,2,660,0,2,59,0,0,75
Dec,1953,-3.4,-10.1,-6.8,149,3.0,224,1,764,0,1,129,0,0,77
Jan,1954,-9.2,-15.2,-12.2,233,4.0,380,0,935,0,0,227,0,0,73
Feb,1954,-3.1,-8.2,-5.7,101,7.5,178,1,658,0,1,91,0,0,78
Mar,1954,-5.3,-12.8,-9.0,81,12.9,278,0,840,0,0,80,0,0,67
Apr,1954,-1.8,-9.4,-5.6,29,16.8,186,1,707,0,1,29,0,0,68
May,1954,6.5,-2.8,1.8,125,19.9,27,16,502,0,6,79,58,0,67
Jun,1954,7.0,-1.4,2.8,107,21.7,12,24,456,0,8,58,60,0,70
Jul,1954,12.6,2.7,7.6,81,23.8,1,89,322,0,25,9,80,0,67
Aug,1954,10.7,3.0,6.8,125,18.4,1,72,348,0,25,17,59,0,74
Sep,1954,7.8,1.5,4.7,75,13.1,6,42,400,0,19,19,35,0,78
Oct,1954,1.5,-4.6,-1.6,27,7.8,92,8,609,0,4,22,0,0,76
Nov,1954,0.3,-5.4,-2.5,98,3.4,115,4,615,0,4,58,0,0,77
Dec,1954,-4.2,-10.5,-7.4,81,3.1,241,0,783,0,1,73,0,0,72
Jan,1955,-6.4,-12.2,-9.3,104,3.9,291,0,846,0,1,97,0,0,74
Feb,1955,-8.1,-15.4,-11.7,138,7.2,331,0,829,0,0,137,0,0,68
Mar,1955,-8.8,-16.1,-12.4,91,12.6,388,0,945,0,0,91,0,0,67
Apr,1955,-2.4,-9.7,-6.1,75,17.0,197,1,722,0,0,74,0,0,69
May,1955,2.2,-4.4,-1.1,72,19.0,82,6,592,0,3,55,0,0,74
Jun,1955,9.9,-0.3,4.8,81,21.8,5,43,396,0,12,26,73,0,66
Jul,1955,12.4,3.8,8.1,92,21.4,1,100,308,0,28,8,77,0,71
Aug,1955,14.8,2.9,8.8,9,21.8,0,119,286,1,24,1,79,70,62
Sep,1955,9.7,0.2,4.9,63,14.5,6,45,393,0,15,15,43,0,68
Oct,1955,2.6,-2.7,-0.1,121,7.9,60,13,562,0,7,76,0,0,80
Nov,1955,-8.8,-15.1,-11.9,151,4.4,357,0,897,0,0,149,0,0,72
Dec,1955,-8.0,-14.9,-11.5,211,3.5,357,0,909,0,0,207,0,0,73
Jan,1956,-6.3,-12.1,-9.2,198,4.2,287,0,842,0,1,183,0,0,75
Feb,1956,-10.2,-17.3,-13.8,120,7.3,388,0,886,0,0,120,0,0,68
Mar,1956,-5.2,-12.8,-9.0,109,12.4,277,0,839,0,0,109,0,0,67
Apr,1956,2.4,-8.3,-3.0,24,18.0,121,3,629,0,1,23,0,0,58
May,1956,8.2,-3.2,2.5,47,22.3,20,20,481,0,5,27,66,19,60
Jun,1956,7.9,0.0,3.9,125,21.4,7,33,422,0,13,52,62,0,73
Jul,1956,15.7,4.1,9.9,47,24.9,0,149,252,1,28,2,95,47,63
Aug,1956,14.8,4.3,9.5,43,19.9,0,139,264,1,28,3,76,33,66
Sep,1956,10.5,1.1,5.8,56,14.4,4,59,365,1,18,10,45,0,69
Oct,1956,1.8,-3.5,-0.8,78,7.5,75,10,586,0,6,57,0,0,79
Nov,1956,-5.0,-10.5,-7.8,58,4.4,234,1,773,0,1,54,0,0,76
Dec,1956,-5.5,-12.1,-8.8,151,3.4,277,0,827,0,0,142,0,0,69
Jan,1957,-13.7,-21.0,-17.4,191,4.5,540,0,1095,0,0,190,0,0,66
Feb,1957,-7.7,-16.4,-12.1,144,7.7,340,0,838,0,0,143,0,0,62
Mar,1957,-4.0,-10.9,-7.5,110,12.3,244,0,792,0,0,109,0,0,70
Apr,1957,1.0,-8.0,-3.5,50,16.1,135,2,644,0,1,48,0,0,64
May,1957,8.4,-0.9,3.7,93,20.3,11,31,442,0,11,41,63,0,68
Jun,1957,9.6,0.8,5.2,87,19.8,4,48,384,0,17,24,69,0,70
Jul,1957,12.6,2.4,7.5,55,22.3,1,87,326,0,24,6,81,26,67
Aug,1957,10.8,2.4,6.6,69,19.0,1,68,356,0,23,10,61,0,72
Sep,1957,12.0,1.2,6.6,7,14.3,3,72,343,1,18,1,49,42,65
Oct,1957,0.6,-3.9,-1.6,108,7.5,93,8,610,0,5,88,0,0,82
Nov,1957,-3.5,-10.2,-6.8,59,4.0,213,1,745,0,1,53,0,0,72
Dec,1957,-3.2,-9.2,-6.2,86,2.8,208,1,746,0,1,71,0,0,71
Jan,1958,-3.8,-8.8,-6.3,139,3.8,213,1,754,0,1,110,0,0,79
Feb,1958,-3.6,-7.0,-5.3,215,6.8,170,1,650,0,2,189,0,0,85
Mar,1958,-3.2,-10.8,-7.0,90,12.4,233,0,778,0,0,89,0,0,68
Apr,1958,0.0,-7.6,-3.8,95,16.8,143,2,654,0,1,92,0,0,68
May,1958,11.4,-0.5,5.4,54,21.9,4,53,390,1,12,14,77,23,61
Jun,1958,12.4,2.6,7.5,121,19.3,1,88,315,0,23,12,80,0,68
Jul,1958,16.9,4.7,10.8,27,22.7,0,178,224,1,29,1,101,73,61
Aug,1958,17.9,6.1,12.0,23,20.8,0,217,188,2,30,1,88,65,63
Sep,1958,8.5,1.0,4.7,76,13.2,6,43,398,0,17,19,38,0,74
Oct,1958,3.6,-3.0,0.3,138,8.7,54,14,552,0,7,80,20,0,75
Nov,1958,-5.2,-11.0,-8.1,158,4.3,244,1,782,0,1,147,0,0,74
Dec,1958,-4.4,-9.2,-6.8,185,3.0,226,1,765,0,1,161,0,0,74
Jan,1959,-6.8,-12.7,-9.8,244,3.7,305,0,860,0,0,229,0,0,74
Feb,1959,-7.8,-13.7,-10.7,185,7.2,303,0,800,0,0,183,0,0,74
Mar,1959,-3.3,-9.7,-6.5,94,11.7,220,1,761,0,1,93,0,0,73
Apr,1959,1.6,-7.8,-3.1,23,17.4,125,3,632,0,1,22,0,0,63
May,1959,3.3,-3.9,-0.3,104,19.0,64,8,567,0,4,77,0,0,72
Jun,1959,9.4,0.5,4.9,80,20.7,4,44,392,0,15,24,69,0,70
Jul,1959,15.7,3.5,9.6,15,25.4,0,141,261,0,27,1,96,81,61
Aug,1959,11.6,2.8,7.2,49,18.9,1,80,336,0,24,6,64,14,71
Sep,1959,6.0,1.3,3.7,156,12.3,10,31,430,0,18,50,29,0,84
Oct,1959,1.3,-3.1,-0.9,103,7.9,76,10,588,0,7,76,0,0,83
Nov,1959,-5.7,-11.9,-8.8,120,4.2,265,0,804,0,0,114,0,0,73
Dec,1959,-4.5,-10.9,-7.7,70,3.1,250,0,793,0,1,64,0,0,79
Jan,1960,-8.3,-14.7,-11.5,145,4.3,358,0,912,0,0,140,0,0,71
Feb,1960,-6.2,-13.1,-9.6,112,7.8,267,0,769,0,0,110,0,0,70
Mar,1960,-2.7,-11.4,-7.0,59,11.9,234,0,778,0,0,59,0,0,63
Apr,1960,1.1,-7.4,-3.2,60,17.2,126,3,634,0,1,57,0,0,66
May,1960,3.2,-3.6,-0.2,125,18.3,61,8,563,0,4,92,0,0,74
Jun,1960,10.3,0.6,5.5,34,21.8,3,51,376,0,16,8,73,39,68
Jul,1960,19.1,4.9,12.0,6,26.2,0,218,186,2,29,0,113,107,56
Aug,1960,12.5,4.3,8.4,65,18.6,0,107,299,0,28,5,64,0,73
Sep,1960,9.5,0.2,4.9,44,14.7,6,45,394,0,15,10,43,0,68
Oct,1960,3.6,-2.2,0.7,80,7.7,47,16,539,0,9,42,19,0,78
Nov,1960,-4.2,-9.8,-7.0,118,4.3,216,1,749,0,1,106,0,0,76
Dec,1960,-5.7,-11.9,-8.8,114,3.3,278,0,827,0,0,108,0,0,72
Jan,1961,-4.3,-10.0,-7.2,50,4.2,236,0,781,0,1,42,0,0,75
Feb,1961,-3.9,-8.1,-6.0,202,7.2,186,0,668,0,1,184,0,0,82
Mar,1961,-2.5,-9.8,-6.2,107,11.9,212,1,751,0,1,106,0,0,69
Apr,1961,-0.3,-7.4,-3.8,75,15.9,143,2,654,0,1,73,0,0,71
May,1961,5.6,-2.0,1.8,121,19.2,28,16,502,0,8,76,52,0,72
Jun,1961,14.4,2.2,8.3,91,25.1,1,105,293,1,21,6,92,1,61
Jul,1961,16.1,4.8,10.4,68,24.2,0,166,235,1,29,2,95,27,64
Aug,1961,17.2,5.9,11.5,64,20.8,0,202,202,2,30,2,84,20,64
Sep,1961,7.4,-1.0,3.2,38,13.8,12,27,444,0,11,14,38,0,71
Oct,1961,1.0,-4.2,-1.6,88,7.6,92,8,609,0,5,71,0,0,79
Nov,1961,-5.8,-13.0,-9.4,80,4.6,282,0,821,0,0,77,0,0,69
Dec,1961,-6.5,-12.6,-9.5,206,3.0,295,0,850,0,0,198,0,0,73
Jan,1962,-7.6,-14.3,-11.0,225,4.0,342,0,897,0,0,216,0,0,71
Feb,1962,-6.2,-12.0,-9.1,127,7.5,257,0,755,0,0,124,0,0,74
Mar,1962,-5.5,-13.2,-9.3,101,12.1,283,0,848,0,0,100,0,0,67
Apr,1962,2.9,-6.5,-1.8,48,16.7,94,4,595,0,2,44,0,0,64
May,1962,3.8,-3.1,0.4,66,18.3,51,10,547,0,5,47,46,0,74
Jun,1962,10.1,-0.5,4.8,66,23.5,5,42,397,0,12,21,74,8,64
Jul,1962,13.9,2.8,8.3,37,24.2,0,106,300,0,25,3,87,50,64
Aug,1962,11.7,3.7,7.7,87,18.0,0,90,322,0,27,9,62,0,73
Sep,1962,10.8,0.5,5.6,65,14.3,4,56,371,1,16,13,47,0,66
Oct,1962,3.6,-2.2,0.7,76,7.5,47,16,539,0,8,40,19,0,78
Nov,1962,-1.3,-7.3,-4.3,110,3.8,158,2,668,0,2,82,0,0,75
Dec,1962,-2.5,-7.7,-5.1,78,3.2,179,1,713,0,2,59,0,0,73
Jan,1963,-8.8,-15.8,-12.3,104,4.6,383,0,938,0,0,101,0,0,68
Feb,1963,-2.0,-9.1,-5.6,87,7.5,175,1,656,0,1,77,0,0,70
Mar,1963,-2.2,-9.3,-5.7,101,12.6,199,1,737,0,1,100,0,0,70
Apr,1963,-0.1,-6.9,-3.5,114,16.1,135,2,645,0,1,110,0,0,72
May,1963,6.9,-3.4,1.7,39,22.3,28,16,504,0,5,25,61,21,63
Jun,1963,9.3,0.7,5.0,106,21.6,4,45,390,0,16,32,67,0,71
Jul,1963,12.3,3.4,7.9,70,22.7,1,94,315,0,27,7,77,6,71
Aug,1963,14.8,4.9,9.8,53,20.7,0,148,255,1,29,3,75,22,68
Sep,1963,12.8,3.6,8.2,88,14.5,1,109,294,2,24,8,49,0,70
Oct,1963,4.5,-1.1,1.7,41,7.2,34,22,508,0,11,15,19,0,80
Nov,1963,-3.2,-8.8,-6.0,141,3.8,197,1,720,0,1,121,0,0,76
Dec,1963,-5.2,-10.7,-7.9,217,3.1,256,0,800,0,1,199,0,0,78
Jan,1964,-5.3,-10.6,-8.0,202,3.7,254,0,804,0,1,178,0,0,77
Feb,1964,-4.7,-12.4,-8.5,61,7.8,245,0,738,0,0,60,0,0,67
Mar,1964,-5.3,-11.5,-8.4,100,11.9,265,0,820,0,0,100,0,0,73
Apr,1964,-0.9,-8.4,-4.6,46,17.2,164,1,679,0,1,46,0,0,69
May,1964,4.5,-3.6,0.4,48,19.6,49,10,544,0,4,34,50,2,70
Jun,1964,8.5,0.6,4.6,134,20.1,5,40,404,0,16,46,64,0,73
Jul,1964,13.6,3.8,8.7,120,22.9,0,116,289,0,28,8,83,0,68
Aug,1964,10.6,2.4,6.5,116,18.7,1,66,359,0,23,18,60,0,72
Sep,1964,6.0,-0.1,3.0,115,12.9,13,25,451,0,14,43,32,0,78
Oct,1964,4.3,-3.3,0.5,17,8.1,50,16,544,0,6,9,21,4,71
Nov,1964,-4.4,-8.7,-6.5,146,4.1,208,1,735,0,1,129,0,0,81
Dec,1964,-8.9,-15.5,-12.2,173,2.9,380,0,932,0,0,170,0,0,76
Jan,1965,-5.7,-10.5,-8.1,284,3.9,257,0,808,0,1,251,0,0,79
Feb,1965,-5.6,-11.4,-8.5,162,7.4,245,0,738,0,0,158,0,0,75
Mar,1965,-5.4,-15.1,-10.3,36,14.1,322,0,879,0,0,36,0,0,59
Apr,1965,1.4,-7.3,-2.9,50,16.6,121,3,628,0,1,48,0,0,65
May,1965,4.7,-4.1,0.3,48,20.5,52,10,549,0,4,34,52,4,67
Jun,1965,10.5,-0.3,5.1,57,24.0,4,47,387,0,12,16,76,19,64
Jul,1965,15.4,4.6,10.0,52,23.8,0,153,248,1,29,2,92,40,65
Aug,1965,13.5,6.3,9.9,121,18.3,0,149,253,1,30,6,63,0,76
Sep,1965,6.2,-1.2,2.5,47,14.6,16,21,466,0,10,19,34,0,74
Oct,1965,5.0,-1.2,1.9,23,8.0,31,24,501,0,11,8,21,0,78
Nov,1965,-3.2,-8.9,-6.0,100,3.9,198,1,721,0,1,86,0,0,76
Dec,1965,-5.3,-11.2,-8.3,164,2.9,264,0,810,0,1,152,0,0,70
Jan,1966,-6.7,-12.6,-9.6,184,4.0,301,0,856,0,0,172,0,0,74
Feb,1966,-5.1,-10.8,-7.9,75,7.5,233,0,723,0,0,72,0,0,75
Mar,1966,-2.3,-10.5,-6.4,72,12.1,218,1,759,0,0,71,0,0,66
Apr,1966,0.8,-8.2,-3.7,59,17.6,141,2,651,0,1,57,0,0,64
May,1966,7.1,-3.0,2.1,54,20.4,25,18,494,0,5,33,61,7,64
Jun,1966,8.4,-0.4,4.0,67,21.6,7,34,420,0,12,27,65,0,70
Jul,1966,12.6,3.4,8.0,73,23.4,1,98,311,0,27,7,78,6,70
Aug,1966,13.4,3.4,8.4,71,20.6,0,107,299,0,26,6,71,0,67
Sep,1966,11.6,3.4,7.5,51,13.9,2,91,316,1,23,6,45,0,73
Oct,1966,2.5,-2.7,-0.1,77,7.8,61,13,563,0,7,49,0,0,80
Nov,1966,-3.1,-8.4,-5.8,156,3.9,192,1,712,0,1,132,0,0,77
Dec,1966,-3.6,-8.7,-6.2,203,2.8,208,1,745,0,1,169,0,0,75
Jan,1967,-3.8,-9.3,-6.6,186,4.0,219,1,761,0,1,150,0,0,76
Feb,1967,-2.6,-9.5,-6.1,79,7.2,187,0,669,0,1,72,0,0,71
Mar,1967,-4.4,-10.7,-7.6,121,10.9,246,0,794,0,0,120,0,0,73
Apr,1967,-1.3,-8.9,-5.1,73,16.8,175,1,693,0,1,73,0,0,68
May,1967,4.6,-3.4,0.6,47,19.7,45,11,538,0,5,33,50,4,70
Jun,1967,12.1,1.3,6.7,50,23.1,2,71,340,0,19,7,81,31,64
Jul,1967,15.8,4.0,9.9,25,26.7,0,150,251,1,28,1,96,70,62
Aug,1967,19.1,5.7,12.4,11,22.6,0,230,176,3,29,0,95,84,58
Sep,1967,14.4,3.4,8.9,33,15.4,1,125,275,2,23,2,55,21,64
Oct,1967,2.0,-1.8,0.1,191,6.7,57,14,557,0,10,116,15,0,85
Nov,1967,-3.0,-9.2,-6.1,71,4.0,199,1,722,0,1,61,0,0,74
Dec,1967,-6.3,-12.6,-9.4,207,3.1,292,0,846,0,0,198,0,0,78
Jan,1968,-5.5,-11.6,-8.6,134,3.6,268,0,823,0,1,121,0,0,73
Feb,1968,-2.6,-10.5,-6.6,91,7.9,200,0,684,0,1,85,0,0,66
Mar,1968,-1.4,-8.6,-5.0,82,12.6,181,1,716,0,1,80,0,0,70
Apr,1968,-0.7,-8.5,-4.6,52,16.8,163,2,678,0,1,51,0,0,68
May,1968,4.8,-3.9,0.5,91,19.8,48,10,543,0,4,65,52,0,68
Jun,1968,8.4,0.1,4.3,115,20.6,6,36,413,0,14,44,64,0,72
Jul,1968,15.4,4.1,9.8,37,24.3,0,145,256,0,28,2,93,56,64
Aug,1968,11.1,3.8,7.5,128,18.0,0,86,327,0,27,14,59,0,76
Sep,1968,8.4,1.7,5.1,73,13.7,6,47,389,0,19,16,36,0,77
Oct,1968,1.5,-3.3,-0.9,79,6.6,76,10,587,0,6,58,0,0,81
Nov,1968,-3.5,-8.8,-6.1,71,3.8,200,1,723,0,1,61,0,0,77
Dec,1968,-8.9,-15.3,-12.1,261,3.0,376,0,928,0,0,257,0,0,72
Jan,1969,-13.7,-20.6,-17.2,224,3.5,533,0,1087,0,0,223,0,0,68
Feb,1969,-7.4,-15.2,-11.3,127,7.6,319,0,817,0,0,127,0,0,66
Mar,1969,-3.1,-12.3,-7.7,52,12.7,249,0,798,0,0,52,0,0,61
Apr,1969,0.9,-6.5,-2.8,119,16.2,118,3,624,0,2,113,0,0,70
May,1969,8.2,-2.2,3.0,64,22.0,16,24,465,0,7,33,65,1,63
Jun,1969,12.8,2.5,7.7,59,22.5,1,91,311,0,23,5,82,23,66
Jul,1969,13.5,3.1,8.3,26,25.0,0,105,302,0,26,2,85,58,66
Aug,1969,14.9,3.5,9.2,5,20.6,0,130,274,1,26,0,78,73,63
Sep,1969,9.1,2.3,5.7,140,12.2,4,57,369,1,21,26,38,0,77
Oct,1969,1.8,-4.3,-1.3,76,8.2,85,9,600,0,4,59,0,0,76
Nov,1969,-2.1,-7.7,-4.9,57,4.2,173,2,687,0,2,45,0,0,76
Dec,1969,-4.7,-9.7,-7.2,148,3.1,236,0,778,0,1,132,0,0,71
Jan,1970,-6.9,-13.1,-10.0,235,3.8,313,0,868,0,0,222,0,0,73
Feb,1970,-3.4,-10.0,-6.7,72,8.2,203,0,688,0,1,67,0,0,72
Mar,1970,-3.3,-11.8,-7.5,79,12.0,246,0,794,0,0,78,0,0,64
Apr,1970,-1.7,-9.1,-5.4,38,16.5,182,1,701,0,1,38,0,0,69
May,1970,6.5,-3.8,1.3,41,21.2,34,14,517,0,4,27,60,18,63
Jun,1970,12.7,2.3,7.5,68,23.5,1,87,317,0,22,7,82,15,66
Jul,1970,16.1,5.3,10.7,45,23.8,0,175,227,1,30,1,94,49,65
Aug,1970,16.8,4.8,10.8,19,22.3,0,179,224,1,29,1,85,66,62
Sep,1970,6.4,-1.2,2.6,52,13.9,15,22,462,0,11,21,35,0,73
Oct,1970,1.6,-4.7,-1.6,87,8.4,91,8,608,0,4,70,0,0,75
Nov,1970,-5.2,-10.7,-7.9,143,4.0,239,1,777,0,1,132,0,0,76
Dec,1970,-6.9,-14.1,-10.5,171,3.0,327,0,879,0,0,166,0,0,78
Jan,1971,-6.7,-12.3,-9.5,244,3.3,297,0,852,0,1,227,0,0,75
Feb,1971,-5.8,-11.0,-8.4,205,7.0,243,0,735,0,0,199,0,0,77
Mar,1971,-5.8,-12.6,-9.2,102,12.1,280,0,845,0,0,102,0,0,70
Apr,1971,0.7,-8.2,-3.7,48,17.5,141,2,651,0,1,47,0,0,64
May,1971,5.8,-2.1,1.8,98,20.8,27,17,501,0,8,61,53,0,72
Jun,1971,7.1,-0.2,3.4,139,21.0,9,29,438,0,13,66,58,0,75
Jul,1971,14.7,3.8,9.3,55,24.9,0,131,272,0,28,3,90,35,65
Aug,1971,18.2,6.3,12.3,43,21.1,0,226,180,3,30,1,89,45,63
Sep,1971,6.3,0.2,3.3,53,13.5,12,27,443,0,15,19,32,0,78
Oct,1971,1.1,-4.1,-1.5,101,8.2,91,8,608,0,5,81,0,0,79
Nov,1971,-3.9,-8.5,-6.2,80,4.1,201,1,726,0,1,69,0,0,80
Dec,1971,-9.8,-16.8,-13.3,334,3.3,413,0,966,0,0,331,0,0,69
Jan,1972,-10.0,-17.3,-13.7,227,3.7,426,0,980,0,0,224,0,0,67
Feb,1972,-6.4,-12.6,-9.5,119,6.3,264,0,765,0,0,117,0,0,73
Mar,1972,-2.7,-9.4,-6.0,146,11.1,208,1,747,0,1,144,0,0,71
Apr,1972,-2.0,-9.3,-5.7,74,16.5,188,1,709,0,1,73,0,0,69
May,1972,6.2,-2.1,2.1,81,20.5,25,18,494,0,8,50,55,0,70
Jun,1972,7.9,1.1,4.5,132,20.7,5,39,405,0,18,46,59,0,76
Jul,1972,12.5,2.8,7.7,57,25.0,1,90,322,0,25,6,80,23,68
Aug,1972,15.3,5.3,10.3,47,20.7,0,162,241,1,29,2,76,29,68
Sep,1972,5.6,-0.9,2.4,102,13.9,17,21,469,0,11,43,32,0,77
Oct,1972,1.5,-5.6,-2.1,34,8.9,103,7,624,0,3,29,0,0,72
Nov,1972,-3.5,-8.0,-5.8,54,4.0,192,1,713,0,2,46,0,0,81
Dec,1972,-7.9,-14.0,-10.9,145,3.0,341,0,893,0,0,141,0,0,68
Jan,1973,-7.8,-14.7,-11.3,64,4.1,351,0,906,0,0,62,0,0,70
Feb,1973,-5.2,-12.0,-8.6,176,7.5,248,0,742,0,0,172,0,0,70
Mar,1973,-2.7,-9.7,-6.2,114,11.5,213,1,752,0,1,113,0,0,70
Apr,1973,1.0,-8.3,-3.7,31,17.0,139,2,650,0,1,30,0,0,63
May,1973,6.4,-3.0,1.7,57,21.8,28,16,504,0,6,36,58,1,66
Jun,1973,9.3,-0.3,4.5,48,22.3,6,39,406,0,12,17,70,21,67
Jul,1973,15.4,3.8,9.6,9,24.9,0,140,262,0,28,0,94,84,63
Aug,1973,15.1,4.4,9.7,24,21.5,0,145,258,1,28,1,77,54,65
Sep,1973,10.1,1.7,5.9,94,14.1,4,60,363,1,19,17,42,0,72
Oct,1973,1.2,-2.6,-0.7,189,7.7,72,11,581,0,8,134,0,0,85
Nov,1973,-6.7,-11.2,-9.0,225,3.6,269,0,808,0,1,214,0,0,80
Dec,1973,-3.9,-8.4,-6.2,176,3.1,208,1,746,0,1,147,0,0,73
Jan,1974,-6.9,-13.5,-10.2,194,3.9,319,0,874,0,0,184,0,0,71
Feb,1974,-4.0,-9.1,-6.6,174,6.7,201,0,684,0,1,161,0,0,78
Mar,1974,-4.1,-9.9,-7.0,127,11.1,233,0,778,0,1,126,0,0,75
Apr,1974,0.5,-6.2,-2.9,88,15.7,119,3,626,0,2,84,0,0,73
May,1974,2.9,-4.1,-0.6,89,19.8,71,7,577,0,4,66,0,0,73
Jun,1974,13.0,1.4,7.2,14,23.7,1,81,325,0,19,2,86,72,62
Jul,1974,12.4,3.1,7.8,71,22.2,1,92,318,0,26,7,78,7,69
Aug,1974,14.3,4.4,9.3,51,20.9,0,133,270,1,28,3,73,22,68
Sep,1974,11.3,0.9,6.1,14,15.9,4,63,357,1,17,2,47,33,66
Oct,1974,5.0,-4.0,0.5,15,9.3,50,15,545,0,5,8,23,8,67
Nov,1974,-3.1,-8.0,-5.6,98,4.6,188,1,707,0,2,81,0,0,79
Dec,1974,-4.5,-10.2,-7.4,228,3.3,241,0,782,0,1,205,0,0,80
Jan,1975,-7.4,-14.3,-10.9,234,4.2,339,0,894,0,0,224,0,0,70
Feb,1975,-9.5,-17.1,-13.3,241,7.1,375,0,873,0,0,240,0,0,66
Mar,1975,-6.5,-12.7,-9.6,100,11.5,300,0,857,0,0,100,0,0,73
Apr,1975,-1.2,-10.0,-5.6,60,17.2,187,1,707,0,0,59,0,0,64
May,1975,5.3,-4.1,0.6,48,21.7,46,11,539,0,4,34,55,7,65
Jun,1975,8.5,-0.3,4.1,79,21.4,7,35,416,0,12,31,66,0,70
Jul,1975,15.9,6.1,11.0,50,23.5,0,184,218,1,30,1,90,40,69
Aug,1975,10.5,3.2,6.8,102,18.4,1,73,348,0,26,14,57,0,76
Sep,1975,11.2,0.6,5.9,8,17.0,4,60,363,1,16,1,48,40,65
Oct,1975,1.7,-2.7,-0.5,110,8.0,68,12,575,0,7,76,0,0,83
Nov,1975,-3.8,-10.4,-7.1,162,4.4,214,1,752,0,1,146,0,0,72
Dec,1975,-4.5,-10.9,-7.7,148,3.3,250,0,794,0,1,135,0,0,75
Jan,1976,-4.6,-10.9,-7.8,182,4.0,250,0,798,0,1,158,0,0,73
Feb,1976,-5.6,-11.7,-8.7,108,6.6,248,0,743,0,0,105,0,0,73
Mar,1976,-6.2,-12.7,-9.5,89,12.0,286,0,854,0,0,89,0,0,72
Apr,1976,0.4,-7.8,-3.7,54,17.5,141,2,651,0,1,52,0,0,66
May,1976,5.2,-3.0,1.1,96,21.7,38,13,525,0,5,65,52,0,70
Jun,1976,6.9,-1.4,2.7,104,22.0,13,23,459,0,8,57,60,0,71
Jul,1976,12.2,3.2,7.7,49,23.8,1,90,321,0,26,5,77,28,70
Aug,1976,9.1,4.8,6.9,203,17.3,1,75,344,0,29,27,44,0,86
Sep,1976,9.5,2.1,5.8,24,14.8,4,58,366,1,20,4,40,15,75
Oct,1976,2.1,-3.5,-0.7,70,8.6,73,11,582,0,6,50,0,0,78
Nov,1976,-2.6,-8.9,-5.7,34,4.5,191,1,712,0,1,29,0,0,73
Dec,1976,-4.0,-9.6,-6.8,76,3.4,226,1,766,0,1,66,0,0,72
Jan,1977,-7.7,-14.2,-11.0,138,4.5,343,0,898,0,0,132,0,0,71
Feb,1977,-3.9,-9.8,-6.9,88,7.5,207,0,692,0,1,83,0,0,75
Mar,1977,-4.2,-10.5,-7.4,122,12.1,241,0,788,0,0,121,0,0,73
Apr,1977,3.3,-7.1,-1.9,25,17.4,96,4,597,0,1,23,0,0,60
May,1977,2.6,-3.4,-0.4,124,19.2,66,8,571,0,5,92,0,0,77
Jun,1977,11.8,1.2,6.5,39,24.4,2,68,346,0,18,6,80,41,65
Jul,1977,12.5,3.1,7.8,42,22.9,1,93,317,0,26,4,79,36,69
Aug,1977,15.4,5.2,10.3,62,19.6,0,161,241,1,29,3,77,15,67
Sep,1977,6.7,0.4,3.6,55,13.3,10,30,433,0,15,18,33,0,78
Oct,1977,2.9,-4.2,-0.7,47,8.4,72,11,581,0,4,33,0,0,72
Nov,1977,-5.3,-10.9,-8.1,160,4.3,244,1,782,0,1,149,0,0,75
Dec,1977,-7.9,-13.8,-10.8,248,3.1,338,0,890,0,0,242,0,0,76
Jan,1978,-7.2,-13.0,-10.1,145,4.0,316,0,870,0,0,137,0,0,75
Feb,1978,-5.6,-10.4,-8.0,133,7.5,235,0,725,0,1,129,0,0,79
Mar,1978,-2.3,-9.3,-5.8,100,12.2,202,1,740,0,1,98,0,0,70
Apr,1978,-0.6,-6.6,-3.6,126,16.1,137,2,647,0,2,122,0,0,75
May,1978,3.3,-3.7,-0.2,76,21.2,61,8,563,0,4,56,0,0,73
Jun,1978,10.7,0.4,5.6,55,24.5,3,53,373,0,15,13,76,21,66
Jul,1978,14.9,4.8,9.9,47,25.2,0,148,253,1,29,2,88,41,68
Aug,1978,11.6,4.6,8.1,106,18.0,0,100,308,0,28,10,59,0,77
Sep,1978,5.7,2.2,4.0,144,12.8,9,34,421,0,21,43,25,0,88
Oct,1978,3.3,-3.5,-0.1,47,9.4,61,13,564,0,6,30,0,0,74
Nov,1978,-6.8,-12.8,-9.8,84,4.7,294,0,833,0,0,81,0,0,74
Dec,1978,-8.8,-16.6,-12.7,131,3.5,395,0,948,0,0,130,0,0,73
Jan,1979,-12.3,-21.0,-16.7,135,4.6,518,0,1072,0,0,134,0,0,61
Feb,1979,-6.7,-13.5,-10.1,147,6.6,285,0,782,0,0,145,0,0,70
Mar,1979,-1.8,-10.7,-6.3,44,12.7,214,1,754,0,0,44,0,0,63
Apr,1979,0.4,-8.3,-4.0,65,16.5,147,2,659,0,1,63,0,0,64
May,1979,5.7,-3.4,1.2,67,20.6,37,13,522,0,5,45,55,0,67
Jun,1979,11.3,0.6,6.0,44,23.4,3,59,362,0,16,9,79,35,64
Jul,1979,15.6,4.5,10.1,53,24.1,0,154,247,1,29,2,93,40,64
Aug,1979,15.5,6.0,10.7,75,20.2,0,176,227,1,30,3,75,0,70
Sep,1979,11.2,2.4,6.8,57,14.9,3,76,337,1,21,8,45,0,71
Oct,1979,4.8,-1.7,1.5,84,8.8,35,21,512,0,10,33,21,0,76
Nov,1979,-5.0,-11.3,-8.1,33,5.2,245,1,784,0,1,30,0,0,73
Dec,1979,-2.6,-8.9,-5.7,94,3.1,196,1,733,0,1,76,0,0,65
Jan,1980,-9.4,-16.4,-12.9,91,4.3,403,0,957,0,0,89,0,0,68
Feb,1980,-6.3,-10.1,-8.2,173,7.0,239,0,730,0,1,167,0,0,84
Mar,1980,-4.3,-10.8,-7.6,74,11.7,246,0,794,0,0,73,0,0,72
Apr,1980,3.3,-6.0,-1.4,89,17.2,83,5,581,0,2,79,0,0,64
May,1980,5.2,-0.5,2.4,131,19.2,21,20,485,0,12,77,47,0,79
Jun,1980,8.1,0.3,4.2,114,20.6,6,36,414,0,14,44,62,0,73
Jul,1980,13.2,3.4,8.3,75,24.0,0,105,302,0,27,6,82,7,68
Aug,1980,11.5,3.0,7.2,64,19.7,1,80,336,0,25,8,63,0,72
Sep,1980,8.2,1.3,4.7,101,13.7,6,43,398,0,18,25,37,0,76
Oct,1980,4.3,-2.8,0.7,45,9.5,47,16,538,0,7,23,21,0,73
Nov,1980,-2.8,-7.9,-5.4,84,4.3,183,1,700,0,2,69,0,0,78
Dec,1980,-4.9,-10.0,-7.4,170,2.9,243,0,785,0,1,153,0,0,73
Jan,1981,-3.3,-7.1,-5.2,68,4.4,183,1,719,0,2,48,0,0,83
Feb,1981,-4.7,-9.7,-7.2,186,7.3,215,0,701,0,1,177,0,0,78
Mar,1981,-1.1,-9.2,-5.2,131,12.8,184,1,720,0,1,128,0,0,66
Apr,1981,-0.5,-7.6,-4.0,81,16.2,149,2,661,0,1,79,0,0,70
May,1981,3.8,-1.3,1.3,142,18.9,35,14,519,0,10,95,42,0,81
Jun,1981,6.0,-1.0,2.5,162,20.4,14,22,465,0,10,92,55,0,75
Jul,1981,11.5,3.7,7.6,114,21.2,1,89,323,0,27,12,71,0,74
Aug,1981,16.4,6.4,11.4,58,21.7,0,197,207,2,30,2,79,22,68
Sep,1981,9.4,1.6,5.5,89,14.3,5,54,375,1,19,18,40,0,74
Oct,1981,1.1,-3.3,-1.1,172,8.8,81,10,594,0,6,130,0,0,82
Nov,1981,-1.4,-7.0,-4.2,84,4.4,156,2,665,0,2,63,0,0,77
Dec,1981,-5.5,-11.6,-8.5,153,3.0,271,0,819,0,0,144,0,0,78
Jan,1982,-7.4,-13.3,-10.4,313,3.8,325,0,879,0,0,297,0,0,74
Feb,1982,-6.9,-12.7,-9.8,160,6.8,271,0,776,0,0,158,0,0,74
Mar,1982,-4.3,-11.0,-7.6,137,12.1,248,0,796,0,0,136,0,0,71
Apr,1982,-0.9,-9.7,-5.3,47,17.1,180,1,699,0,0,47,0,0,64
May,1982,4.9,-4.0,0.5,42,20.6,49,10,544,0,4,30,53,11,67
Jun,1982,12.3,2.3,7.3,135,22.0,1,83,321,0,22,15,80,0,67
Jul,1982,10.6,3.8,7.2,133,22.1,1,80,336,0,28,16,65,0,77
Aug,1982,12.0,4.6,8.3,82,19.6,0,105,302,0,28,7,61,0,75
Sep,1982,7.8,2.2,5.0,120,14.0,6,46,390,0,21,27,33,0,81
Oct,1982,1.6,-3.0,-0.7,81,8.7,72,11,582,0,7,58,0,0,82
Nov,1982,-6.9,-12.2,-9.5,151,4.5,287,0,826,0,0,145,0,0,76
Dec,1982,-6.1,-12.4,-9.3,132,3.4,289,0,842,0,0,126,0,0,73
Jan,1983,-3.9,-7.8,-5.8,216,4.0,201,1,740,0,2,164,0,0,83
Feb,1983,-4.2,-8.2,-6.2,244,7.2,191,0,674,0,1,224,0,0,82
Mar,1983,-2.5,-8.1,-5.3,176,11.3,188,1,724,0,1,171,0,0,76
Apr,1983,-0.3,-7.7,-4.0,120,17.1,147,2,659,0,1,117,0,0,69
May,1983,7.1,-2.9,2.1,65,22.5,24,18,493,0,6,40,61,0,64
Jun,1983,8.3,0.4,4.4,125,21.3,6,38,409,0,15,46,63,0,73
Jul,1983,10.0,2.9,6.5,117,21.1,1,66,358,0,25,19,65,0,76
Aug,1983,14.0,5.5,9.8,62,20.3,0,146,256,1,29,3,69,7,72
Sep,1983,6.8,-0.6,3.1,66,14.6,12,26,446,0,12,24,35,0,74
Oct,1983,2.5,-3.6,-0.5,67,9.1,69,11,577,0,6,46,0,0,76
Nov,1983,-3.0,-6.8,-4.9,197,3.8,173,2,687,0,2,156,0,0,84
Dec,1983,-10.7,-17.5,-14.1,172,3.5,439,0,992,0,0,171,0,0,72
Jan,1984,-5.0,-10.9,-8.0,143,4.1,255,0,805,0,1,126,0,0,74
Feb,1984,-4.6,-9.6,-7.1,83,7.2,213,0,699,0,1,78,0,0,78
Mar,1984,-2.1,-8.1,-5.1,155,11.2,184,1,719,0,1,151,0,0,75
Apr,1984,-1.1,-7.9,-4.5,77,16.2,161,2,675,0,1,76,0,0,72
May,1984,1.7,-4.0,-1.2,132,18.0,83,6,594,0,4,100,0,0,77
Jun,1984,7.6,-0.1,3.8,112,21.7,8,32,428,0,13,49,61,0,73
Jul,1984,15.2,3.8,9.5,16,25.8,0,138,264,0,28,1,92,76,64
Aug,1984,13.9,5.1,9.5,78,20.2,0,137,266,1,29,5,69,0,71
Sep,1984,6.0,-0.7,2.7,71,13.8,15,23,460,0,12,28,33,0,76
Oct,1984,-0.3,-5.4,-2.9,123,8.0,124,6,650,0,3,111,0,0,79
Nov,1984,-4.9,-9.7,-7.3,161,3.9,222,1,760,0,1,146,0,0,79
Dec,1984,-10.6,-16.7,-13.6,143,3.3,424,0,977,0,0,142,0,0,69
Jan,1985,-7.1,-12.5,-9.8,25,4.7,305,0,860,0,0,23,0,0,76
Feb,1985,-7.6,-14.1,-10.9,146,7.2,307,0,804,0,0,145,0,0,71
Mar,1985,-4.0,-12.0,-8.0,65,11.9,256,0,807,0,0,64,0,0,66
Apr,1985,0.9,-7.0,-3.1,55,16.3,125,3,632,0,1,53,0,0,68
May,1985,6.6,-2.0,2.3,82,20.7,22,19,487,0,8,49,57,0,69
Jun,1985,9.9,0.7,5.3,66,22.7,4,49,381,0,16,17,71,5,69
Jul,1985,18.1,5.8,12.0,12,26.2,0,217,187,2,30,0,105,93,62
Aug,1985,12.5,3.8,8.2,60,20.2,0,102,306,0,27,5,66,6,71
Sep,1985,4.4,-0.3,2.0,186,13.4,19,19,480,0,13,85,27,0,83
Oct,1985,-0.1,-3.0,-1.5,183,7.6,91,8,608,0,7,147,0,0,88
Nov,1985,-12.9,-17.8,-15.3,84,4.5,457,0,999,0,0,83,0,0,77
Dec,1985,-6.7,-12.3,-9.5,81,3.6,295,0,850,0,0,77,0,0,72
Jan,1986,-4.2,-8.7,-6.4,138,3.7,217,1,758,0,2,110,0,0,81
Feb,1986,-7.4,-12.9,-10.1,141,7.5,287,0,784,0,0,139,0,0,75
Mar,1986,-1.2,-7.6,-4.4,95,11.6,165,1,698,0,1,92,0,0,73
Apr,1986,-1.2,-6.9,-4.1,130,16.6,149,2,661,0,1,127,0,0,76
May,1986,5.5,-2.2,1.6,80,19.5,30,15,507,0,7,51,52,0,72
Jun,1986,11.7,2.0,6.8,125,22.8,2,74,335,0,21,17,77,0,68
Jul,1986,10.0,2.8,6.4,68,21.2,1,64,362,0,25,11,65,0,76
Aug,1986,16.7,5.7,11.2,28,21.6,0,191,213,2,29,1,83,55,65
Sep,1986,5.7,0.5,3.1,141,13.9,12,26,447,0,16,51,29,0,82
Oct,1986,3.7,-2.9,0.4,55,9.9,52,15,548,0,7,31,20,0,75
Nov,1986,-4.6,-10.5,-7.5,91,4.5,227,1,765,0,1,84,0,0,74
Dec,1986,-5.3,-10.6,-7.9,79,3.5,256,0,800,0,1,73,0,0,75
Jan,1987,-5.8,-10.9,-8.4,100,3.9,264,0,817,0,1,90,0,0,77
Feb,1987,-3.9,-10.0,-7.0,41,7.5,210,0,696,0,1,39,0,0,74
Mar,1987,-1.7,-8.6,-5.1,107,11.4,184,1,719,0,1,104,0,0,71
Apr,1987,3.0,-5.0,-1.0,90,16.5,75,6,569,0,3,78,0,0,69
May,1987,7.0,-2.0,2.5,68,20.5,20,21,480,0,8,38,59,0,68
Jun,1987,12.7,2.1,7.4,39,23.6,1,86,318,0,21,4,83,44,65
Jul,1987,13.1,4.9,9.0,94,21.7,0,123,280,0,29,6,77,0,73
Aug,1987,13.3,3.9,8.6,41,20.9,0,112,293,0,27,3,70,29,69
Sep,1987,13.1,2.3,7.7,29,16.6,2,97,308,1,21,3,52,22,65
Oct,1987,4.9,-2.8,1.1,20,10.0,42,18,527,0,7,9,22,2,72
Nov,1987,-2.0,-6.6,-4.3,67,4.5,159,2,670,0,3,50,0,0,81
Dec,1987,-6.2,-11.7,-8.9,172,3.1,280,0,831,0,0,163,0,0,77
Jan,1988,-6.6,-12.7,-9.7,98,4.1,302,0,857,0,0,91,0,0,73
Feb,1988,-4.1,-10.4,-7.2,105,7.5,216,0,702,0,1,99,0,0,73
Mar,1988,-2.6,-9.5,-6.1,105,11.8,209,1,748,0,1,104,0,0,71
Apr,1988,1.8,-5.5,-1.9,137,16.0,94,4,595,0,2,125,0,0,71
May,1988,5.6,-2.3,1.7,101,20.4,30,15,507,0,7,65,53,0,71
Jun,1988,9.6,1.5,5.5,118,22.4,3,53,374,0,19,28,67,0,73
Jul,1988,13.9,3.7,8.8,72,23.3,0,118,286,0,27,5,85,13,67
Aug,1988,13.8,4.4,9.1,48,20.8,0,126,277,1,28,3,71,22,69
Sep,1988,9.1,1.5,5.3,83,14.7,5,50,382,1,19,18,39,0,74
Oct,1988,3.9,-0.4,1.7,67,8.9,33,22,506,0,13,24,17,0,84
Nov,1988,-4.3,-8.4,-6.3,145,3.7,204,1,730,0,1,126,0,0,83
Dec,1988,-5.9,-11.0,-8.5,146,3.2,270,0,817,0,1,136,0,0,76
Jan,1989,-5.4,-11.4,-8.4,116,3.9,264,0,818,0,1,104,0,0,74
Feb,1989,-9.7,-16.4,-13.0,118,7.6,367,0,865,0,0,118,0,0,70
Mar,1989,-4.7,-10.0,-7.4,107,10.7,241,0,788,0,1,106,0,0,77
Apr,1989,2.5,-6.5,-2.0,44,17.0,98,4,600,0,2,41,0,0,65
May,1989,5.2,-2.5,1.3,88,20.9,34,14,517,0,6,58,52,0,72
Jun,1989,11.0,1.4,6.2,102,22.7,2,63,355,0,19,19,75,0,68
Jul,1989,14.9,4.1,9.5,65,23.9,0,138,263,0,28,3,90,26,65
Aug,1989,11.6,4.5,8.0,116,19.0,0,98,311,0,28,11,59,0,76
Sep,1989,10.2,1.3,5.8,45,15.9,4,58,368,1,18,8,43,0,70
Oct,1989,2.2,-3.0,-0.4,83,8.5,67,12,573,0,7,56,0,0,80
Nov,1989,-3.3,-7.7,-5.5,93,3.9,185,1,703,0,2,77,0,0,81
Dec,1989,-3.7,-7.7,-5.7,98,3.4,194,1,731,0,2,78,0,0,78
Jan,1990,-4.9,-9.8,-7.3,171,3.8,239,0,785,0,1,145,0,0,79
Feb,1990,-6.8,-13.4,-10.1,92,7.1,285,0,783,0,0,91,0,0,71
Mar,1990,-1.3,-9.8,-5.6,53,12.6,195,1,732,0,1,52,0,0,65
Apr,1990,2.4,-5.4,-1.5,73,16.3,87,5,586,0,3,66,0,0,69
May,1990,2.9,-2.2,0.3,197,19.1,51,10,547,0,7,141,40,0,80
Jun,1990,8.0,0.7,4.3,195,21.0,6,37,411,0,16,73,60,0,75
Jul,1990,14.4,5.2,9.8,70,23.1,0,146,256,1,30,3,84,14,70
Aug,1990,14.4,5.8,10.1,74,19.4,0,155,247,1,30,4,70,0,72
Sep,1990,12.8,2.7,7.7,18,16.5,2,97,309,1,22,2,50,32,67
Oct,1990,0.7,-3.4,-1.3,89,8.5,86,9,601,0,6,70,0,0,83
Nov,1990,-2.9,-8.4,-5.7,130,4.3,190,1,709,0,1,109,0,0,76
Dec,1990,-10.3,-15.9,-13.1,228,3.2,407,0,960,0,0,226,0,0,83
Jan,1991,-8.4,-13.6,-11.0,168,4.4,345,0,899,0,0,161,0,0,77
Feb,1991,-1.7,-6.5,-4.1,110,7.3,140,1,616,0,2,88,0,0,80
Mar,1991,-3.9,-11.4,-7.6,96,12.0,248,0,796,0,0,95,0,0,68
Apr,1991,1.0,-7.7,-3.3,66,16.6,130,2,639,0,1,64,0,0,65
May,1991,4.1,-2.7,0.7,116,20.0,44,11,536,0,6,81,46,0,75
Jun,1991,7.6,-0.2,3.7,83,19.6,8,31,429,0,13,37,61,0,73
Jul,1991,13.9,4.7,9.3,60,23.1,0,133,269,0,29,3,83,23,70
Aug,1991,14.5,6.5,10.5,89,19.2,0,168,234,1,30,4,69,0,74
Sep,1991,11.5,2.3,6.9,3,15.6,3,78,334,1,21,0,46,43,70
Oct,1991,2.8,-4.1,-0.6,38,9.3,71,11,580,0,5,27,0,0,73
Nov,1991,-4.0,-8.9,-6.5,126,4.2,206,1,733,0,1,111,0,0,79
Dec,1991,-3.5,-8.8,-6.1,55,3.0,207,1,745,0,1,46,0,0,74
Jan,1992,-3.1,-7.4,-5.3,140,3.6,186,1,722,0,2,100,0,0,82
Feb,1992,-3.1,-6.9,-5.0,104,7.3,162,1,640,0,2,90,0,0,83
Mar,1992,1.8,-7.7,-2.9,38,13.1,126,2,651,0,1,34,0,0,63
Apr,1992,1.9,-5.4,-1.7,86,16.1,91,4,592,0,3,78,0,0,71
May,1992,8.0,-1.4,3.3,42,21.5,14,27,456,0,10,21,62,20,68
Jun,1992,13.3,3.3,8.3,110,22.1,1,106,291,1,25,7,84,0,67
Jul,1992,12.7,4.8,8.7,96,21.4,0,116,288,0,29,7,75,0,74
Aug,1992,14.3,5.1,9.7,47,20.4,0,143,260,1,29,3,71,25,70
Sep,1992,7.5,0.2,3.9,59,13.7,9,33,424,0,15,18,36,0,75
Oct,1992,2.6,-1.5,0.5,63,8.2,50,16,543,0,10,34,16,0,84
Nov,1992,-4.5,-8.8,-6.6,181,4.4,210,1,739,0,1,160,0,0,81
Dec,1992,-8.9,-15.1,-12.0,212,3.2,374,0,926,0,0,209,0,0,77
Jan,1993,-9.5,-14.8,-12.1,123,4.3,379,0,933,0,0,120,0,0,76
Feb,1993,-7.4,-13.3,-10.3,55,8.2,292,0,790,0,0,54,0,0,74
Mar,1993,-2.9,-9.8,-6.4,58,12.2,217,1,757,0,1,58,0,0,71
Apr,1993,-0.6,-6.1,-3.4,147,15.1,131,2,640,0,2,141,0,0,77
May,1993,9.3,-0.3,4.5,79,19.6,7,40,417,1,13,27,67,0,67
Jun,1993,8.3,1.1,4.7,155,20.2,5,42,399,0,18,51,61,0,75
Jul,1993,9.3,3.3,6.3,181,18.5,2,63,364,0,27,31,59,0,80
Aug,1993,11.9,4.3,8.1,55,19.1,0,100,309,0,28,5,61,6,75
Sep,1993,10.0,1.6,5.8,49,15.7,4,58,367,1,19,9,42,0,72
Oct,1993,3.3,-1.7,0.8,92,9.0,46,17,535,0,10,46,18,0,81
Nov,1993,-5.4,-11.2,-8.3,65,4.7,250,0,788,0,1,61,0,0,75
Dec,1993,-4.8,-9.1,-7.0,140,3.3,230,0,770,0,1,123,0,0,73
Jan,1994,-2.8,-6.7,-4.7,93,4.1,171,1,706,0,3,62,0,0,83
Feb,1994,-7.4,-11.6,-9.5,239,6.7,265,0,766,0,0,235,0,0,82
Mar,1994,-0.3,-9.0,-4.6,41,12.3,170,1,704,0,1,40,0,0,64
Apr,1994,2.0,-4.7,-1.4,112,15.9,84,5,581,0,3,99,0,0,73
May,1994,6.7,-1.4,2.7,60,20.4,18,22,475,0,9,33,57,0,71
Jun,1994,9.3,0.8,5.1,102,23.1,4,46,389,0,17,30,67,0,71
Jul,1994,16.8,6.3,11.5,19,25.4,0,202,201,1,30,0,96,77,66
Aug,1994,14.6,5.6,10.1,71,20.8,0,156,246,1,29,3,72,1,71
Sep,1994,12.0,3.3,7.6,48,15.0,2,95,311,1,23,5,47,0,71
Oct,1994,2.2,-2.9,-0.3,110,8.9,65,12,570,0,7,73,0,0,80
Nov,1994,-6.6,-11.7,-9.1,141,4.3,275,0,814,0,0,135,0,0,78
Dec,1994,-5.7,-10.7,-8.2,142,3.1,262,0,808,0,1,131,0,0,81
Jan,1995,-6.4,-10.4,-8.4,172,4.2,265,0,819,0,1,155,0,0,82
Feb,1995,-3.5,-8.8,-6.1,91,7.4,190,0,672,0,1,83,0,0,77
Mar,1995,-3.2,-10.2,-6.7,159,12.2,226,1,768,0,1,158,0,0,70
Apr,1995,0.3,-7.5,-3.6,80,17.0,138,2,649,0,1,78,0,0,68
May,1995,7.6,-2.0,2.8,31,23.5,17,23,471,0,8,16,62,31,66
Jun,1995,10.1,1.5,5.8,118,22.1,3,56,366,0,19,26,70,0,71
Jul,1995,13.4,5.1,9.3,51,23.2,0,131,271,0,29,3,78,28,73
Aug,1995,10.5,3.3,6.9,81,18.0,1,74,346,0,26,11,56,0,76
Sep,1995,12.2,2.9,7.5,43,15.1,2,92,315,1,22,5,48,5,69
Oct,1995,1.0,-3.0,-1.0,109,7.3,78,10,591,0,7,81,0,0,84
Nov,1995,-2.8,-8.0,-5.4,221,3.7,184,1,702,0,2,182,0,0,78
Dec,1995,-6.3,-11.4,-8.9,164,3.5,280,0,830,0,1,155,0,0,78
Jan,1996,-9.2,-13.9,-11.5,169,4.0,359,0,914,0,0,163,0,0,79
Feb,1996,-6.2,-13.2,-9.7,168,7.8,269,0,772,0,0,165,0,0,70
Mar,1996,-3.8,-10.6,-7.2,72,12.5,238,0,783,0,0,72,0,0,71
Apr,1996,0.6,-6.5,-3.0,83,16.2,121,3,628,0,2,79,0,0,71
May,1996,1.7,-3.8,-1.0,186,18.9,80,6,590,0,4,141,0,0,78
Jun,1996,9.3,0.3,4.8,48,23.5,5,42,397,0,14,15,69,20,69
Jul,1996,15.2,4.8,10.0,52,25.1,0,153,249,1,29,2,90,38,66
Aug,1996,14.7,5.1,9.9,29,20.8,0,149,253,1,29,2,74,45,69
Sep,1996,6.9,0.8,3.8,133,13.3,9,33,425,0,16,41,33,0,79
Oct,1996,0.8,-3.5,-1.4,163,7.8,87,9,603,0,6,129,0,0,83
Nov,1996,-6.0,-10.5,-8.3,188,4.0,249,0,787,0,1,176,0,0,80
Dec,1996,-9.5,-15.4,-12.4,215,2.9,387,0,940,0,0,213,0,0,78
Jan,1997,-6.2,-11.7,-8.9,125,4.0,276,0,834,0,1,114,0,0,76
Feb,1997,-5.5,-12.0,-8.7,104,7.5,249,0,744,0,0,102,0,0,72
Mar,1997,-3.6,-9.6,-6.6,117,11.8,223,1,765,0,1,116,0,0,74
Apr,1997,-0.4,-8.3,-4.4,72,17.5,158,2,671,0,1,71,0,0,67
May,1997,5.8,-1.2,2.3,130,21.1,22,19,486,0,10,76,52,0,75
Jun,1997,8.4,0.7,4.5,129,21.5,5,39,405,0,16,45,63,0,74
Jul,1997,12.3,4.0,8.2,146,22.3,1,102,306,0,28,13,75,0,73
Aug,1997,13.8,5.9,9.8,44,19.8,0,148,255,1,30,2,67,22,74
Sep,1997,8.8,3.0,5.9,179,13.8,4,60,363,1,23,32,35,0,80
Oct,1997,0.9,-2.3,-0.7,124,7.5,73,11,582,0,8,88,0,0,87
Nov,1997,-3.0,-7.5,-5.2,47,4.4,181,1,697,0,2,38,0,0,81
Dec,1997,-4.0,-9.3,-6.7,91,3.5,222,1,761,0,1,78,0,0,73
Jan,1998,-6.3,-11.3,-8.8,251,3.9,273,0,830,0,1,228,0,0,78
Feb,1998,-3.5,-8.5,-6.0,93,6.7,186,0,668,0,1,84,0,0,79
Mar,1998,-2.5,-7.9,-5.2,121,11.5,186,1,721,0,1,118,0,0,77
Apr,1998,2.2,-6.6,-2.2,87,18.0,103,4,606,0,2,81,0,0,65
May,1998,7.8,-0.7,3.6,84,21.0,12,29,447,0,12,38,60,0,71
Jun,1998,9.8,1.6,5.7,119,20.0,3,55,370,0,20,27,68,0,72
Jul,1998,17.1,7.2,12.1,54,22.9,0,222,182,2,31,1,94,40,69
Aug,1998,17.3,6.4,11.9,14,21.7,0,213,192,2,30,0,84,70,66
Sep,1998,13.3,4.0,8.7,34,14.9,1,120,281,2,25,3,50,16,69
Oct,1998,1.9,-2.3,-0.2,136,7.6,62,13,565,0,8,88,0,0,84
Nov,1998,-2.0,-6.3,-4.2,144,3.5,155,2,665,0,3,107,0,0,82
Dec,1998,-6.1,-10.6,-8.3,201,2.9,266,0,813,0,1,187,0,0,77
Jan,1999,-4.0,-8.1,-6.1,147,3.7,207,1,747,0,2,114,0,0,82
Feb,1999,-4.5,-9.9,-7.2,157,6.5,215,0,701,0,1,149,0,0,77
Mar,1999,-3.0,-9.1,-6.1,122,11.8,209,1,748,0,1,121,0,0,74
Apr,1999,0.9,-7.7,-3.4,66,18.2,133,2,642,0,1,63,0,0,65
May,1999,3.4,-4.2,-0.4,116,20.1,66,8,571,0,3,86,0,0,71
Jun,1999,7.8,0.1,4.0,119,21.3,7,34,421,0,14,49,61,0,74
Jul,1999,12.3,3.1,7.7,60,24.8,1,90,321,0,26,6,77,18,70
Aug,1999,14.2,6.4,10.3,126,19.8,0,161,241,1,30,6,67,0,75
Sep,1999,9.0,0.8,4.9,25,15.0,6,45,394,0,17,6,40,15,72
Oct,1999,2.4,-2.6,-0.1,94,8.2,61,13,563,0,8,60,0,0,81
Nov,1999,-1.3,-5.1,-3.2,139,3.7,132,3,636,0,4,92,0,0,84
Dec,1999,-4.0,-7.8,-5.9,144,3.2,201,1,738,0,2,118,0,0,80
Jan,2000,-6.1,-11.2,-8.6,164,3.8,269,0,825,0,1,148,0,0,78
Feb,2000,-5.4,-9.7,-7.5,128,7.3,223,0,710,0,1,122,0,0,81
Mar,2000,-2.4,-8.4,-5.4,108,12.0,191,1,727,0,1,105,0,0,74
Apr,2000,2.6,-5.8,-1.6,92,16.6,90,4,589,0,2,84,0,0,67
May,2000,4.1,-3.1,0.5,92,20.2,48,10,542,0,5,65,47,0,73
Jun,2000,9.3,0.6,4.9,93,22.8,4,44,392,0,16,28,68,0,71
Jul,2000,13.7,4.3,9.0,59,24.1,0,123,280,0,28,4,83,23,69
Aug,2000,14.4,4.6,9.5,33,21.1,0,137,266,1,28,2,73,40,68
Sep,2000,8.2,1.3,4.7,87,13.6,6,43,398,0,18,21,36,0,76
Oct,2000,2.7,-2.9,-0.1,71,7.9,61,13,563,0,7,45,0,0,78
Nov,2000,-5.0,-9.4,-7.2,42,4.5,218,1,756,0,1,38,0,0,81
Dec,2000,-6.7,-11.4,-9.0,146,3.4,283,0,834,0,1,138,0,0,84
Jan,2001,-5.0,-9.1,-7.0,57,4.1,231,0,776,0,1,47,0,0,82
Feb,2001,-6.1,-11.7,-8.9,58,7.9,253,0,749,0,0,56,0,0,75
Mar,2001,-1.9,-8.6,-5.3,101,12.5,187,1,723,0,1,99,0,0,72
Apr,2001,-0.4,-6.9,-3.7,98,15.4,139,2,649,0,1,95,0,0,73
May,2001,6.7,-2.0,2.4,71,19.1,21,20,485,0,8,41,58,0,69
Jun,2001,7.8,0.0,3.9,149,20.5,7,33,424,0,13,63,61,0,73
Jul,2001,14.0,4.6,9.3,82,23.3,0,131,271,0,29,5,83,1,69
Aug,2001,15.9,6.0,10.9,46,20.0,0,183,220,1,30,2,78,32,68
Sep,2001,11.5,2.7,7.1,49,13.7,2,83,327,1,22,6,46,0,71
Oct,2001,1.0,-3.2,-1.1,137,7.4,81,10,594,0,6,104,0,0,83
Nov,2001,-1.6,-6.1,-3.9,90,3.7,148,2,656,0,3,64,0,0,81
Dec,2001,-5.3,-10.0,-7.6,137,3.4,248,0,791,0,1,124,0,0,79
Jan,2002,-5.0,-9.3,-7.2,148,3.7,235,0,780,0,1,124,0,0,81
Feb,2002,-4.2,-9.8,-7.0,108,7.4,211,0,697,0,1,102,0,0,76
Mar,2002,-6.1,-11.7,-8.9,92,12.0,274,0,835,0,0,92,0,0,75
Apr,2002,0.8,-6.7,-3.0,34,16.6,122,3,629,0,2,33,0,0,70
May,2002,3.6,-3.0,0.3,106,20.4,51,10,548,0,6,76,45,0,75
Jun,2002,11.8,1.6,6.7,46,22.9,2,72,339,0,20,7,79,33,66
Jul,2002,15.7,5.1,10.4,28,24.8,0,166,236,1,29,1,92,64,66
Aug,2002,14.4,4.4,9.4,25,20.3,0,135,268,1,28,2,74,49,68
Sep,2002,9.4,1.5,5.5,41,13.4,5,53,376,1,19,8,40,0,73
Oct,2002,3.0,-4.6,-0.8,14,9.4,74,11,585,0,4,10,0,0,71
Nov,2002,-1.5,-6.4,-4.0,63,3.8,150,2,659,0,3,46,0,0,79
Dec,2002,-3.8,-7.6,-5.7,160,3.0,195,1,732,0,2,128,0,0,80
Jan,2003,-3.3,-6.5,-4.9,171,4.1,175,1,710,0,3,116,0,0,86
Feb,2003,-4.3,-10.4,-7.4,56,7.9,220,0,707,0,1,53,0,0,74
Mar,2003,-2.7,-8.5,-5.6,123,11.1,196,1,734,0,1,121,0,0,75
Apr,2003,0.5,-6.1,-2.8,107,16.3,118,3,625,0,2,102,0,0,73
May,2003,4.6,-2.4,1.1,73,20.4,38,13,524,0,7,49,48,0,74
Jun,2003,11.6,2.0,6.8,59,23.1,2,73,337,0,21,8,77,18,68
Jul,2003,17.9,6.2,12.0,4,25.5,0,218,186,2,30,0,103,99,63
Aug,2003,16.8,6.0,11.4,2,20.7,0,198,206,2,30,0,82,80,66
Sep,2003,10.8,3.0,6.9,62,14.0,3,78,335,1,22,8,43,0,74
Oct,2003,4.5,-0.4,2.1,147,7.5,29,25,495,0,14,47,19,0,82
Nov,2003,-6.1,-11.9,-9.0,122,4.6,270,0,809,0,0,116,0,0,75
Dec,2003,-5.4,-10.3,-7.9,96,3.1,254,0,798,0,1,88,0,0,83
Jan,2004,-6.2,-10.2,-8.2,238,3.8,261,0,813,0,1,212,0,0,83
Feb,2004,-4.6,-9.8,-7.2,76,7.6,216,0,702,0,1,72,0,0,78
Mar,2004,0.0,-7.3,-3.6,84,11.6,143,2,672,0,2,78,0,0,70
Apr,2004,4.2,-5.5,-0.7,46,17.1,70,6,561,0,2,39,0,0,63
May,2004,5.2,-1.8,1.7,139,17.7,29,16,505,0,8,88,50,0,75
Jun,2004,11.6,1.9,6.8,121,22.5,2,73,338,0,21,17,77,0,68
Jul,2004,15.6,5.9,10.7,26,23.8,0,176,226,1,30,1,90,63,69
Aug,2004,14.4,7.4,10.9,133,18.1,0,181,222,1,30,5,65,0,77
Sep,2004,6.9,2.0,4.4,132,12.9,7,39,407,0,20,35,31,0,83
Oct,2004,2.8,-2.3,0.2,124,7.8,55,14,553,0,8,73,17,0,81
Nov,2004,-2.9,-7.1,-5.0,125,4.0,175,2,689,0,2,99,0,0,82
Dec,2004,-3.8,-7.7,-5.7,189,2.8,196,1,732,0,2,153,0,0,79
Jan,2005,-6.5,-10.3,-8.4,126,3.7,264,0,818,0,1,113,0,0,83
Feb,2005,-3.0,-10.5,-6.7,16,8.2,204,0,688,0,1,15,0,0,68
Mar,2005,-1.2,-7.7,-4.5,102,11.4,166,1,698,0,1,98,0,0,73
Apr,2005,2.5,-6.1,-1.8,46,16.4,93,4,594,0,2,42,0,0,66
May,2005,7.3,-0.5,3.4,95,19.2,13,28,452,0,12,45,57,0,73
Jun,2005,7.8,1.1,4.4,184,19.6,6,38,407,0,18,66,58,0,77
Jul,2005,14.2,5.4,9.8,37,22.9,0,148,254,1,30,2,82,45,71
Aug,2005,15.3,5.5,10.4,26,21.1,0,165,238,1,29,1,76,49,68
Sep,2005,8.2,1.6,4.9,43,14.0,6,45,393,0,19,10,36,0,77
Oct,2005,2.6,-1.1,0.7,146,6.9,46,17,537,0,12,74,15,0,86
Nov,2005,-4.4,-7.4,-5.9,118,3.9,195,1,717,0,2,100,0,0,87
Dec,2005,-6.0,-10.3,-8.2,116,3.3,262,0,807,0,1,107,0,0,83
Jan,2006,-3.0,-6.4,-4.7,240,3.6,170,1,704,0,3,160,0,0,85
Feb,2006,-5.4,-10.7,-8.1,143,7.7,235,0,726,0,0,138,0,0,77
Mar,2006,-3.0,-9.2,-6.1,90,11.6,209,1,749,0,1,88,0,0,73
Apr,2006,1.8,-5.4,-1.8,111,17.1,93,4,594,0,3,101,0,0,72
May,2006,6.3,-1.5,2.4,128,19.8,21,20,484,0,9,74,54,0,72
Jun,2006,10.5,3.0,6.8,109,21.6,2,73,338,0,24,15,68,0,75
Jul,2006,16.7,6.9,11.8,66,23.9,0,211,193,2,30,1,93,27,69
Aug,2006,15.0,4.9,10.0,11,21.0,0,152,251,1,29,1,76,65,67
Sep,2006,10.5,3.0,6.8,40,14.9,3,76,337,1,23,5,42,2,75
Oct,2006,3.1,-2.2,0.5,73,8.2,51,15,546,0,8,40,18,0,80
Nov,2006,-4.8,-8.8,-6.8,181,3.4,213,1,744,0,1,162,0,0,83
Dec,2006,-5.0,-10.1,-7.5,125,3.1,246,0,788,0,1,113,0,0,81
Jan,2007,-6.3,-11.2,-8.8,118,4.1,273,0,830,0,1,108,0,0,78
Feb,2007,-4.7,-8.0,-6.3,120,6.7,195,0,678,0,1,111,0,0,86
Mar,2007,-1.4,-6.6,-4.0,68,11.6,153,2,684,0,2,64,0,0,78
Apr,2007,0.9,-6.3,-2.7,23,16.8,115,3,621,0,2,22,0,0,71
May,2007,7.5,-1.3,3.1,38,21.2,15,25,462,0,10,19,60,22,69
Jun,2007,9.3,1.8,5.5,150,20.4,3,52,374,0,20,36,64,0,75
Jul,2007,16.8,7.7,12.2,69,24.2,0,225,179,2,31,1,91,22,71
Aug,2007,13.7,5.3,9.5,18,20.2,0,139,264,1,29,1,68,49,72
Sep,2007,8.5,2.0,5.2,87,14.3,5,50,383,1,20,19,36,0,78
Oct,2007,1.1,-2.4,-0.7,128,7.3,72,11,580,0,8,91,0,0,86
Nov,2007,-3.8,-7.5,-5.7,68,3.8,190,1,710,0,2,57,0,0,84
Dec,2007,-5.7,-10.8,-8.3,148,2.7,265,0,811,0,1,138,0,0,78
Jan,2008,-6.8,-12.5,-9.7,162,3.6,302,0,857,0,0,152,0,0,75
Feb,2008,-3.4,-9.2,-6.3,85,7.2,193,0,675,0,1,78,0,0,75
Mar,2008,-3.3,-9.5,-6.4,73,12.0,218,1,759,0,1,72,0,0,74
Apr,2008,-1.5,-8.3,-4.9,58,16.8,170,1,686,0,1,57,0,0,71
May,2008,5.9,-1.1,2.4,86,18.9,21,20,484,0,10,50,52,0,75
Jun,2008,9.2,1.1,5.2,95,22.0,4,47,386,0,18,27,66,0,72
Jul,2008,15.1,5.5,10.3,30,23.4,0,161,240,1,30,1,87,58,69
Aug,2008,13.5,5.7,9.6,104,18.5,0,140,262,1,29,6,66,0,74
Sep,2008,9.1,1.7,5.4,9,14.7,5,52,378,1,19,2,39,30,75
Oct,2008,2.2,-2.2,0.0,76,7.6,59,13,561,0,8,48,0,0,83
Nov,2008,-2.2,-5.8,-4.0,96,3.5,151,2,660,0,3,70,0,0,84
Dec,2008,-8.8,-13.8,-11.3,270,2.8,352,0,905,0,0,265,0,0,77
Jan,2009,-6.0,-10.3,-8.1,152,4.5,259,0,810,0,1,135,0,0,81
Feb,2009,-5.9,-11.0,-8.5,105,7.7,245,0,738,0,0,102,0,0,78
Mar,2009,-5.0,-10.5,-7.7,61,11.6,250,0,799,0,0,60,0,0,76
Apr,2009,0.4,-7.0,-3.3,40,17.4,129,2,638,0,1,38,0,0,70
May,2009,6.1,-2.0,2.0,47,20.4,25,17,496,0,8,29,55,8,71
Jun,2009,11.4,1.8,6.6,47,22.1,2,69,343,0,20,7,76,29,68
Jul,2009,15.8,6.9,11.4,63,23.1,0,196,207,1,30,2,88,24,71
Aug,2009,14.8,7.2,11.0,61,20.2,0,184,220,1,30,2,68,7,75
Sep,2009,11.6,4.1,7.8,62,14.2,2,99,306,1,25,6,43,0,75
Oct,2009,0.5,-3.3,-1.4,215,7.7,88,9,604,0,6,170,0,0,84
Nov,2009,-2.0,-6.0,-4.0,35,3.9,151,2,660,0,3,25,0,0,83
Dec,2009,-7.7,-12.6,-10.1,119,3.4,317,0,869,0,0,115,0,0,78
Jan,2010,-2.7,-6.3,-4.5,110,3.9,166,1,699,0,3,72,0,0,85
Feb,2010,-2.4,-6.4,-4.4,97,7.7,146,1,622,0,2,79,0,0,83
Mar,2010,-0.4,-7.5,-4.0,61,11.7,152,2,683,0,1,57,0,0,70
Apr,2010,0.9,-5.7,-2.4,50,16.2,107,3,612,0,2,47,0,0,73
May,2010,3.9,-2.7,0.6,119,18.4,46,11,540,0,6,84,46,0,75
Jun,2010,8.9,1.6,5.2,103,20.4,4,48,383,0,20,28,63,0,75
Jul,2010,14.9,5.8,10.4,23,24.7,0,164,238,1,30,1,86,63,70
Aug,2010,14.1,5.7,9.9,41,19.6,0,148,254,1,29,2,69,27,73
Sep,2010,7.7,3.4,5.5,100,12.7,5,54,375,1,23,20,30,0,85
Oct,2010,3.8,-0.6,1.6,77,8.1,35,22,510,0,13,29,17,0,84
Nov,2010,-5.5,-9.2,-7.3,111,3.5,221,1,759,0,1,101,0,0,84
Dec,2010,-5.0,-9.1,-7.1,128,3.1,233,0,774,0,1,113,0,0,78
Jan,2011,-4.5,-8.4,-6.5,156,-9999.0,217,1,759,0,2,125,0,0,83
Feb,2011,-7.2,-11.4,-9.3,127,-9999.0,261,0,760,0,0,124,0,0,81
Mar,2011,-3.3,-8.0,-5.6,150,-9999.0,197,1,734,0,1,147,0,0,80
Apr,2011,-1.9,-8.0,-5.0,79,-9999.0,172,1,689,0,1,78,0,0,74
May,2011,4.3,-2.5,0.9,120,-9999.0,41,12,531,0,7,83,47,0,75
Jun,2011,8.2,1.1,4.7,60,-9999.0,5,41,400,0,18,20,60,0,76
Jul,2011,12.1,4.1,8.1,80,-9999.0,1,101,307,0,28,7,74,0,73
Aug,2011,15.8,6.4,11.1,11,-9999.0,0,188,215,2,30,0,76,65,70
Sep,2011,12.4,4.3,8.4,23,-9999.0,1,112,290,2,25,2,46,23,73
Oct,2011,2.2,-1.5,0.3,120,-9999.0,53,15,549,0,10,69,15,0,86
Nov,2011,-4.3,-9.0,-6.7,94,-9999.0,211,1,740,0,1,84,0,0,80
Dec,2011,-3.8,-8.5,-6.1,51,-9999.0,207,1,744,0,1,42,0,0,82
Jan,2012,-5.9,-10.0,-8.0,115,-9999.0,254,0,805,0,1,101,0,0,82
Feb,2012,-6.1,-9.6,-7.9,200,-9999.0,231,0,720,0,1,193,0,0,84
Mar,2012,-3.7,-8.3,-6.0,183,-9999.0,208,1,746,0,1,180,0,0,80
Apr,2012,1.1,-5.6,-2.3,134,-9999.0,104,4,608,0,2,125,0,0,73
May,2012,5.3,-2.0,1.6,58,-9999.0,30,15,507,0,8,37,51,0,73
Jun,2012,6.8,1.3,4.0,272,-9999.0,7,34,420,0,18,111,52,0,81
Jul,2012,14.8,6.8,10.8,76,-9999.0,0,179,223,1,30,2,82,5,74
Aug,2012,16.0,6.9,11.4,15,-9999.0,0,199,205,2,30,0,76,61,71
Sep,2012,12.2,3.6,7.9,5,-9999.0,2,100,304,1,24,1,47,41,71
Oct,2012,2.5,-1.3,0.6,225,-9999.0,49,16,543,0,11,121,15,0,86
Nov,2012,-2.7,-5.5,-4.1,153,-9999.0,153,2,662,0,4,112,0,0,88
Dec,2012,-5.0,-8.8,-6.9,179,-9999.0,228,0,769,0,1,156,0,0,80
Jan,2013,-5.0,-8.7,-6.8,140,-9999.0,227,0,770,0,2,115,0,0,84
Feb,2013,-3.7,-8.2,-5.9,79,-9999.0,185,0,666,0,1,71,0,0,81
Mar,2013,-1.6,-7.4,-4.5,91,-9999.0,168,1,701,0,2,88,0,0,75
Apr,2013,0.2,-5.8,-2.8,98,-9999.0,116,3,623,0,2,93,0,0,75
May,2013,7.0,-0.7,3.2,129,-9999.0,14,26,460,0,12,65,56,0,73
Jun,2013,9.3,2.6,6.0,180,-9999.0,3,59,361,0,23,36,62,0,77
Jul,2013,16.4,6.6,11.5,19,-9999.0,0,201,202,1,30,0,92,73,68
Aug,2013,15.1,7.5,11.3,45,-9999.0,0,194,209,2,30,1,69,24,75
Sep,2013,9.1,3.9,6.5,165,-9999.0,3,71,345,1,24,25,34,0,82
Oct,2013,2.0,-2.1,-0.1,33,-9999.0,60,13,562,0,9,21,0,0,84
Nov,2013,-4.1,-7.2,-5.7,149,-9999.0,190,1,710,0,2,125,0,0,87
Dec,2013,-6.6,-10.4,-8.5,87,-9999.0,272,0,819,0,1,81,0,0,84
Jan,2014,-3.5,-6.8,-5.1,88,-9999.0,182,1,718,0,3,62,0,0,86
Feb,2014,-8.6,-13.0,-10.8,109,-9999.0,305,0,802,0,0,108,0,0,80
Mar,2014,-3.2,-8.3,-5.7,125,-9999.0,200,1,738,0,1,123,0,0,78
Apr,2014,0.4,-6.4,-3.0,112,-9999.0,123,3,630,0,2,107,0,0,72
May,2014,6.3,-0.9,2.7,85,-9999.0,18,22,475,0,11,47,53,0,75
Jun,2014,10.0,1.8,5.9,144,-9999.0,3,58,364,0,20,30,69,0,72
Jul,2014,16.4,7.5,12.0,56,-9999.0,0,216,188,2,31,1,89,33,71
Aug,2014,14.7,7.5,11.1,33,-9999.0,0,187,216,2,30,1,66,33,77
Sep,2014,9.9,3.4,6.6,83,-9999.0,3,73,341,1,23,12,38,0,78
Oct,2014,4.2,0.8,2.5,116,-9999.0,25,28,482,0,17,31,16,0,88
Nov,2014,-4.3,-8.5,-6.4,129,-9999.0,205,1,732,0,1,113,0,0,82
Dec,2014,-5.0,-9.1,-7.1,144,-9999.0,233,0,774,0,1,127,0,0,83
Jan,2015,-3.0,-6.2,-4.6,178,-9999.0,168,1,701,0,3,117,0,0,86
Feb,2015,-1.9,-5.8,-3.9,126,-9999.0,134,1,608,0,3,97,0,0,83
Mar,2015,0.7,-5.0,-2.2,123,-9999.0,108,3,627,0,4,104,0,0,76
Apr,2015,1.8,-5.9,-2.1,27,-9999.0,99,4,602,0,2,25,0,0,70
May,2015,8.5,-0.4,4.1,93,-9999.0,9,35,432,1,13,37,63,0,70
Jun,2015,14.1,4.8,9.4,60,-9999.0,0,136,258,1,27,2,84,24,70
Jul,2015,15.7,7.3,11.5,39,-9999.0,0,200,203,1,31,1,86,47,73
Aug,2015,14.6,7.2,10.9,31,-9999.0,0,181,222,1,30,1,67,36,76
Sep,2015,8.4,2.3,5.4,41,-9999.0,5,52,379,1,21,8,35,0,79
Oct,2015,4.7,0.4,2.5,115,-9999.0,25,28,481,0,16,30,18,0,85
Nov,2015,-4.4,-8.2,-6.3,122,-9999.0,204,1,729,0,2,106,0,0,84
Dec,2015,-5.3,-8.5,-6.9,193,-9999.0,228,0,768,0,1,169,0,0,82
Jan,2016,-4.2,-7.0,-5.6,207,-9999.0,194,1,732,0,3,153,0,0,88
Feb,2016,-2.6,-6.2,-4.4,154,-9999.0,146,1,622,0,2,126,0,0,85
Mar,2016,-0.9,-6.5,-3.7,148,-9999.0,146,2,675,0,2,139,0,0,77
Apr,2016,5.6,-2.7,1.5,17,-9999.0,36,13,496,0,7,10,43,26,70
May,2016,7.5,0.0,3.7,81,-9999.0,11,31,442,0,14,36,57,0,74
Jun,2016,10.6,2.7,6.6,141,-9999.0,2,70,341,0,23,21,69,0,73
Jul,2016,12.5,5.9,9.2,76,-9999.0,0,129,273,0,30,4,70,0,78
Aug,2016,15.5,7.2,11.3,19,-9999.0,0,195,209,2,30,1,72,53,73
Sep,2016,8.0,2.5,5.2,80,-9999.0,5,49,384,0,21,17,33,0,81
Oct,2016,1.4,-0.8,0.3,273,-9999.0,54,15,551,0,12,158,11,0,92
Nov,2016,-0.1,-3.2,-1.7,116,-9999.0,95,5,589,0,7,59,0,0,87
Dec,2016,-8.5,-12.8,-10.7,116,-9999.0,332,0,885,0,0,113,0,0,86
Jan,2017,-7.8,-12.0,-9.9,51,-9999.0,308,0,863,0,1,48,0,0,81
Feb,2017,-7.3,-11.6,-9.4,199,-9999.0,264,0,764,0,0,195,0,0,81
Mar,2017,-3.6,-7.1,-5.4,217,-9999.0,190,1,726,0,2,212,0,0,85
Apr,2017,-1.3,-5.9,-3.6,160,-9999.0,137,2,647,0,2,155,0,0,80
May,2017,6.5,-0.6,3.0,167,-9999.0,16,24,466,0,12,87,53,0,75
Jun,2017,11.3,2.7,7.0,77,-9999.0,2,77,330,0,23,10,74,0,71
Jul,2017,17.5,7.4,12.4,0,-9999.0,0,231,173,2,31,0,96,96,68
Aug,2017,16.7,7.7,12.2,3,-9999.0,0,223,182,3,30,0,77,74,71
Sep,2017,10.4,3.8,7.1,23,-9999.0,2,83,327,1,24,3,40,17,78
Oct,2017,2.1,-2.2,0.0,84,-9999.0,60,13,561,0,8,53,0,0,83
Nov,2017,-4.2,-6.7,-5.5,171,-9999.0,186,1,704,0,2,142,0,0,89
Dec,2017,-6.7,-9.1,-7.9,150,-9999.0,255,0,799,0,1,137,0,0,81
Jan,2018,-3.9,-6.8,-5.3,264,-9999.0,187,1,724,0,3,190,0,0,87
Feb,2018,-8.1,-11.4,-9.7,228,-9999.0,269,0,773,0,0,224,0,0,85
Mar,2018,-7.5,-9.1,-8.3,319,-9999.0,263,0,818,0,1,318,0,0,93
Apr,2018,1.2,-5.0,-1.9,100,-9999.0,96,4,598,0,3,92,0,0,75
May,2018,10.0,1.3,5.7,53,-9999.0,4,57,382,1,19,12,67,13,71
Jun,2018,10.0,1.9,6.0,117,-9999.0,3,59,361,0,21,24,68,0,73
Jul,2018,16.1,6.8,11.4,24,-9999.0,0,198,205,1,30,1,89,66,70
Aug,2018,14.4,6.9,10.6,13,-9999.0,0,172,230,1,30,1,67,54,76
Sep,2018,7.4,2.8,5.1,115,-9999.0,5,48,387,0,22,26,31,0,84
Oct,2018,2.0,-1.9,0.0,139,-9999.0,58,14,559,0,9,85,15,0,85
Nov,2018,-2.7,-5.8,-4.2,134,-9999.0,157,2,667,0,3,100,0,0,87
Dec,2018,-4.3,-8.1,-6.2,94,-9999.0,209,1,747,0,2,79,0,0,90
Jan,2019,-3.3,-7.9,-5.6,95,-9999.0,195,1,733,0,2,71,0,0,80
Feb,2019,-11.1,-15.0,-13.0,117,-9999.0,366,0,864,0,0,117,0,0,82
Mar,2019,-2.2,-10.6,-6.4,45,-9999.0,218,1,759,0,0,44,0,0,65
Apr,2019,0.4,-6.2,-2.9,49,-9999.0,120,3,626,0,2,46,0,0,73
May,2019,8.3,-0.2,4.1,31,-9999.0,9,34,432,1,13,12,61,31,71
Jun,2019,10.7,2.2,6.5,85,-9999.0,2,67,347,0,22,14,72,0,71
Jul,2019,12.7,5.7,9.2,74,-9999.0,0,130,273,0,30,4,72,0,77
Aug,2019,15.0,7.0,11.0,48,-9999.0,0,184,219,1,30,2,70,22,74
Sep,2019,7.1,3.4,5.2,188,-9999.0,5,50,383,1,23,40,27,0,87
Oct,2019,0.4,-3.9,-1.8,89,-9999.0,96,8,615,0,5,74,0,0,82
Nov,2019,-2.8,-6.9,-4.9,55,-9999.0,172,2,685,0,2,44,0,0,82
Dec,2019,-4.7,-8.4,-6.6,174,-9999.0,219,1,758,0,1,149,0,0,83
