Month,Year,Max Temp,Min Temp,Ave Temp,Precipitation,Radiation,DDays < 0째C,DDays > 5째C,DDays < 18째C,DDays > 18째C,Frost Free Days,Snowfall,Evaporation,Moisture Deficit,Relative Humidity
Jan,1901,0.6,-5.8,-2.6,323,-9999.0,118,0,639,0,4,149,0,0,74
Feb,1901,2.9,-5.1,-1.1,374,-9999.0,78,0,531,0,3,173,0,0,69
Mar,1901,5.5,-3.2,1.1,158,-9999.0,49,4,525,0,6,64,32,0,68
Apr,1901,6.9,-2.4,2.3,240,-9999.0,28,15,473,0,7,114,48,0,67
May,1901,12.6,2.1,7.3,175,-9999.0,2,90,331,0,21,19,80,0,65
Jun,1901,13.0,2.8,7.9,242,-9999.0,1,97,303,0,23,19,84,0,67
Jul,1901,18.6,5.6,12.1,41,-9999.0,0,222,182,2,30,1,109,68,60
Aug,1901,21.9,7.7,14.8,19,-9999.0,0,302,106,10,31,0,107,88,57
Sep,1901,13.7,3.5,8.6,121,-9999.0,1,118,282,2,24,10,53,0,67
Oct,1901,13.4,2.9,8.2,253,-9999.0,3,118,305,0,23,3,37,0,66
Nov,1901,7.5,1.1,4.3,511,-9999.0,17,37,413,1,18,45,15,0,78
Dec,1901,2.8,-2.8,0.0,270,-9999.0,65,6,555,0,8,64,0,0,78
Jan,1902,1.5,-5.4,-1.9,238,-9999.0,104,0,620,0,4,94,0,0,72
Feb,1902,5.2,-1.8,1.7,524,-9999.0,41,8,453,0,9,92,18,0,74
Mar,1902,3.1,-3.9,-0.4,322,-9999.0,73,0,573,0,5,209,0,0,73
Apr,1902,7.3,-1.6,2.8,203,-9999.0,23,19,455,0,9,79,48,0,69
May,1902,10.9,2.0,6.5,234,-9999.0,3,71,358,0,21,38,71,0,70
Jun,1902,15.6,3.3,9.5,87,-9999.0,0,136,257,0,25,3,97,10,61
Jul,1902,17.8,5.6,11.7,107,-9999.0,0,208,195,1,30,2,105,0,62
Aug,1902,19.6,6.3,12.9,82,-9999.0,0,248,158,4,30,2,97,15,59
Sep,1902,14.2,2.7,8.4,101,-9999.0,1,114,288,2,22,8,56,0,63
Oct,1902,11.9,1.7,6.8,92,-9999.0,5,87,348,0,20,2,34,0,66
Nov,1902,3.1,-2.6,0.3,530,-9999.0,58,3,532,0,8,171,11,0,78
Dec,1902,0.7,-5.0,-2.2,452,-9999.0,105,0,622,0,4,205,0,0,78
Jan,1903,2.0,-3.8,-0.9,295,-9999.0,83,1,587,0,6,89,0,0,77
Feb,1903,1.7,-8.2,-3.3,95,-9999.0,120,0,591,0,1,68,0,0,61
Mar,1903,2.5,-6.7,-2.1,254,-9999.0,106,0,625,0,2,214,0,0,64
Apr,1903,5.9,-2.1,1.9,194,-9999.0,31,12,483,0,8,103,44,0,71
May,1903,10.6,0.2,5.4,168,-9999.0,5,52,391,0,15,43,73,0,65
Jun,1903,17.8,5.9,11.9,162,-9999.0,0,207,185,3,28,1,104,0,63
Jul,1903,17.0,6.0,11.5,97,-9999.0,0,201,202,1,30,2,98,2,65
Aug,1903,17.9,7.9,12.9,111,-9999.0,0,247,159,4,31,2,84,0,68
Sep,1903,11.7,4.4,8.0,319,-9999.0,2,104,300,1,25,30,44,0,76
Oct,1903,11.3,1.8,6.6,201,-9999.0,5,82,356,0,20,6,33,0,69
Nov,1903,4.8,-1.3,1.8,537,-9999.0,37,12,487,0,11,112,13,0,78
Dec,1903,3.1,-3.0,0.0,273,-9999.0,65,5,554,0,7,64,0,0,77
Jan,1904,1.7,-4.1,-1.2,329,-9999.0,89,0,597,0,6,108,0,0,77
Feb,1904,0.1,-5.9,-2.9,506,-9999.0,113,0,581,0,3,344,0,0,75
Mar,1904,2.3,-5.4,-1.6,339,-9999.0,94,0,608,0,3,268,0,0,70
Apr,1904,8.6,-0.8,3.9,207,-9999.0,16,30,423,0,12,51,52,0,68
May,1904,11.1,0.2,5.6,127,-9999.0,4,56,384,0,15,30,75,0,64
Jun,1904,15.2,3.5,9.4,201,-9999.0,0,134,259,0,25,7,95,0,62
Jul,1904,19.5,7.0,13.2,47,-9999.0,0,257,145,3,31,1,111,64,61
Aug,1904,19.9,6.6,13.3,55,-9999.0,0,258,148,5,30,1,99,44,59
Sep,1904,15.6,4.3,10.0,63,-9999.0,1,156,242,3,25,3,59,0,64
Oct,1904,11.0,2.4,6.7,218,-9999.0,5,85,352,0,22,6,31,0,71
Nov,1904,8.4,1.6,5.0,399,-9999.0,13,46,390,1,19,26,16,0,77
Dec,1904,3.1,-2.5,0.3,388,-9999.0,61,6,546,0,8,83,9,0,77
Jan,1905,1.4,-3.8,-1.2,253,-9999.0,89,0,597,0,6,83,0,0,79
Feb,1905,2.4,-5.7,-1.7,176,-9999.0,88,0,546,0,3,94,0,0,68
Mar,1905,6.8,-1.1,2.8,213,-9999.0,31,15,472,0,12,40,34,0,72
Apr,1905,8.7,-1.5,3.6,147,-9999.0,17,26,432,0,10,42,53,0,65
May,1905,10.5,0.0,5.3,235,-9999.0,5,51,394,0,14,62,73,0,65
Jun,1905,15.0,4.5,9.8,184,-9999.0,0,145,247,1,27,5,91,0,66
Jul,1905,20.1,7.2,13.6,55,-9999.0,0,269,135,4,31,1,115,60,60
Aug,1905,18.6,7.0,12.8,79,-9999.0,0,243,163,4,30,2,90,12,64
Sep,1905,13.0,5.4,9.2,280,-9999.0,1,135,264,2,27,18,47,0,75
Oct,1905,7.2,-1.1,3.0,377,-9999.0,21,32,466,0,11,79,26,0,71
Nov,1905,5.5,-2.1,1.7,239,-9999.0,38,11,489,0,9,51,14,0,72
Dec,1905,2.7,-3.9,-0.6,202,-9999.0,75,2,574,0,6,59,9,0,79
Jan,1906,2.0,-3.3,-0.7,271,-9999.0,79,2,580,0,7,77,0,0,79
Feb,1906,4.4,-2.6,0.9,276,-9999.0,49,5,474,0,7,66,17,0,74
Mar,1906,5.6,-4.5,0.6,164,-9999.0,56,0,542,0,4,81,34,0,63
Apr,1906,10.0,-0.4,4.8,61,-9999.0,11,41,396,0,13,10,57,0,65
May,1906,10.8,1.6,6.2,357,-9999.0,3,66,366,0,20,65,71,0,69
Jun,1906,13.3,3.6,8.4,207,-9999.0,1,109,287,0,25,13,83,0,68
Jul,1906,22.5,9.1,15.8,24,-9999.0,0,336,81,13,31,0,124,101,60
Aug,1906,20.2,7.1,13.7,16,-9999.0,0,270,136,6,30,0,99,82,60
Sep,1906,13.0,5.2,9.1,219,-9999.0,1,132,268,2,27,15,47,0,74
Oct,1906,10.7,2.0,6.3,402,-9999.0,6,78,363,0,21,14,31,0,71
Nov,1906,4.3,-1.9,1.2,607,-9999.0,44,9,504,0,10,151,12,0,77
Dec,1906,2.6,-2.7,0.0,386,-9999.0,65,5,556,0,8,92,0,0,74
Jan,1907,-4.8,-11.6,-8.2,279,-9999.0,261,0,813,0,1,249,0,0,70
Feb,1907,2.6,-3.9,-0.7,505,-9999.0,71,2,518,0,5,207,0,0,75
Mar,1907,2.8,-4.9,-1.0,219,-9999.0,84,0,592,0,4,161,0,0,70
Apr,1907,7.0,-2.4,2.3,263,-9999.0,28,17,472,0,7,124,48,0,67
May,1907,12.7,1.1,6.9,123,-9999.0,2,80,345,0,18,16,82,0,62
Jun,1907,14.3,3.7,9.0,206,-9999.0,1,124,270,0,26,9,89,0,66
Jul,1907,19.7,6.7,13.2,62,-9999.0,0,256,146,3,30,1,113,51,60
Aug,1907,16.3,6.7,11.5,87,-9999.0,0,200,204,2,30,3,79,0,69
Sep,1907,13.9,5.0,9.5,167,-9999.0,1,141,257,2,26,10,51,0,71
Oct,1907,12.7,3.0,7.8,49,-9999.0,3,110,316,0,23,1,35,0,68
Nov,1907,6.7,-0.1,3.3,422,-9999.0,23,29,441,0,14,53,14,0,76
Dec,1907,2.7,-3.2,-0.2,401,-9999.0,69,7,562,0,7,103,0,0,80
Jan,1908,2.1,-4.8,-1.3,205,-9999.0,92,0,601,0,5,70,0,0,73
Feb,1908,2.8,-5.2,-1.2,422,-9999.0,80,0,534,0,3,201,0,0,69
Mar,1908,3.9,-4.5,-0.3,368,-9999.0,70,0,568,0,4,231,0,0,68
Apr,1908,7.7,-1.7,3.0,186,-9999.0,22,21,450,0,9,68,50,0,67
May,1908,9.3,0.2,4.8,237,-9999.0,6,43,411,0,15,77,66,0,69
Jun,1908,15.2,3.8,9.5,172,-9999.0,0,137,256,0,26,6,94,0,63
Jul,1908,20.6,7.4,14.0,101,-9999.0,0,280,126,5,31,1,117,16,60
Aug,1908,18.6,7.2,12.9,104,-9999.0,0,247,159,4,30,2,90,0,64
Sep,1908,14.0,3.8,8.9,53,-9999.0,1,125,274,2,24,4,54,1,67
Oct,1908,10.1,0.9,5.5,341,-9999.0,8,63,389,0,18,19,31,0,69
Nov,1908,7.1,0.1,3.6,331,-9999.0,21,28,433,0,15,37,15,0,76
Dec,1908,1.1,-5.9,-2.4,320,-9999.0,109,0,629,0,3,153,0,0,77
Jan,1909,-3.6,-9.5,-6.6,383,-9999.0,220,0,762,0,1,309,0,0,74
Feb,1909,1.7,-4.2,-1.2,577,-9999.0,80,0,534,0,5,275,0,0,77
Mar,1909,4.7,-4.4,0.1,185,-9999.0,63,0,556,0,4,104,31,0,66
Apr,1909,6.0,-3.1,1.5,83,-9999.0,36,10,496,0,6,49,45,0,67
May,1909,9.8,-0.3,4.8,163,-9999.0,6,43,410,0,13,52,70,0,66
Jun,1909,15.8,3.7,9.8,107,-9999.0,0,145,248,1,25,3,98,0,61
Jul,1909,17.3,5.9,11.6,111,-9999.0,0,204,199,1,30,2,100,0,64
Aug,1909,18.3,5.9,12.1,85,-9999.0,0,221,184,3,30,2,92,6,61
Sep,1909,15.3,5.0,10.1,142,-9999.0,1,161,236,3,26,7,57,0,67
Oct,1909,10.0,1.9,5.9,287,-9999.0,7,71,375,0,20,12,29,0,73
Nov,1909,4.4,-1.3,1.5,839,-9999.0,40,12,494,0,11,187,12,0,79
Dec,1909,-0.4,-7.5,-3.9,257,-9999.0,147,0,677,0,2,167,0,0,71
Jan,1910,0.6,-5.7,-2.6,355,-9999.0,117,0,638,0,4,162,0,0,74
Feb,1910,-0.4,-7.6,-4.0,430,-9999.0,138,0,612,0,1,338,0,0,70
Mar,1910,6.6,-2.6,2.0,208,-9999.0,39,10,499,0,8,60,35,0,67
Apr,1910,8.8,-1.0,3.9,138,-9999.0,16,30,423,0,11,34,53,0,66
May,1910,13.2,1.2,7.2,185,-9999.0,2,86,336,0,18,22,84,0,61
Jun,1910,15.0,3.4,9.2,118,-9999.0,1,128,266,0,25,5,93,0,63
Jul,1910,20.2,6.1,13.2,22,-9999.0,0,255,146,3,30,0,118,96,57
Aug,1910,17.5,5.9,11.7,69,-9999.0,0,208,196,2,30,2,87,19,63
Sep,1910,14.4,4.8,9.6,97,-9999.0,1,145,253,3,26,6,54,0,69
Oct,1910,10.3,2.5,6.4,448,-9999.0,6,79,361,0,22,15,30,0,73
Nov,1910,4.7,-0.8,2.0,519,-9999.0,35,14,482,0,12,102,12,0,80
Dec,1910,3.4,-2.3,0.5,422,-9999.0,57,9,538,0,9,82,0,0,70
Jan,1911,-2.7,-7.9,-5.3,348,-9999.0,187,0,723,0,2,250,0,0,78
Feb,1911,0.1,-7.2,-3.6,172,-9999.0,127,0,600,0,2,128,0,0,70
Mar,1911,6.1,-4.0,1.1,122,-9999.0,50,6,527,0,5,51,35,0,63
Apr,1911,7.4,-3.7,1.8,96,-9999.0,32,13,485,0,5,52,51,0,61
May,1911,10.0,0.3,5.1,226,-9999.0,5,48,400,0,15,64,70,0,67
Jun,1911,15.0,3.2,9.1,116,-9999.0,1,127,268,0,24,5,94,0,62
Jul,1911,20.8,6.7,13.7,36,-9999.0,0,272,133,4,30,0,120,84,57
Aug,1911,19.2,6.7,12.9,95,-9999.0,0,247,159,4,30,2,94,0,61
Sep,1911,11.7,4.6,8.2,230,-9999.0,1,107,296,2,26,21,44,0,76
Oct,1911,11.4,0.3,5.9,59,-9999.0,7,70,377,0,16,3,34,0,63
Nov,1911,2.0,-3.8,-0.9,622,-9999.0,79,1,567,0,6,270,0,0,77
Dec,1911,1.3,-4.4,-1.5,298,-9999.0,92,2,603,0,5,115,9,0,78
Jan,1912,0.3,-5.6,-2.6,262,-9999.0,119,0,641,0,4,122,0,0,76
Feb,1912,3.7,-3.1,0.3,370,-9999.0,57,1,492,0,6,111,16,0,75
Mar,1912,5.4,-6.5,-0.6,60,-9999.0,75,0,577,0,2,40,0,0,57
Apr,1912,5.9,-1.8,2.0,152,-9999.0,30,13,479,0,9,77,43,0,72
May,1912,11.8,1.4,6.6,111,-9999.0,2,74,354,0,19,17,77,0,66
Jun,1912,17.0,4.4,10.7,186,-9999.0,0,172,219,2,27,3,103,0,60
Jul,1912,18.0,6.8,12.4,99,-9999.0,0,230,174,2,30,2,103,4,64
Aug,1912,16.8,7.1,12.0,184,-9999.0,0,216,189,2,30,5,80,0,69
Sep,1912,14.4,3.3,8.9,70,-9999.0,1,125,275,2,23,5,56,0,64
Oct,1912,7.8,0.1,4.0,292,-9999.0,15,42,436,0,15,38,26,0,73
Nov,1912,4.9,-0.2,2.4,444,-9999.0,31,16,469,0,14,76,12,0,82
Dec,1912,1.5,-3.6,-1.1,343,-9999.0,83,0,588,0,6,115,0,0,77
Jan,1913,-3.0,-8.6,-5.8,383,-9999.0,199,0,737,0,2,288,0,0,76
Feb,1913,0.3,-7.7,-3.7,217,-9999.0,131,0,604,0,1,165,0,0,67
Mar,1913,1.3,-6.2,-2.4,244,-9999.0,113,0,635,0,2,212,0,0,70
Apr,1913,7.5,-1.7,2.9,105,-9999.0,23,21,454,0,9,40,49,0,68
May,1913,10.5,0.8,5.7,152,-9999.0,4,56,383,0,17,35,71,0,68
Jun,1913,14.6,4.2,9.4,232,-9999.0,0,134,259,0,26,8,89,0,66
Jul,1913,18.3,6.5,12.4,94,-9999.0,0,231,173,2,30,1,105,11,63
Aug,1913,19.4,8.3,13.8,94,-9999.0,0,275,131,6,31,1,91,0,66
Sep,1913,14.3,4.3,9.3,209,-9999.0,1,136,263,2,25,13,54,0,67
Oct,1913,8.1,0.7,4.4,356,-9999.0,12,48,423,0,17,37,26,0,75
Nov,1913,4.6,-1.4,1.6,383,-9999.0,39,13,492,0,11,84,12,0,78
Dec,1913,2.5,-3.7,-0.6,16,-9999.0,74,5,573,0,6,5,0,0,80
Jan,1914,1.7,-3.0,-0.7,532,-9999.0,80,3,581,0,8,151,0,0,82
Feb,1914,1.5,-5.2,-1.8,181,-9999.0,91,0,551,0,3,100,0,0,73
Mar,1914,5.9,-2.9,1.5,160,-9999.0,44,6,513,0,7,56,33,0,68
Apr,1914,9.0,-0.2,4.4,172,-9999.0,13,36,408,0,14,34,53,0,69
May,1914,13.8,1.4,7.6,86,-9999.0,1,97,322,0,19,8,87,1,60
Jun,1914,15.1,3.7,9.4,208,-9999.0,0,134,259,0,25,8,94,0,63
Jul,1914,20.5,6.5,13.5,14,-9999.0,0,265,139,4,30,0,119,105,57
Aug,1914,20.5,6.3,13.4,10,-9999.0,0,262,144,5,30,0,102,92,57
Sep,1914,12.0,4.9,8.4,264,-9999.0,1,114,288,2,26,22,44,0,76
Oct,1914,11.9,2.8,7.4,267,-9999.0,4,100,330,0,23,5,33,0,70
Nov,1914,5.6,0.3,2.9,491,-9999.0,26,22,453,0,15,70,13,0,81
Dec,1914,0.3,-7.5,-3.6,47,-9999.0,138,0,666,0,2,29,0,0,76
Jan,1915,2.0,-5.8,-1.9,196,-9999.0,102,0,617,0,4,76,0,0,69
Feb,1915,4.4,-3.0,0.7,165,-9999.0,52,4,480,0,6,43,18,0,72
Mar,1915,9.1,-1.8,3.6,97,-9999.0,25,25,448,0,10,12,41,0,63
Apr,1915,11.3,0.1,5.7,124,-9999.0,8,54,370,0,15,13,61,0,63
May,1915,11.5,1.7,6.6,178,-9999.0,2,74,354,0,20,27,75,0,68
Jun,1915,15.6,4.1,9.8,60,-9999.0,0,147,246,1,26,2,96,36,63
Jul,1915,19.5,6.8,13.2,68,-9999.0,0,254,147,3,30,1,112,44,61
Aug,1915,22.2,8.0,15.1,6,-9999.0,0,314,100,11,31,0,108,102,57
Sep,1915,14.3,4.1,9.2,57,-9999.0,1,135,264,2,25,4,55,0,67
Oct,1915,10.4,2.8,6.6,427,-9999.0,5,83,354,0,23,13,30,0,74
Nov,1915,2.8,-2.7,0.0,423,-9999.0,62,3,539,0,8,146,11,0,79
Dec,1915,1.3,-4.1,-1.4,486,-9999.0,89,1,598,0,5,179,0,0,68
Jan,1916,-6.8,-14.5,-10.6,222,-9999.0,332,0,886,0,0,212,0,0,66
Feb,1916,1.8,-6.2,-2.2,442,-9999.0,98,0,561,0,2,264,0,0,68
Mar,1916,3.7,-3.1,0.3,399,-9999.0,61,7,552,0,7,217,27,0,74
Apr,1916,7.0,-1.1,3.0,159,-9999.0,22,25,450,0,11,58,46,0,72
May,1916,9.7,-0.4,4.6,171,-9999.0,7,41,414,0,13,57,69,0,66
Jun,1916,15.7,3.5,9.6,163,-9999.0,0,140,253,0,25,5,97,0,61
Jul,1916,16.8,6.2,11.5,141,-9999.0,0,202,201,1,30,3,97,0,66
Aug,1916,20.1,7.3,13.7,32,-9999.0,0,271,135,6,30,0,98,66,61
Sep,1916,15.2,3.8,9.5,61,-9999.0,1,143,256,2,24,4,58,0,64
Oct,1916,11.0,-0.6,5.2,110,-9999.0,9,59,398,0,13,7,34,0,61
Nov,1916,3.4,-3.4,0.0,299,-9999.0,62,8,540,0,7,104,12,0,74
Dec,1916,-2.4,-7.3,-4.8,331,-9999.0,171,0,705,0,2,243,0,0,77
Jan,1917,-0.6,-7.2,-3.9,259,-9999.0,150,0,680,0,2,153,0,0,73
Feb,1917,-0.4,-7.4,-3.9,267,-9999.0,136,0,610,0,2,209,0,0,71
Mar,1917,1.2,-6.9,-2.9,277,-9999.0,124,0,648,0,2,248,0,0,67
Apr,1917,4.2,-2.5,0.8,288,-9999.0,44,7,515,0,7,197,38,0,75
May,1917,10.5,0.4,5.4,77,-9999.0,4,53,390,0,15,19,72,0,66
Jun,1917,13.7,2.7,8.2,292,-9999.0,1,103,296,0,23,20,88,0,64
Jul,1917,20.4,6.3,13.4,36,-9999.0,0,261,142,4,30,0,119,83,57
Aug,1917,21.8,7.1,14.5,30,-9999.0,0,293,114,8,30,0,107,77,56
Sep,1917,15.1,4.9,10.0,105,-9999.0,1,156,241,3,26,5,56,0,67
Oct,1917,11.3,1.7,6.5,157,-9999.0,5,82,357,0,20,5,33,0,68
Nov,1917,8.5,1.6,5.0,248,-9999.0,13,48,389,1,19,16,16,0,76
Dec,1917,1.9,-2.9,-0.5,873,-9999.0,73,5,570,0,8,244,0,0,78
Jan,1918,2.3,-2.6,-0.2,341,-9999.0,71,4,565,0,9,83,0,0,81
Feb,1918,0.5,-6.0,-2.8,395,-9999.0,110,0,577,0,3,262,0,0,73
Mar,1918,3.5,-3.8,-0.2,294,-9999.0,68,0,565,0,5,179,0,0,72
Apr,1918,9.8,-2.7,3.5,42,-9999.0,18,26,435,0,7,12,59,17,57
May,1918,10.2,0.4,5.3,140,-9999.0,5,51,393,0,15,37,71,0,67
Jun,1918,18.0,4.3,11.2,62,-9999.0,0,186,206,2,27,1,109,47,57
Jul,1918,19.8,7.2,13.5,128,-9999.0,0,265,139,4,31,1,113,0,61
Aug,1918,17.9,7.2,12.6,151,-9999.0,0,236,170,3,30,3,86,0,66
Sep,1918,19.0,5.8,12.4,18,-9999.0,0,224,174,7,27,0,70,52,59
Oct,1918,10.7,3.1,6.9,525,-9999.0,5,89,346,0,23,13,30,0,74
Nov,1918,5.0,-1.1,1.9,308,-9999.0,35,13,482,0,12,61,13,0,78
Dec,1918,2.3,-4.3,-1.0,452,-9999.0,82,1,587,0,5,150,0,0,82
Jan,1919,2.9,-3.5,-0.3,291,-9999.0,73,4,570,0,7,75,0,0,75
Feb,1919,0.4,-6.7,-3.1,427,-9999.0,118,0,588,0,2,301,0,0,71
Mar,1919,3.4,-5.1,-0.9,228,-9999.0,81,0,587,0,3,162,0,0,67
Apr,1919,8.0,-1.1,3.5,224,-9999.0,18,25,436,0,11,67,50,0,68
May,1919,11.3,0.2,5.7,193,-9999.0,4,58,380,0,15,43,77,0,63
Jun,1919,15.0,2.4,8.7,94,-9999.0,1,116,280,0,22,5,95,2,60
Jul,1919,20.4,5.9,13.2,32,-9999.0,0,255,146,3,30,0,119,87,56
Aug,1919,20.2,6.8,13.5,28,-9999.0,0,266,140,5,30,0,100,72,59
Sep,1919,15.9,4.7,10.3,140,-9999.0,1,166,232,3,26,6,59,0,64
Oct,1919,8.0,-1.5,3.2,174,-9999.0,19,35,459,0,10,33,28,0,67
Nov,1919,3.8,-2.0,0.9,442,-9999.0,49,7,514,0,9,121,12,0,78
Dec,1919,1.3,-6.2,-2.5,345,-9999.0,111,0,631,0,3,167,0,0,74
Jan,1920,2.2,-4.8,-1.3,351,-9999.0,91,0,600,0,5,119,0,0,72
Feb,1920,4.0,-5.3,-0.7,92,-9999.0,71,0,518,0,3,38,0,0,65
Mar,1920,4.1,-4.0,0.1,288,-9999.0,64,0,557,0,5,165,30,0,70
Apr,1920,4.7,-3.3,0.7,230,-9999.0,46,5,519,0,5,161,41,0,70
May,1920,10.3,-0.9,4.7,121,-9999.0,7,42,413,0,11,40,74,0,62
Jun,1920,14.3,3.3,8.8,210,-9999.0,1,119,276,0,25,10,90,0,64
Jul,1920,20.6,7.6,14.1,64,-9999.0,0,282,125,5,31,1,117,53,60
Aug,1920,21.2,7.5,14.4,65,-9999.0,0,290,116,8,30,1,104,39,58
Sep,1920,12.8,4.7,8.7,330,-9999.0,1,122,279,2,26,25,48,0,73
Oct,1920,7.8,1.2,4.5,446,-9999.0,12,49,419,0,18,43,25,0,77
Nov,1920,5.8,-0.6,2.6,254,-9999.0,28,18,461,0,13,40,14,0,77
Dec,1920,2.4,-2.2,0.1,380,-9999.0,63,5,552,0,9,87,0,0,70
Jan,1921,1.2,-4.6,-1.7,459,-9999.0,99,0,612,0,5,172,0,0,76
Feb,1921,2.8,-4.2,-0.7,405,-9999.0,72,0,521,0,4,170,0,0,73
Mar,1921,3.9,-4.0,-0.1,228,-9999.0,67,0,562,0,5,136,0,0,70
Apr,1921,5.8,-2.8,1.5,228,-9999.0,36,9,497,0,6,136,44,0,69
May,1921,11.5,0.6,6.0,130,-9999.0,3,63,371,0,16,26,77,0,64
Jun,1921,14.8,4.6,9.7,208,-9999.0,0,142,251,1,27,6,89,0,67
Jul,1921,18.2,5.4,11.8,35,-9999.0,0,210,193,2,30,1,107,72,60
Aug,1921,18.5,7.3,12.9,74,-9999.0,0,247,159,4,30,1,89,15,65
Sep,1921,11.5,3.5,7.5,208,-9999.0,2,92,314,1,24,23,45,0,73
Oct,1921,11.8,2.3,7.1,411,-9999.0,4,93,339,0,22,9,34,0,68
Nov,1921,4.0,-1.2,1.4,469,-9999.0,42,9,498,0,11,109,12,0,81
Dec,1921,0.3,-5.8,-2.7,390,-9999.0,117,0,640,0,3,201,8,0,82
Jan,1922,-1.5,-8.2,-4.9,115,-9999.0,175,0,710,0,2,78,0,0,72
Feb,1922,-1.5,-8.8,-5.1,251,-9999.0,165,0,644,0,1,218,0,0,70
Mar,1922,1.8,-5.8,-2.0,257,-9999.0,104,0,622,0,3,215,0,0,70
Apr,1922,4.7,-3.1,0.8,165,-9999.0,44,7,515,0,6,112,41,0,71
May,1922,10.8,0.0,5.4,124,-9999.0,5,52,391,0,14,31,75,0,64
Jun,1922,17.9,4.6,11.3,23,-9999.0,0,189,203,2,27,0,108,85,58
Jul,1922,20.0,6.3,13.2,2,-9999.0,0,255,146,3,30,0,116,114,58
Aug,1922,19.1,8.0,13.6,149,-9999.0,0,268,138,5,31,2,91,0,65
Sep,1922,15.2,5.4,10.3,195,-9999.0,1,165,233,3,27,9,56,0,68
Oct,1922,10.6,2.6,6.6,287,-9999.0,5,83,354,0,22,9,30,0,73
Nov,1922,4.2,-3.3,0.4,151,-9999.0,55,6,527,0,7,47,13,0,72
Dec,1922,-2.6,-7.9,-5.3,487,-9999.0,183,0,718,0,2,375,0,0,74
Jan,1923,0.7,-5.2,-2.2,446,-9999.0,110,0,629,0,4,190,0,0,76
Feb,1923,-0.2,-8.2,-4.2,173,-9999.0,142,0,618,0,1,139,0,0,67
Mar,1923,3.3,-5.3,-1.0,197,-9999.0,83,0,591,0,3,143,0,0,67
Apr,1923,7.6,-1.4,3.1,115,-9999.0,21,22,448,0,10,41,49,0,68
May,1923,10.6,1.4,6.0,234,-9999.0,3,63,372,0,19,46,70,0,69
Jun,1923,14.6,4.5,9.5,171,-9999.0,0,138,255,0,27,6,88,0,67
Jul,1923,20.1,7.9,14.0,66,-9999.0,0,279,127,5,31,1,112,47,62
Aug,1923,20.5,7.7,14.1,68,-9999.0,0,283,122,7,30,1,99,31,61
Sep,1923,15.6,4.4,10.0,123,-9999.0,1,158,240,3,25,6,59,0,64
Oct,1923,11.7,1.2,6.4,197,-9999.0,6,80,360,0,18,6,34,0,65
Nov,1923,6.6,-0.4,3.1,277,-9999.0,24,25,447,0,14,37,15,0,75
Dec,1923,1.5,-4.0,-1.3,579,-9999.0,86,2,594,0,6,205,0,0,76
Jan,1924,0.3,-5.1,-2.4,257,-9999.0,114,0,634,0,4,114,0,0,78
Feb,1924,5.3,-1.1,2.1,503,-9999.0,37,13,441,0,11,74,18,0,77
Mar,1924,4.5,-4.8,-0.2,95,-9999.0,68,0,565,0,4,58,0,0,65
Apr,1924,6.1,-1.9,2.1,144,-9999.0,29,14,477,0,9,71,44,0,71
May,1924,14.3,1.9,8.1,39,-9999.0,1,108,308,0,20,3,89,50,60
Jun,1924,15.3,3.6,9.5,95,-9999.0,0,136,257,0,25,3,95,0,63
Jul,1924,19.5,6.6,13.0,47,-9999.0,0,250,150,3,30,1,112,65,60
Aug,1924,18.7,7.6,13.1,49,-9999.0,0,254,152,4,30,1,90,41,65
Sep,1924,15.6,4.4,10.0,139,-9999.0,1,156,242,3,25,7,59,0,64
Oct,1924,10.2,2.5,6.3,339,-9999.0,6,78,363,0,22,12,29,0,74
Nov,1924,2.9,-2.5,0.2,357,-9999.0,59,4,535,0,8,119,11,0,79
Dec,1924,-0.8,-7.6,-4.2,404,-9999.0,153,0,685,0,2,272,0,0,78
Jan,1925,1.7,-3.6,-0.9,389,-9999.0,84,0,589,0,7,119,0,0,79
Feb,1925,3.8,-1.5,1.2,415,-9999.0,46,5,467,0,10,90,15,0,80
Mar,1925,4.7,-2.8,1.0,216,-9999.0,51,1,531,0,7,94,30,0,72
Apr,1925,8.3,-0.2,4.1,144,-9999.0,15,31,418,0,14,34,50,0,71
May,1925,14.5,2.4,8.5,120,-9999.0,1,118,296,0,22,7,89,0,61
Jun,1925,16.2,3.9,10.0,87,-9999.0,0,153,240,1,26,2,99,12,61
Jul,1925,21.2,7.7,14.5,35,-9999.0,0,292,115,6,31,0,120,86,59
Aug,1925,18.7,7.2,13.0,78,-9999.0,0,249,157,4,30,1,91,13,64
Sep,1925,15.3,5.0,10.2,30,-9999.0,1,162,235,3,26,1,57,26,67
Oct,1925,10.9,-0.6,5.1,209,-9999.0,9,58,400,0,13,14,34,0,62
Nov,1925,5.2,-1.4,1.9,232,-9999.0,36,12,483,0,11,46,13,0,76
Dec,1925,5.5,-0.4,2.6,427,-9999.0,34,21,475,0,14,37,0,0,71
Jan,1926,2.6,-4.2,-0.8,211,-9999.0,82,2,585,0,6,62,0,0,74
Feb,1926,5.0,-1.8,1.6,408,-9999.0,42,9,455,0,9,75,18,0,75
Mar,1926,9.2,-2.2,3.5,85,-9999.0,26,22,453,0,9,12,42,0,61
Apr,1926,11.9,0.2,6.1,122,-9999.0,7,61,358,0,15,10,64,0,62
May,1926,11.2,2.1,6.6,250,-9999.0,2,74,353,0,21,38,72,0,70
Jun,1926,17.7,4.9,11.3,55,-9999.0,0,190,202,2,27,1,106,51,60
Jul,1926,21.0,7.5,14.3,12,-9999.0,0,287,120,6,31,0,119,108,59
Aug,1926,19.2,7.6,13.4,107,-9999.0,0,261,145,5,30,2,92,0,64
Sep,1926,13.5,2.5,8.0,138,-9999.0,2,103,301,1,21,13,54,0,64
Oct,1926,11.1,2.7,6.9,295,-9999.0,5,90,345,0,23,7,31,0,72
Nov,1926,6.6,0.8,3.7,284,-9999.0,20,30,428,0,17,30,14,0,80
Dec,1926,0.7,-4.9,-2.1,365,-9999.0,103,0,619,0,4,162,10,0,79
Jan,1927,0.0,-5.4,-2.7,265,-9999.0,121,0,643,0,4,125,0,0,78
Feb,1927,2.6,-4.9,-1.2,383,-9999.0,79,0,533,0,4,181,0,0,71
Mar,1927,3.4,-4.2,-0.4,232,-9999.0,72,0,573,0,5,150,0,0,71
Apr,1927,6.1,-2.5,1.8,211,-9999.0,32,13,486,0,7,114,45,0,69
May,1927,8.4,0.6,4.5,185,-9999.0,7,40,418,0,16,64,61,0,73
Jun,1927,16.1,5.3,10.7,51,-9999.0,0,172,219,2,28,1,96,45,65
Jul,1927,19.9,7.7,13.8,70,-9999.0,0,273,133,4,31,1,112,42,62
Aug,1927,19.8,8.3,14.0,151,-9999.0,0,281,123,7,31,2,94,0,64
Sep,1927,12.2,5.9,9.0,276,-9999.0,1,130,270,2,27,19,43,0,79
Oct,1927,9.3,2.7,6.0,415,-9999.0,7,72,373,0,23,18,27,0,78
Nov,1927,2.7,-1.8,0.4,514,-9999.0,55,6,527,0,10,160,10,0,83
Dec,1927,-2.0,-7.9,-5.0,324,-9999.0,174,0,708,0,2,241,0,0,77
Jan,1928,2.1,-3.5,-0.7,328,-9999.0,80,2,581,0,7,93,0,0,78
Feb,1928,4.6,-4.3,0.2,188,-9999.0,59,1,495,0,4,59,19,0,67
Mar,1928,6.1,-2.3,1.9,328,-9999.0,40,7,502,0,8,99,33,0,70
Apr,1928,6.5,-1.1,2.7,260,-9999.0,24,18,461,0,11,108,44,0,73
May,1928,14.9,2.4,8.6,127,-9999.0,1,123,291,0,22,7,92,0,60
Jun,1928,14.5,5.1,9.8,200,-9999.0,0,146,247,1,28,6,86,0,69
Jul,1928,20.1,8.0,14.1,71,-9999.0,0,281,125,5,31,1,112,41,63
Aug,1928,19.6,6.7,13.1,80,-9999.0,0,254,153,4,30,1,96,16,60
Sep,1928,15.6,4.5,10.0,116,-9999.0,1,158,240,3,26,6,58,0,65
Oct,1928,8.9,1.8,5.4,472,-9999.0,8,62,392,0,20,28,27,0,76
Nov,1928,5.4,-0.6,2.4,361,-9999.0,31,16,469,0,13,62,13,0,79
Dec,1928,1.4,-5.0,-1.8,288,-9999.0,97,0,611,0,4,119,0,0,74
Jan,1929,-2.7,-9.1,-5.9,127,-9999.0,203,0,742,0,1,97,0,0,73
Feb,1929,-0.3,-8.6,-4.5,183,-9999.0,148,0,625,0,1,150,0,0,66
Mar,1929,4.3,-3.3,0.5,247,-9999.0,57,4,543,0,6,124,29,0,72
Apr,1929,5.5,-2.8,1.4,231,-9999.0,37,11,499,0,7,140,43,0,70
May,1929,11.4,1.4,6.4,247,-9999.0,3,69,361,0,19,42,75,0,67
Jun,1929,14.0,4.9,9.5,174,-9999.0,0,137,256,0,27,6,84,0,70
Jul,1929,19.6,6.6,13.1,49,-9999.0,0,252,149,3,30,1,113,64,60
Aug,1929,20.7,7.7,14.2,113,-9999.0,0,286,120,7,31,1,100,0,60
Sep,1929,16.4,5.0,10.7,110,-9999.0,1,177,220,4,26,4,61,0,64
Oct,1929,12.0,2.2,7.1,281,-9999.0,4,94,338,0,21,6,34,0,68
Nov,1929,5.4,-1.5,2.0,168,-9999.0,35,17,481,0,11,32,14,0,75
Dec,1929,1.4,-3.1,-0.8,424,-9999.0,79,4,581,0,7,132,0,0,74
Jan,1930,-4.7,-12.2,-8.4,132,-9999.0,266,0,820,0,1,119,0,0,67
Feb,1930,3.7,-3.2,0.2,577,-9999.0,58,7,493,0,6,176,16,0,74
Mar,1930,5.7,-3.5,1.1,222,-9999.0,49,10,526,0,6,92,33,0,66
Apr,1930,9.6,0.4,5.0,210,-9999.0,11,47,391,0,16,31,54,0,69
May,1930,9.9,0.5,5.2,190,-9999.0,5,49,397,0,16,52,69,0,68
Jun,1930,14.4,4.4,9.4,191,-9999.0,0,134,259,0,27,7,87,0,68
Jul,1930,19.6,6.7,13.1,16,-9999.0,0,253,148,3,30,0,113,97,60
Aug,1930,20.9,7.7,14.3,25,-9999.0,0,289,117,8,31,0,101,76,60
Sep,1930,14.3,5.6,10.0,195,-9999.0,1,155,242,3,27,10,52,0,72
Oct,1930,9.4,0.7,5.0,294,-9999.0,10,56,403,0,17,21,29,0,71
Nov,1930,4.3,-2.0,1.1,291,-9999.0,45,13,506,0,9,73,13,0,77
Dec,1930,3.1,-2.8,0.1,157,-9999.0,63,10,551,0,8,35,0,0,82
Jan,1931,3.8,-1.4,1.2,326,-9999.0,51,11,522,0,11,51,11,0,81
Feb,1931,3.5,-3.3,0.1,276,-9999.0,60,0,497,0,6,88,16,0,74
Mar,1931,4.3,-2.5,0.9,352,-9999.0,52,1,531,0,8,154,28,0,75
Apr,1931,8.8,-0.5,4.2,188,-9999.0,14,32,416,0,13,42,52,0,68
May,1931,13.3,2.0,7.6,175,-9999.0,1,97,321,0,21,16,84,0,63
Jun,1931,14.3,5.2,9.8,335,-9999.0,0,144,248,1,28,10,84,0,71
Jul,1931,20.8,7.3,14.0,41,-9999.0,0,280,127,5,31,0,118,78,59
Aug,1931,20.1,6.9,13.5,14,-9999.0,0,266,141,5,30,0,99,85,59
Sep,1931,12.2,5.9,9.1,304,-9999.0,1,130,269,2,27,21,42,0,79
Oct,1931,10.5,1.7,6.1,189,-9999.0,6,74,370,0,20,7,31,0,71
Nov,1931,2.5,-3.5,-0.5,336,-9999.0,72,0,555,0,6,133,0,0,77
Dec,1931,1.2,-4.2,-1.5,325,-9999.0,91,0,601,0,5,123,9,0,78
Jan,1932,-1.2,-6.6,-3.9,264,-9999.0,150,0,680,0,3,156,0,0,77
Feb,1932,0.9,-5.6,-2.4,522,-9999.0,102,0,566,0,3,323,0,0,74
Mar,1932,3.2,-3.1,0.1,416,-9999.0,64,0,558,0,7,239,26,0,76
Apr,1932,7.4,-0.3,3.5,222,-9999.0,18,26,434,0,13,65,47,0,73
May,1932,11.2,1.4,6.3,53,-9999.0,3,68,362,0,19,9,74,21,67
Jun,1932,16.3,4.7,10.5,98,-9999.0,0,166,226,2,27,2,98,0,63
Jul,1932,16.5,6.4,11.5,145,-9999.0,0,200,203,1,30,3,94,0,68
Aug,1932,18.6,8.2,13.4,38,-9999.0,0,262,144,5,31,1,87,49,67
Sep,1932,15.6,4.7,10.1,87,-9999.0,1,161,237,3,26,4,58,0,65
Oct,1932,10.6,2.5,6.5,327,-9999.0,5,82,356,0,22,10,30,0,73
Nov,1932,5.8,1.0,3.4,627,-9999.0,22,27,438,0,17,75,12,0,83
Dec,1932,-0.1,-6.3,-3.2,364,-9999.0,128,0,654,0,3,207,0,0,78
Jan,1933,-0.4,-4.8,-2.6,381,-9999.0,119,0,640,0,5,176,0,0,81
Feb,1933,-2.0,-8.1,-5.0,318,-9999.0,162,0,641,0,1,273,0,0,74
Mar,1933,3.8,-3.9,0.0,238,-9999.0,66,0,561,0,5,141,0,0,71
Apr,1933,7.7,-2.6,2.6,62,-9999.0,25,19,464,0,7,27,51,0,64
May,1933,8.2,0.1,4.2,188,-9999.0,9,36,429,0,14,73,61,0,72
Jun,1933,14.7,3.6,9.1,129,-9999.0,1,128,266,0,25,5,91,0,64
Jul,1933,19.2,6.2,12.7,60,-9999.0,0,240,164,2,30,1,111,51,60
Aug,1933,20.9,8.4,14.7,50,-9999.0,0,299,109,9,31,1,100,49,62
Sep,1933,11.8,4.7,8.3,320,-9999.0,1,109,293,2,26,28,44,0,76
Oct,1933,10.4,2.2,6.3,447,-9999.0,6,77,364,0,21,16,30,0,72
Nov,1933,6.8,0.7,3.8,262,-9999.0,20,33,428,0,16,28,14,0,79
Dec,1933,1.9,-3.1,-0.6,876,-9999.0,74,5,573,0,7,253,0,0,74
Jan,1934,3.2,-2.2,0.5,415,-9999.0,61,6,544,0,9,82,10,0,80
Feb,1934,7.1,-2.1,2.5,146,-9999.0,33,14,430,0,8,18,22,0,67
Mar,1934,8.5,-0.9,3.8,288,-9999.0,24,24,442,0,12,32,38,0,68
Apr,1934,11.7,1.6,6.7,103,-9999.0,6,71,340,0,19,6,61,0,67
May,1934,12.9,2.7,7.8,241,-9999.0,1,101,317,0,23,21,80,0,66
Jun,1934,15.9,4.2,10.1,60,-9999.0,0,154,238,1,26,1,97,37,63
Jul,1934,18.1,6.6,12.4,96,-9999.0,0,229,176,2,30,2,104,8,64
Aug,1934,20.3,8.3,14.3,43,-9999.0,0,288,118,7,31,1,96,53,63
Sep,1934,12.8,4.9,8.9,138,-9999.0,1,125,275,2,26,10,47,0,74
Oct,1934,11.8,2.7,7.2,270,-9999.0,4,96,335,0,23,6,33,0,70
Nov,1934,6.3,1.2,3.8,407,-9999.0,20,29,428,0,18,43,13,0,82
Dec,1934,1.7,-3.3,-0.8,383,-9999.0,78,1,580,0,7,118,0,0,81
Jan,1935,-0.6,-6.6,-3.6,583,-9999.0,143,0,671,0,3,327,0,0,75
Feb,1935,4.7,-3.2,0.8,132,-9999.0,51,4,479,0,6,34,18,0,71
Mar,1935,1.4,-5.3,-2.0,280,-9999.0,103,0,620,0,3,232,0,0,73
Apr,1935,6.6,-3.5,1.5,96,-9999.0,36,10,495,0,5,56,48,0,64
May,1935,11.7,-0.1,5.8,48,-9999.0,4,59,378,0,14,10,79,32,61
Jun,1935,15.0,4.2,9.6,158,-9999.0,0,140,253,0,26,5,91,0,65
Jul,1935,18.2,6.9,12.6,83,-9999.0,0,235,169,2,30,1,104,21,64
Aug,1935,18.5,7.2,12.8,56,-9999.0,0,244,162,4,30,1,89,34,65
Sep,1935,16.4,5.6,11.0,134,-9999.0,0,186,207,4,27,5,60,0,66
Oct,1935,9.4,0.5,4.9,209,-9999.0,10,55,406,0,16,16,30,0,70
Nov,1935,3.6,-3.2,0.2,157,-9999.0,58,4,533,0,7,51,12,0,74
Dec,1935,4.1,-2.3,0.9,157,-9999.0,53,10,528,0,9,27,0,0,80
Jan,1936,1.8,-4.2,-1.2,365,-9999.0,89,4,597,0,6,120,0,0,77
Feb,1936,-4.1,-11.5,-7.8,421,-9999.0,229,0,718,0,0,404,0,0,68
Mar,1936,2.0,-5.4,-1.7,270,-9999.0,98,0,613,0,3,218,0,0,71
Apr,1936,8.3,-0.9,3.7,162,-9999.0,17,30,430,0,11,45,51,0,68
May,1936,12.5,3.0,7.7,220,-9999.0,1,100,319,0,24,19,77,0,69
Jun,1936,15.5,5.8,10.7,245,-9999.0,0,171,220,2,28,4,90,0,69
Jul,1936,19.0,7.3,13.2,83,-9999.0,0,254,147,3,31,1,108,25,63
Aug,1936,20.1,7.6,13.8,56,-9999.0,0,275,130,6,30,1,97,42,61
Sep,1936,14.2,4.3,9.3,128,-9999.0,1,136,263,2,25,8,54,0,68
Oct,1936,12.3,2.5,7.4,70,-9999.0,4,100,330,0,22,1,34,0,68
Nov,1936,6.7,-1.7,2.5,61,-9999.0,30,21,466,0,10,10,15,0,70
Dec,1936,2.1,-3.3,-0.6,508,-9999.0,75,6,574,0,7,147,10,0,76
Jan,1937,-5.0,-13.0,-9.0,100,-9999.0,277,0,836,0,0,92,0,0,66
Feb,1937,-0.5,-6.7,-3.6,424,-9999.0,128,0,601,0,2,319,0,0,74
Mar,1937,5.7,-2.9,1.4,112,-9999.0,46,12,517,0,7,41,33,0,69
Apr,1937,3.9,-1.3,1.3,330,-9999.0,39,12,502,0,10,205,34,0,81
May,1937,11.8,1.1,6.4,122,-9999.0,3,70,359,0,18,20,77,0,65
Jun,1937,15.7,5.1,10.4,324,-9999.0,0,162,230,1,28,7,93,0,66
Jul,1937,19.4,7.7,13.6,16,-9999.0,0,266,138,4,31,0,109,94,63
Aug,1937,17.8,7.2,12.5,90,-9999.0,0,233,172,3,30,2,86,0,66
Sep,1937,15.5,6.1,10.8,88,-9999.0,0,179,217,4,27,3,55,0,70
Oct,1937,12.5,3.6,8.0,285,-9999.0,3,115,309,0,25,4,34,0,71
Nov,1937,4.7,-0.2,2.3,512,-9999.0,32,20,472,0,14,90,12,0,83
Dec,1937,2.1,-3.3,-0.6,460,-9999.0,74,7,573,0,7,132,0,0,79
Jan,1938,1.5,-4.4,-1.5,223,-9999.0,94,0,605,0,5,79,0,0,77
Feb,1938,2.2,-5.3,-1.6,168,-9999.0,86,0,544,0,3,88,0,0,70
Mar,1938,3.9,-4.0,-0.1,243,-9999.0,67,0,563,0,5,146,0,0,70
Apr,1938,8.1,-1.3,3.4,206,-9999.0,19,24,438,0,10,64,51,0,67
May,1938,12.1,1.1,6.6,112,-9999.0,2,73,354,0,18,17,79,0,64
Jun,1938,16.9,4.7,10.8,12,-9999.0,0,175,217,2,27,0,102,90,61
Jul,1938,21.2,7.7,14.5,62,-9999.0,0,293,115,6,31,0,120,58,59
Aug,1938,18.4,6.5,12.4,49,-9999.0,0,232,174,3,30,1,91,42,63
Sep,1938,17.2,7.1,12.1,82,-9999.0,0,217,181,7,28,2,60,0,68
Oct,1938,11.6,2.3,7.0,287,-9999.0,4,91,342,0,22,7,33,0,69
Nov,1938,3.3,-2.6,0.3,359,-9999.0,57,4,530,0,8,115,12,0,78
Dec,1938,2.4,-3.8,-0.7,515,-9999.0,77,2,577,0,6,155,0,0,79
Jan,1939,2.3,-2.4,-0.1,378,-9999.0,69,6,562,0,9,90,0,0,82
Feb,1939,0.0,-6.9,-3.5,324,-9999.0,125,0,597,0,2,239,0,0,71
Mar,1939,4.8,-3.8,0.5,168,-9999.0,58,1,545,0,5,86,31,0,68
Apr,1939,9.2,-0.6,4.3,140,-9999.0,14,36,411,0,12,29,54,0,67
May,1939,12.2,1.6,6.9,196,-9999.0,2,80,344,0,20,26,78,0,65
Jun,1939,12.6,3.9,8.3,200,-9999.0,1,105,292,0,26,13,78,0,71
Jul,1939,19.3,7.3,13.3,94,-9999.0,0,259,143,3,31,1,109,15,63
Aug,1939,21.6,7.9,14.8,55,-9999.0,0,301,108,9,31,1,105,49,59
Sep,1939,15.4,5.2,10.3,91,-9999.0,1,165,233,3,26,4,57,0,67
Oct,1939,10.0,2.3,6.2,331,-9999.0,6,75,368,0,22,13,29,0,74
Nov,1939,8.5,1.8,5.2,311,-9999.0,12,50,385,1,20,20,16,0,77
Dec,1939,5.2,-0.1,2.6,476,-9999.0,34,23,475,0,15,42,0,0,76
Jan,1940,3.6,-3.1,0.2,113,-9999.0,65,4,553,0,8,25,11,0,75
Feb,1940,3.5,-2.6,0.4,388,-9999.0,55,0,487,0,7,111,16,0,77
Mar,1940,6.8,-1.5,2.6,314,-9999.0,33,12,478,0,11,66,34,0,71
Apr,1940,9.0,0.9,4.9,160,-9999.0,11,42,393,0,17,25,51,0,72
May,1940,13.6,3.0,8.3,185,-9999.0,1,114,301,0,24,12,83,0,66
Jun,1940,18.2,4.8,11.5,81,-9999.0,0,197,195,3,27,1,109,28,58
Jul,1940,19.4,7.9,13.6,82,-9999.0,0,269,136,4,31,1,108,26,64
Aug,1940,20.4,8.3,14.3,73,-9999.0,0,289,117,8,31,1,97,24,63
Sep,1940,17.6,7.9,12.7,85,-9999.0,0,233,166,8,29,2,60,0,69
Oct,1940,11.4,4.2,7.8,389,-9999.0,3,110,316,0,26,6,30,0,76
Nov,1940,3.0,-3.5,-0.2,239,-9999.0,66,0,547,0,6,89,0,0,75
Dec,1940,3.4,-2.6,0.4,272,-9999.0,59,5,542,0,8,56,10,0,81
Jan,1941,3.3,-2.9,0.2,178,-9999.0,65,6,554,0,8,39,11,0,76
Feb,1941,6.0,-2.5,1.8,136,-9999.0,40,10,451,0,7,23,20,0,69
Mar,1941,9.5,-1.4,4.1,73,-9999.0,22,29,434,0,11,7,42,0,63
Apr,1941,10.1,0.2,5.2,112,-9999.0,10,46,386,0,15,15,57,0,67
May,1941,10.8,2.5,6.7,244,-9999.0,2,75,352,0,22,36,69,0,72
Jun,1941,14.7,5.2,10.0,142,-9999.0,0,150,242,1,28,4,87,0,69
Jul,1941,21.5,9.1,15.3,27,-9999.0,0,319,94,10,31,0,118,91,62
Aug,1941,19.3,8.3,13.8,133,-9999.0,0,274,131,6,31,2,91,0,66
Sep,1941,10.9,4.9,7.9,320,-9999.0,2,101,303,1,26,31,40,0,80
Oct,1941,9.8,2.7,6.2,361,-9999.0,6,76,365,0,23,13,28,0,76
Nov,1941,6.6,-0.2,3.2,343,-9999.0,24,24,445,0,14,45,14,0,76
Dec,1941,1.9,-3.9,-1.0,410,-9999.0,81,1,585,0,6,133,9,0,77
Jan,1942,2.7,-4.9,-1.1,72,-9999.0,88,1,594,0,5,23,0,0,71
Feb,1942,2.7,-4.4,-0.8,141,-9999.0,74,0,523,0,4,61,0,0,72
Mar,1942,4.3,-3.8,0.2,189,-9999.0,62,0,553,0,5,104,30,0,70
Apr,1942,8.9,-0.2,4.4,150,-9999.0,13,35,409,0,14,30,52,0,69
May,1942,10.2,2.0,6.1,160,-9999.0,3,63,370,0,21,31,67,0,72
Jun,1942,14.0,4.8,9.4,274,-9999.0,0,133,260,0,27,10,84,0,70
Jul,1942,20.3,9.0,14.6,91,-9999.0,0,297,110,7,31,1,110,19,65
Aug,1942,21.5,9.2,15.3,30,-9999.0,0,321,95,12,31,0,101,71,62
Sep,1942,16.3,5.1,10.7,35,-9999.0,0,177,220,4,26,1,60,26,64
Oct,1942,11.8,2.2,7.0,202,-9999.0,4,92,341,0,21,5,34,0,68
Nov,1942,3.5,-2.3,0.6,466,-9999.0,52,5,522,0,9,137,12,0,78
Dec,1942,2.1,-3.1,-0.5,453,-9999.0,73,3,570,0,7,127,0,0,77
Jan,1943,-2.7,-9.6,-6.2,223,-9999.0,209,0,749,0,1,174,0,0,71
Feb,1943,4.8,-3.9,0.4,331,-9999.0,55,5,487,0,5,94,19,0,68
Mar,1943,3.3,-5.5,-1.1,263,-9999.0,85,0,594,0,3,195,0,0,66
Apr,1943,9.5,0.0,4.7,224,-9999.0,12,41,398,0,14,38,54,0,68
May,1943,9.1,0.6,4.9,186,-9999.0,6,44,407,0,16,58,65,0,71
Jun,1943,14.3,3.4,8.9,137,-9999.0,1,121,274,0,25,6,90,0,65
Jul,1943,19.0,7.1,13.1,82,-9999.0,0,251,149,3,31,1,108,26,63
Aug,1943,18.2,7.8,13.0,65,-9999.0,0,248,158,4,31,1,86,21,67
Sep,1943,17.6,5.3,11.5,51,-9999.0,0,199,197,5,27,2,65,14,62
Oct,1943,11.6,2.8,7.2,267,-9999.0,4,95,336,0,23,6,32,0,71
Nov,1943,7.2,-0.4,3.4,97,-9999.0,22,28,439,0,13,12,15,0,73
Dec,1943,2.1,-4.5,-1.2,183,-9999.0,84,3,591,0,5,63,0,0,80
Jan,1944,2.4,-4.1,-0.9,187,-9999.0,83,0,586,0,6,56,0,0,74
Feb,1944,2.6,-5.0,-1.2,241,-9999.0,80,0,534,0,3,115,0,0,70
Mar,1944,3.4,-4.7,-0.7,175,-9999.0,76,0,580,0,4,120,0,0,69
Apr,1944,8.0,-0.8,3.6,114,-9999.0,18,26,433,0,12,33,50,0,69
May,1944,11.6,1.1,6.4,189,-9999.0,3,69,361,0,18,32,77,0,65
Jun,1944,15.0,4.8,9.9,123,-9999.0,0,149,244,1,27,3,90,0,67
Jul,1944,19.6,7.8,13.7,45,-9999.0,0,271,134,4,31,0,109,65,64
Aug,1944,18.0,7.6,12.8,55,-9999.0,0,244,162,4,30,1,86,30,67
Sep,1944,16.3,6.0,11.1,217,-9999.0,0,189,205,5,27,8,59,0,67
Oct,1944,13.6,3.7,8.7,199,-9999.0,2,130,291,0,25,2,36,0,68
Nov,1944,5.3,-0.8,2.3,283,-9999.0,32,15,472,0,12,50,13,0,78
Dec,1944,2.3,-5.1,-1.4,156,-9999.0,89,0,598,0,4,57,0,0,74
Jan,1945,3.1,-3.5,-0.2,295,-9999.0,71,4,566,0,7,73,0,0,75
Feb,1945,3.2,-3.2,0.0,354,-9999.0,61,0,499,0,6,117,16,0,75
Mar,1945,3.1,-4.3,-0.6,324,-9999.0,75,0,578,0,5,217,0,0,71
Apr,1945,4.5,-2.5,1.0,214,-9999.0,42,6,511,0,7,142,39,0,74
May,1945,12.3,2.0,7.2,139,-9999.0,2,86,337,0,21,16,78,0,66
Jun,1945,14.3,3.7,9.0,71,-9999.0,1,124,270,0,26,3,89,18,66
Jul,1945,20.4,6.8,13.6,22,-9999.0,0,267,137,4,30,0,117,95,58
Aug,1945,20.4,7.9,14.2,38,-9999.0,0,284,121,7,31,0,98,60,62
Sep,1945,13.2,4.3,8.8,203,-9999.0,1,122,278,2,25,15,50,0,71
Oct,1945,11.4,2.4,6.9,567,-9999.0,5,90,344,0,22,14,32,0,70
Nov,1945,2.1,-2.4,-0.1,428,-9999.0,65,1,544,0,9,155,0,0,83
Dec,1945,1.2,-4.2,-1.5,305,-9999.0,91,0,601,0,5,115,0,0,71
Jan,1946,1.9,-3.6,-0.9,354,-9999.0,83,1,586,0,7,106,0,0,78
Feb,1946,2.3,-3.5,-0.6,396,-9999.0,70,0,517,0,6,160,0,0,78
Mar,1946,4.3,-3.1,0.6,298,-9999.0,56,0,541,0,7,146,29,0,73
Apr,1946,7.0,-0.6,3.2,222,-9999.0,20,22,444,0,12,74,45,0,73
May,1946,13.8,1.7,7.8,32,-9999.0,1,100,317,0,20,3,87,55,61
Jun,1946,13.8,4.5,9.1,244,-9999.0,1,127,267,0,27,10,84,0,69
Jul,1946,19.0,7.4,13.2,44,-9999.0,0,256,145,3,31,1,107,63,64
Aug,1946,20.0,7.9,13.9,46,-9999.0,0,278,128,6,31,1,96,50,62
Sep,1946,14.7,5.4,10.0,114,-9999.0,1,157,240,3,27,6,54,0,70
Oct,1946,7.7,-0.1,3.8,330,-9999.0,15,41,441,0,14,46,26,0,73
Nov,1946,2.5,-4.1,-0.8,345,-9999.0,78,0,565,0,5,147,0,0,74
Dec,1946,1.0,-4.2,-1.6,448,-9999.0,93,0,604,0,5,174,0,0,78
Jan,1947,-0.7,-6.8,-3.8,395,-9999.0,147,0,676,0,3,229,0,0,75
Feb,1947,5.0,-3.9,0.6,348,-9999.0,53,3,484,0,5,95,19,0,67
Mar,1947,7.5,-3.0,2.2,196,-9999.0,37,11,491,0,7,50,38,0,63
Apr,1947,8.8,-0.5,4.1,176,-9999.0,15,33,416,0,13,39,52,0,68
May,1947,13.5,2.7,8.1,69,-9999.0,1,108,308,0,23,5,83,14,65
Jun,1947,14.1,4.5,9.3,219,-9999.0,0,132,261,0,27,8,85,0,69
Jul,1947,18.7,7.1,12.9,81,-9999.0,0,247,158,3,31,1,106,25,64
Aug,1947,18.7,7.1,12.9,32,-9999.0,0,246,160,4,30,1,91,59,64
Sep,1947,15.6,5.2,10.4,83,-9999.0,1,168,229,3,26,4,58,0,66
Oct,1947,9.4,2.3,5.8,493,-9999.0,7,69,378,0,21,23,28,0,76
Nov,1947,3.8,-1.9,1.0,268,-9999.0,47,8,511,0,10,71,12,0,79
Dec,1947,2.4,-2.9,-0.2,450,-9999.0,68,5,562,0,8,115,0,0,79
Jan,1948,1.8,-4.4,-1.3,278,3.8,91,0,600,0,5,94,0,0,75
Feb,1948,0.5,-6.1,-2.8,510,7.2,110,0,578,0,2,340,0,0,73
Mar,1948,3.0,-5.3,-1.2,194,13.0,86,0,596,0,3,145,0,0,68
Apr,1948,4.8,-2.4,1.2,206,7.7,39,8,504,0,7,130,40,0,74
May,1948,10.1,1.4,5.7,227,-2.7,4,58,380,0,19,50,68,0,71
Jun,1948,16.4,6.3,11.3,137,20.0,0,191,201,2,29,2,94,0,68
Jul,1948,17.3,6.8,12.1,96,3.4,0,219,185,2,30,2,98,2,67
Aug,1948,16.6,8.4,12.5,171,-17.3,0,233,173,3,31,4,76,0,74
Sep,1948,14.3,4.2,9.3,144,1.0,1,136,263,2,25,9,54,0,67
Oct,1948,10.9,0.7,5.8,213,8.7,7,68,379,0,17,10,33,0,66
Nov,1948,3.2,-2.3,0.4,484,1.1,55,5,527,0,9,151,11,0,79
Dec,1948,-1.5,-7.1,-4.3,379,4.7,157,0,689,0,2,260,0,0,78
Jan,1949,-2.4,-11.3,-6.9,64,10.6,228,0,772,0,1,53,0,0,63
Feb,1949,-0.4,-8.1,-4.2,629,11.0,143,0,619,0,1,507,0,0,68
Mar,1949,4.5,-4.2,0.1,153,9.7,63,1,556,0,5,86,31,0,67
Apr,1949,8.5,-1.2,3.6,136,8.7,18,28,432,0,10,39,52,0,66
May,1949,13.0,1.5,7.2,72,24.5,2,88,334,0,19,8,83,11,62
Jun,1949,14.2,3.4,8.8,104,12.0,1,118,277,0,25,5,89,0,65
Jul,1949,18.0,6.3,12.1,81,20.4,0,221,183,2,30,1,104,23,63
Aug,1949,18.2,7.4,12.8,54,2.7,0,244,162,4,30,1,87,34,66
Sep,1949,16.1,5.4,10.7,138,16.0,0,178,219,4,27,5,59,0,66
Oct,1949,8.3,-0.3,4.0,275,4.9,14,43,435,0,14,35,28,0,70
Nov,1949,9.2,2.2,5.7,470,0.1,10,60,368,1,21,24,16,0,76
Dec,1949,0.2,-5.6,-2.7,567,0.9,117,0,639,0,3,291,0,0,76
Jan,1950,-8.5,-15.8,-12.1,236,5.0,378,0,933,0,0,230,0,0,68
Feb,1950,1.4,-4.9,-1.7,464,1.2,90,2,549,0,4,252,0,0,75
Mar,1950,2.0,-4.4,-1.2,352,-0.3,87,3,598,0,4,266,0,0,75
Apr,1950,5.7,-2.7,1.5,225,6.7,35,16,494,0,7,131,44,0,69
May,1950,9.0,-0.5,4.3,156,15.3,8,37,426,0,12,59,67,0,68
Jun,1950,15.8,4.8,10.3,98,9.0,0,159,233,1,27,2,95,0,65
Jul,1950,19.2,6.8,13.0,48,23.4,0,249,156,3,30,1,110,62,61
Aug,1950,20.3,7.1,13.7,100,6.7,0,272,134,6,30,1,99,0,60
Sep,1950,16.0,4.2,10.1,93,25.8,1,161,237,3,25,4,61,0,62
Oct,1950,8.4,1.6,5.0,412,1.9,10,56,404,0,20,30,26,0,77
Nov,1950,3.9,-1.9,1.0,442,3.1,47,15,510,0,10,116,12,0,78
Dec,1950,4.5,-1.2,1.7,434,0.9,44,19,504,0,12,55,0,0,76
Jan,1951,-0.7,-6.4,-3.5,366,5.8,141,0,669,0,3,203,0,0,76
Feb,1951,1.8,-5.7,-2.0,573,10.9,93,0,555,0,3,326,0,0,71
Mar,1951,1.3,-6.8,-2.8,225,7.7,121,0,645,0,2,200,0,0,67
Apr,1951,9.5,-2.3,3.6,37,45.9,18,27,433,0,8,11,57,21,60
May,1951,11.1,1.4,6.3,202,8.3,3,67,365,0,19,36,73,0,68
Jun,1951,16.7,4.2,10.5,38,28.6,0,165,227,2,26,1,102,64,60
Jul,1951,20.6,7.0,13.8,17,33.6,0,273,132,4,31,0,118,101,58
Aug,1951,19.3,6.7,13.0,49,25.9,0,250,156,4,30,1,95,46,61
Sep,1951,17.0,5.0,11.0,110,14.7,0,186,207,4,26,4,63,0,62
Oct,1951,8.7,1.6,5.1,356,0.9,9,58,400,0,19,24,27,0,76
Nov,1951,4.6,-2.2,1.2,281,0.1,44,10,504,0,9,70,13,0,75
Dec,1951,-1.5,-6.8,-4.1,345,6.4,152,0,683,0,2,231,10,0,77
Jan,1952,-2.3,-8.2,-5.2,239,1.8,184,0,720,0,2,169,0,0,75
Feb,1952,2.4,-5.3,-1.5,226,10.1,84,0,541,0,3,115,0,0,70
Mar,1952,3.0,-5.1,-1.1,185,15.9,84,0,593,0,3,136,0,0,69
Apr,1952,8.5,-1.8,3.4,94,12.7,19,25,439,0,9,30,53,0,64
May,1952,12.0,1.3,6.7,109,17.3,2,76,351,0,19,16,78,0,65
Jun,1952,13.1,3.3,8.2,161,1.0,1,103,295,0,25,11,83,0,68
Jul,1952,19.5,6.6,13.1,63,35.1,0,251,149,3,30,1,112,49,60
Aug,1952,19.6,7.7,13.7,50,21.4,0,271,135,6,31,1,94,44,63
Sep,1952,17.1,5.8,11.4,49,18.8,0,198,197,5,27,2,62,13,64
Oct,1952,14.7,3.1,8.9,93,17.3,2,136,283,0,24,1,40,0,63
Nov,1952,5.2,-3.3,1.0,43,9.0,47,9,511,0,7,11,14,0,69
Dec,1952,2.6,-3.7,-0.5,291,0.9,74,5,572,0,6,83,0,0,77
Jan,1953,4.0,-2.2,0.9,616,-5.2,55,7,532,0,10,108,11,0,77
Feb,1953,3.5,-3.8,-0.2,294,10.4,63,0,505,0,5,103,0,0,72
Mar,1953,4.4,-3.5,0.4,177,6.7,59,0,547,0,6,92,30,0,71
Apr,1953,6.3,-1.5,2.4,170,0.7,26,15,468,0,10,77,44,0,72
May,1953,10.6,1.3,6.0,116,16.3,3,62,373,0,19,23,71,0,69
Jun,1953,11.6,3.7,7.7,175,-4.0,1,91,311,0,26,16,73,0,74
Jul,1953,19.1,6.8,13.0,47,35.9,0,248,157,3,30,1,109,62,62
Aug,1953,18.8,7.8,13.3,74,-2.3,0,259,147,5,31,1,90,16,66
Sep,1953,15.4,5.1,10.3,196,10.0,1,164,233,3,26,9,57,0,67
Oct,1953,11.5,2.9,7.2,315,4.9,4,96,336,0,23,7,32,0,71
Nov,1953,6.7,1.0,3.9,444,-0.9,19,29,424,0,17,45,14,0,80
Dec,1953,3.5,-1.9,0.8,531,0.9,54,7,530,0,10,94,0,0,76
Jan,1954,-1.9,-7.9,-4.9,420,2.8,176,0,711,0,2,287,0,0,74
Feb,1954,3.8,-2.8,0.5,429,10.9,54,3,485,0,7,118,16,0,75
Mar,1954,3.7,-6.6,-1.5,122,23.7,92,0,605,0,2,95,0,0,61
Apr,1954,4.3,-2.9,0.7,258,18.3,46,5,519,0,6,180,39,0,73
May,1954,11.8,1.0,6.4,73,19.3,3,69,360,0,17,12,77,5,65
Jun,1954,12.4,3.0,7.7,197,-6.0,1,92,310,0,24,18,79,0,69
Jul,1954,16.8,5.8,11.3,72,21.4,0,194,208,1,30,2,98,26,65
Aug,1954,15.2,7.2,11.2,139,3.7,0,192,212,2,30,5,71,0,74
Sep,1954,13.3,5.6,9.5,115,5.0,1,142,257,2,27,7,48,0,75
Oct,1954,9.8,1.2,5.5,180,5.9,8,64,388,0,18,10,30,0,71
Nov,1954,8.1,1.9,5.0,450,-0.9,13,46,390,1,20,30,15,0,79
Dec,1954,2.8,-3.2,-0.2,336,2.9,68,4,562,0,7,86,9,0,80
Jan,1955,1.1,-4.9,-1.9,120,5.6,102,0,617,0,5,47,0,0,76
Feb,1955,0.6,-6.2,-2.8,437,10.9,111,0,579,0,2,292,0,0,72
Mar,1955,-0.3,-7.2,-3.8,256,16.9,148,0,677,0,2,241,0,0,71
Apr,1955,4.3,-3.6,0.4,228,12.7,51,3,529,0,5,168,40,0,71
May,1955,7.3,-0.5,3.4,249,7.3,13,28,452,0,12,118,58,0,73
Jun,1955,13.5,4.0,8.8,129,10.0,1,118,277,0,26,6,83,0,69
Jul,1955,15.8,6.5,11.2,116,-0.6,0,191,212,1,30,3,90,0,70
Aug,1955,18.7,6.6,12.6,21,34.0,0,237,169,3,30,0,92,70,62
Sep,1955,14.1,4.7,9.4,54,19.0,1,140,259,2,26,3,53,0,69
Oct,1955,9.9,2.1,6.0,480,2.9,7,72,373,0,21,20,29,0,74
Nov,1955,0.8,-5.4,-2.3,510,7.1,110,0,609,0,4,293,0,0,75
Dec,1955,-0.1,-6.3,-3.2,471,4.8,128,0,653,0,3,266,0,0,76
Jan,1956,0.5,-5.1,-2.3,236,0.8,112,0,631,0,4,102,0,0,77
Feb,1956,-1.2,-7.4,-4.3,312,5.2,146,0,622,0,2,254,0,0,74
Mar,1956,2.4,-5.1,-1.3,266,8.7,90,0,601,0,3,205,0,0,71
Apr,1956,9.0,-1.6,3.7,41,37.7,17,29,429,0,9,11,55,14,64
May,1956,14.1,1.5,7.8,69,38.2,1,101,316,0,19,6,89,21,59
Jun,1956,13.0,4.7,8.8,272,-5.0,1,119,276,0,27,13,78,0,73
Jul,1956,20.3,7.4,13.9,25,36.4,0,275,131,5,31,0,116,90,60
Aug,1956,19.2,7.8,13.5,74,20.4,0,265,141,5,31,1,92,18,64
Sep,1956,14.5,5.1,9.8,192,15.2,1,151,246,3,26,10,54,0,69
Oct,1956,7.9,1.2,4.6,462,1.9,12,50,417,0,19,43,25,0,77
Nov,1956,5.0,-2.1,1.5,196,6.9,41,12,496,0,9,45,14,0,74
Dec,1956,2.1,-3.3,-0.6,514,3.7,75,4,574,0,7,149,0,0,74
Jan,1957,-3.7,-11.0,-7.3,158,8.0,239,0,786,0,1,134,0,0,69
Feb,1957,1.5,-6.4,-2.4,386,15.0,103,0,568,0,2,241,0,0,69
Mar,1957,4.0,-3.5,0.2,205,13.8,61,2,552,0,6,112,29,0,72
Apr,1957,7.8,-0.8,3.5,100,9.7,18,27,436,0,12,30,49,0,70
May,1957,13.4,3.0,8.2,88,30.7,1,112,304,0,24,6,82,0,66
Jun,1957,14.8,5.2,10.0,141,-2.0,0,151,241,1,28,4,88,0,69
Jul,1957,16.8,6.6,11.7,82,4.4,0,208,195,1,30,2,96,14,67
Aug,1957,17.7,6.7,12.2,66,4.7,0,224,181,3,30,2,86,21,65
Sep,1957,18.3,5.7,12.0,18,17.0,0,213,184,6,27,0,67,49,61
Oct,1957,9.8,1.2,5.5,134,6.9,8,63,390,0,18,8,30,0,71
Nov,1957,5.3,-2.1,1.6,183,5.9,39,14,491,0,9,40,14,0,73
Dec,1957,4.1,-1.7,1.2,337,-2.1,49,14,518,0,10,51,0,0,79
Jan,1958,3.7,-1.9,0.9,282,-4.2,56,9,533,0,10,49,11,0,79
Feb,1958,5.1,-0.3,2.4,287,-0.8,34,14,433,0,13,37,16,0,81
Mar,1958,5.3,-4.2,0.5,80,9.7,57,0,543,0,5,40,33,0,65
Apr,1958,7.3,-1.1,3.1,232,12.7,21,21,447,0,11,81,48,0,70
May,1958,15.8,3.5,9.7,44,42.1,0,152,259,0,25,1,94,50,61
Jun,1958,17.8,7.5,12.7,59,3.0,0,230,157,4,29,0,100,41,67
Jul,1958,23.6,9.5,16.5,25,31.7,0,358,64,18,31,0,131,106,58
Aug,1958,21.9,8.9,15.4,41,20.6,0,324,93,13,31,0,104,63,60
Sep,1958,13.7,5.3,9.5,148,-7.0,1,143,255,3,27,9,50,0,72
Oct,1958,11.7,2.7,7.2,329,9.8,4,96,336,0,23,7,33,0,70
Nov,1958,3.2,-2.3,0.4,528,4.4,55,4,527,0,9,163,11,0,79
Dec,1958,4.0,-1.0,1.5,396,-1.1,45,13,508,0,12,54,9,0,79
Jan,1959,1.0,-4.7,-1.9,323,-0.2,102,0,617,0,5,125,0,0,77
Feb,1959,1.6,-4.5,-1.5,257,1.2,85,0,541,0,4,131,0,0,76
Mar,1959,3.5,-2.7,0.4,271,1.7,59,0,548,0,8,142,26,0,77
Apr,1959,7.1,-1.1,3.0,277,20.7,21,21,449,0,11,100,47,0,71
May,1959,10.3,0.9,5.6,136,12.3,4,55,386,0,17,33,70,0,68
Jun,1959,15.1,5.4,10.2,174,-2.0,0,157,235,1,28,4,89,0,69
Jul,1959,20.5,7.5,14.0,52,35.6,0,280,126,5,31,0,116,64,60
Aug,1959,17.2,7.1,12.1,102,5.7,0,221,184,3,30,3,83,0,68
Sep,1959,11.9,5.1,8.5,319,-11.0,1,115,287,2,26,26,43,0,77
Oct,1959,9.7,2.1,5.9,322,3.9,7,70,376,0,21,14,29,0,74
Nov,1959,4.7,-2.3,1.2,439,7.8,44,8,503,0,9,108,13,0,74
Dec,1959,2.8,-3.0,-0.1,372,-0.1,66,5,558,0,7,91,9,0,82
Jan,1960,-0.2,-5.6,-2.9,221,2.8,126,0,650,0,4,109,0,0,78
Feb,1960,2.5,-4.7,-1.1,347,10.3,78,0,530,0,4,160,0,0,72
Mar,1960,4.8,-3.9,0.5,214,6.7,58,1,546,0,5,110,31,0,68
Apr,1960,7.5,-1.0,3.3,208,6.7,20,24,442,0,11,68,48,0,70
May,1960,9.0,1.5,5.3,291,-18.7,5,50,395,0,19,78,62,0,74
Jun,1960,14.5,4.6,9.5,111,20.0,0,138,255,0,27,4,88,0,68
Jul,1960,22.0,7.3,14.7,0,43.3,0,298,109,7,31,0,126,126,56
Aug,1960,17.5,8.1,12.8,144,-4.3,0,242,164,4,31,3,81,0,70
Sep,1960,15.1,4.8,10.0,91,20.0,1,156,241,3,26,5,56,0,67
Oct,1960,11.1,2.9,7.0,291,-0.1,4,91,342,0,23,7,31,0,73
Nov,1960,4.0,-1.6,1.2,378,2.1,44,9,504,0,10,94,12,0,79
Dec,1960,2.5,-4.3,-0.9,204,3.9,79,3,582,0,5,64,0,0,78
Jan,1961,5.1,-2.6,1.2,320,4.0,51,13,522,0,8,50,13,0,71
Feb,1961,3.3,-1.6,0.9,663,0.2,50,6,476,0,9,161,14,0,82
Mar,1961,4.7,-3.0,0.9,224,0.7,52,3,533,0,7,100,30,0,71
Apr,1961,5.6,-0.8,2.4,159,4.7,27,16,468,0,12,72,40,0,77
May,1961,10.5,1.8,6.1,191,6.3,3,64,369,0,20,36,69,0,71
Jun,1961,18.5,5.7,12.1,60,36.8,0,214,178,3,28,0,109,49,60
Jul,1961,21.1,8.2,14.7,48,30.2,0,297,110,7,31,0,118,70,61
Aug,1961,22.8,8.8,15.8,97,25.7,0,336,84,15,31,1,109,12,58
Sep,1961,13.0,3.3,8.2,134,13.0,1,107,296,2,23,12,51,0,68
Oct,1961,9.1,0.2,4.7,328,7.9,11,51,414,0,15,29,29,0,70
Nov,1961,3.2,-3.6,-0.2,300,9.3,66,3,546,0,6,110,0,0,74
Dec,1961,0.8,-4.2,-1.7,389,-0.1,95,0,608,0,5,157,0,0,74
Jan,1962,2.0,-5.3,-1.7,260,0.8,98,0,611,0,4,96,0,0,71
Feb,1962,4.1,-3.5,0.3,126,10.1,57,0,491,0,6,38,18,0,71
Mar,1962,3.0,-5.9,-1.4,194,14.8,91,0,604,0,3,151,0,0,66
Apr,1962,8.3,-0.2,4.0,199,6.7,15,31,419,0,14,47,50,0,71
May,1962,7.8,0.9,4.4,155,-1.7,8,38,422,0,17,57,57,0,76
Jun,1962,14.7,3.6,9.1,98,36.0,1,127,267,0,25,4,92,0,64
Jul,1962,17.9,6.5,12.2,48,31.0,0,224,180,2,30,1,102,55,64
Aug,1962,17.0,7.6,12.3,172,-8.3,0,228,178,3,30,4,80,0,70
Sep,1962,15.7,5.2,10.4,141,17.7,1,170,227,4,27,6,58,0,67
Oct,1962,11.1,2.7,6.9,141,-2.1,5,89,345,0,22,4,31,0,72
Nov,1962,6.4,0.0,3.2,482,0.1,24,22,444,0,15,62,14,0,78
Dec,1962,3.9,-1.6,1.1,349,2.9,50,9,521,0,10,55,0,0,80
Jan,1963,-0.6,-7.1,-3.9,121,11.8,149,0,679,0,2,71,0,0,73
Feb,1963,7.0,-1.7,2.7,338,8.2,32,18,425,0,9,39,21,0,69
Mar,1963,4.4,-3.6,0.4,125,15.0,59,0,548,0,6,66,30,0,70
Apr,1963,5.5,-1.2,2.2,201,3.7,29,15,475,0,10,99,41,0,76
May,1963,12.7,1.0,6.8,112,38.9,2,78,347,0,17,15,82,0,62
Jun,1963,13.2,4.8,9.0,137,14.0,1,125,270,0,27,6,79,0,72
Jul,1963,16.7,7.1,11.9,116,10.4,0,214,190,2,31,2,93,0,69
Aug,1963,19.2,8.8,14.0,84,23.7,0,280,124,7,31,1,89,5,68
Sep,1963,17.0,7.2,12.1,117,13.0,0,215,182,6,28,3,59,0,69
Oct,1963,10.6,3.8,7.2,333,-0.1,4,96,336,0,25,7,29,0,77
Nov,1963,4.3,-0.7,1.8,502,0.1,37,14,486,0,13,104,12,0,82
Dec,1963,3.6,-2.8,0.4,376,1.9,59,8,542,0,8,77,9,0,80
Jan,1964,1.5,-2.9,-0.7,370,-1.2,80,3,581,0,8,106,0,0,82
Feb,1964,3.2,-4.6,-0.7,198,12.7,72,0,521,0,4,83,0,0,70
Mar,1964,2.1,-4.3,-1.1,299,6.7,85,0,594,0,5,221,0,0,75
Apr,1964,4.6,-2.5,1.0,231,13.7,42,7,509,0,7,151,39,0,74
May,1964,9.5,0.1,4.8,174,13.3,6,43,409,0,14,55,68,0,68
Jun,1964,13.0,4.4,8.7,180,-4.0,1,115,280,0,27,10,79,0,71
Jul,1964,17.5,7.3,12.4,97,0.4,0,231,173,2,31,2,98,1,68
Aug,1964,16.4,7.2,11.8,126,-7.3,0,211,193,2,30,3,78,0,70
Sep,1964,12.5,4.6,8.5,212,3.0,1,116,285,2,26,17,47,0,74
Oct,1964,11.9,2.3,7.1,156,8.5,4,94,338,0,22,3,34,0,68
Nov,1964,3.1,-2.7,0.2,368,5.0,59,4,534,0,8,121,11,0,78
Dec,1964,-1.7,-7.6,-4.6,368,2.9,165,0,698,0,2,263,10,0,74
Jan,1965,0.5,-4.6,-2.0,380,1.8,106,0,623,0,5,154,0,0,79
Feb,1965,2.2,-3.6,-0.7,534,1.2,71,0,519,0,5,220,0,0,77
Mar,1965,5.4,-5.9,-0.2,58,35.6,69,0,567,0,3,36,0,0,59
Apr,1965,7.1,-1.0,3.0,166,15.7,21,21,450,0,11,60,46,0,72
May,1965,8.7,-0.1,4.3,192,28.9,8,37,426,0,14,72,64,0,70
Jun,1965,15.0,3.4,9.2,41,50.2,1,129,265,0,25,2,94,52,63
Jul,1965,20.4,7.7,14.0,22,34.8,0,280,126,5,31,0,115,93,61
Aug,1965,18.5,9.3,13.9,113,6.7,0,276,130,6,31,2,83,0,71
Sep,1965,13.1,3.6,8.4,74,26.8,1,112,290,2,24,6,51,0,69
Oct,1965,12.3,3.6,8.0,262,1.9,3,113,312,0,25,3,33,0,71
Nov,1965,5.7,0.6,3.1,318,-0.9,24,23,446,0,16,42,12,0,82
Dec,1965,1.1,-4.3,-1.6,364,-1.1,93,0,605,0,5,142,0,0,74
Jan,1966,0.2,-5.8,-2.8,291,1.8,124,0,647,0,4,141,0,0,75
Feb,1966,2.4,-4.4,-1.0,204,7.9,76,0,528,0,4,92,0,0,73
Mar,1966,4.8,-3.9,0.5,241,8.7,58,0,545,0,5,124,31,0,68
Apr,1966,6.9,-1.5,2.7,155,30.3,24,18,458,0,10,63,47,0,70
May,1966,11.8,1.0,6.4,137,26.5,3,69,361,0,17,23,78,0,64
Jun,1966,13.1,4.1,8.6,167,6.0,1,114,282,0,26,9,81,0,70
Jul,1966,16.8,7.0,11.9,126,24.2,0,214,189,2,31,2,94,0,69
Aug,1966,18.7,7.7,13.2,50,25.6,0,255,151,4,30,1,90,40,65
Sep,1966,15.2,7.0,11.1,83,6.0,0,188,205,4,28,3,52,0,73
Oct,1966,9.6,1.7,5.7,318,4.9,8,66,383,0,20,16,29,0,73
Nov,1966,4.9,-0.4,2.2,346,3.1,32,15,473,0,13,62,12,0,81
Dec,1966,3.0,-1.5,0.8,535,-5.1,54,9,532,0,11,96,0,0,78
Jan,1967,2.1,-2.4,-0.2,452,-2.2,71,6,565,0,9,110,0,0,83
Feb,1967,4.0,-2.6,0.7,331,1.2,52,5,480,0,7,86,17,0,75
Mar,1967,2.5,-4.5,-1.0,277,-6.3,83,0,591,0,4,201,0,0,73
Apr,1967,4.9,-3.1,0.9,86,13.7,43,7,513,0,6,58,41,0,71
May,1967,9.8,1.5,5.6,113,15.3,4,56,384,0,19,26,66,0,72
Jun,1967,17.1,5.8,11.4,110,44.4,0,194,198,2,28,1,100,0,64
Jul,1967,19.2,7.4,13.3,36,40.9,0,259,144,3,31,0,108,72,63
Aug,1967,23.3,8.8,16.0,17,44.9,0,343,78,17,31,0,112,95,57
Sep,1967,17.7,6.6,12.2,117,22.0,0,218,180,7,28,3,63,0,65
Oct,1967,9.5,3.6,6.6,570,-6.1,5,83,355,0,25,17,26,0,80
Nov,1967,5.9,-0.5,2.7,222,2.1,28,21,459,0,13,34,14,0,77
Dec,1967,0.8,-4.6,-1.9,432,2.9,98,0,613,0,5,181,8,0,83
Jan,1968,1.2,-4.6,-1.7,362,-5.2,99,0,612,0,5,135,0,0,77
Feb,1968,6.3,-2.9,1.7,327,16.9,41,11,453,0,7,58,21,0,67
Mar,1968,5.3,-1.8,1.7,259,7.7,42,9,506,0,10,83,30,0,74
Apr,1968,4.9,-2.3,1.3,201,9.7,38,9,501,0,8,124,40,0,73
May,1968,10.8,1.3,6.0,132,10.3,3,63,371,0,18,26,72,0,68
Jun,1968,13.8,4.4,9.1,273,6.0,1,126,268,0,27,12,84,0,69
Jul,1968,20.0,7.8,13.9,76,28.3,0,277,129,5,31,1,112,36,62
Aug,1968,16.7,7.4,12.0,141,1.7,0,219,186,2,30,4,79,0,70
Sep,1968,13.6,5.5,9.5,170,4.0,1,144,254,3,27,10,49,0,73
Oct,1968,8.5,1.6,5.0,293,-13.1,10,56,404,0,19,21,26,0,76
Nov,1968,4.6,-1.0,1.8,368,-0.9,36,14,485,0,12,75,12,0,80
Dec,1968,-1.7,-7.3,-4.5,426,-0.1,161,0,694,0,2,299,0,0,78
Jan,1969,-5.8,-11.2,-8.5,292,-1.2,266,0,821,0,1,263,0,0,76
Feb,1969,1.7,-6.2,-2.3,201,11.1,100,0,564,0,2,123,0,0,69
Mar,1969,5.3,-5.0,0.1,180,17.7,63,2,556,0,4,101,33,0,62
Apr,1969,6.1,-1.2,2.5,232,6.7,26,18,467,0,10,104,43,0,74
May,1969,13.7,2.1,7.9,129,38.3,1,103,314,0,21,10,85,0,62
Jun,1969,17.2,7.0,12.1,89,31.7,0,214,178,3,29,1,97,8,68
Jul,1969,17.9,6.5,12.2,69,36.4,0,223,181,2,30,1,103,33,64
Aug,1969,17.5,6.9,12.2,46,12.7,0,225,181,3,30,1,85,39,66
Sep,1969,13.2,5.9,9.6,282,-2.0,1,144,254,3,27,16,47,0,76
Oct,1969,9.9,0.8,5.3,136,7.9,9,61,394,0,17,8,31,0,69
Nov,1969,5.7,0.2,2.9,229,5.3,26,25,452,0,15,32,13,0,81
Dec,1969,2.6,-2.5,0.1,277,-0.1,64,8,553,0,9,64,0,0,75
Jan,1970,0.4,-5.2,-2.4,309,-0.2,114,0,634,0,4,136,0,0,77
Feb,1970,6.1,-2.3,1.9,177,20.7,39,11,447,0,8,29,20,0,70
Mar,1970,4.9,-4.6,0.2,112,13.9,63,0,555,0,4,62,32,0,65
Apr,1970,3.8,-2.5,0.6,299,7.7,47,5,521,0,7,212,36,0,76
May,1970,10.7,0.4,5.6,57,14.3,4,55,386,0,15,14,73,17,66
Jun,1970,17.4,5.4,11.4,54,35.7,0,194,198,2,28,1,103,49,62
Jul,1970,19.4,7.5,13.4,73,19.4,0,262,141,4,31,1,109,36,63
Aug,1970,19.9,7.6,13.7,19,40.7,0,272,134,6,30,0,96,77,62
Sep,1970,12.2,3.5,7.8,201,10.0,2,99,306,1,24,20,48,0,71
Oct,1970,9.5,0.5,5.0,203,12.7,10,55,406,0,16,15,30,0,70
Nov,1970,4.1,-2.1,1.0,329,1.1,47,8,510,0,9,86,12,0,77
Dec,1970,-0.2,-5.8,-3.0,360,1.9,123,0,647,0,3,195,8,0,79
Jan,1971,-0.1,-5.6,-2.8,519,-2.2,124,0,647,0,4,252,0,0,77
Feb,1971,2.1,-3.6,-0.8,353,1.2,73,1,522,0,5,149,0,0,78
Mar,1971,1.7,-5.7,-2.0,328,0.7,104,0,622,0,3,274,0,0,71
Apr,1971,6.1,-2.2,2.0,138,19.2,31,14,481,0,8,71,45,0,70
May,1971,11.0,1.3,6.2,120,22.5,3,65,367,0,18,22,73,0,68
Jun,1971,11.5,3.7,7.6,198,-2.0,1,90,313,0,26,19,72,0,74
Jul,1971,19.9,7.2,13.5,47,33.6,0,266,138,4,31,0,113,66,61
Aug,1971,21.3,9.3,15.3,35,21.4,0,319,96,12,31,0,100,64,63
Sep,1971,12.0,3.9,8.0,162,3.0,2,102,302,1,24,16,46,0,73
Oct,1971,8.3,0.8,4.6,297,7.9,12,49,418,0,17,28,27,0,74
Nov,1971,3.6,-0.6,1.5,456,-0.9,40,13,495,0,13,103,10,0,85
Dec,1971,-1.7,-7.5,-4.6,416,3.1,165,0,697,0,2,296,0,0,77
Jan,1972,-1.5,-7.9,-4.7,353,-0.2,170,0,704,0,2,234,0,0,73
Feb,1972,1.9,-4.9,-1.5,549,-2.8,84,0,541,0,4,279,0,0,73
Mar,1972,4.2,-2.5,0.8,370,-6.3,53,4,534,0,8,168,28,0,75
Apr,1972,4.1,-3.0,0.5,283,9.7,49,5,524,0,6,204,38,0,74
May,1972,12.2,2.0,7.1,129,33.8,2,85,338,0,21,15,77,0,67
Jun,1972,13.6,4.8,9.2,224,6.0,1,129,264,0,27,9,82,0,71
Jul,1972,18.7,7.0,12.8,142,34.0,0,244,160,3,31,2,107,0,63
Aug,1972,20.1,8.4,14.2,69,27.8,0,287,119,7,31,1,95,27,64
Sep,1972,11.4,3.2,7.3,238,15.3,2,86,323,1,23,29,45,0,73
Oct,1972,10.1,0.1,5.1,56,15.9,9,58,400,0,15,4,32,0,67
Nov,1972,4.8,-1.1,1.9,179,3.1,36,15,484,0,12,36,13,0,79
Dec,1972,-0.5,-6.2,-3.4,538,0.9,132,0,659,0,3,315,0,0,75
Jan,1973,0.4,-6.4,-3.0,174,4.8,127,0,651,0,3,87,0,0,72
Feb,1973,4.2,-4.2,0.0,139,12.9,61,0,501,0,4,47,0,0,68
Mar,1973,4.2,-3.5,0.4,147,6.7,59,0,548,0,6,77,29,0,71
Apr,1973,7.3,-2.2,2.5,136,30.6,25,17,464,0,8,59,49,0,67
May,1973,11.4,1.2,6.3,190,24.2,3,68,362,0,18,33,75,0,66
Jun,1973,13.5,4.4,9.0,146,15.0,1,123,271,0,27,7,82,0,70
Jul,1973,19.0,7.1,13.1,20,28.7,0,251,149,3,31,0,108,89,63
Aug,1973,17.7,7.0,12.3,35,34.1,0,228,177,3,30,1,86,50,66
Sep,1973,15.1,5.4,10.2,66,14.7,1,164,233,3,27,3,55,0,69
Oct,1973,8.9,1.8,5.4,289,-4.1,8,61,393,0,20,17,27,0,76
Nov,1973,1.1,-3.4,-1.1,404,0.1,84,0,574,0,7,185,0,0,82
Dec,1973,2.7,-1.7,0.5,407,0.9,58,7,539,0,10,81,0,0,76
Jan,1974,0.4,-6.3,-2.9,510,2.8,126,0,650,0,3,253,0,0,73
Feb,1974,2.6,-3.1,-0.2,414,0.2,64,0,507,0,6,149,0,0,78
Mar,1974,3.7,-3.9,-0.1,294,3.7,67,0,563,0,5,177,0,0,71
Apr,1974,5.9,-0.4,2.7,209,5.7,24,19,459,0,13,85,40,0,78
May,1974,8.1,0.2,4.1,201,10.3,9,35,430,0,15,79,60,0,73
Jun,1974,16.0,4.7,10.4,134,32.0,0,162,230,1,27,3,96,0,64
Jul,1974,17.3,7.0,12.2,110,3.4,0,222,182,2,31,2,97,0,67
Aug,1974,19.7,8.1,13.9,14,36.4,0,277,129,6,31,0,94,80,64
Sep,1974,18.5,6.1,12.3,37,30.2,0,221,177,7,27,1,67,30,61
Oct,1974,12.5,1.9,7.2,87,20.5,4,95,337,0,20,2,35,0,65
Nov,1974,5.0,-0.5,2.3,375,9.1,32,16,472,0,13,67,12,0,80
Dec,1974,3.3,-2.1,0.6,458,2.9,57,8,537,0,9,88,8,0,83
Jan,1975,0.4,-5.2,-2.4,343,5.0,114,0,634,0,4,152,0,0,77
Feb,1975,-0.3,-6.8,-3.6,338,2.2,127,0,599,0,2,252,0,0,73
Mar,1975,2.4,-5.2,-1.4,181,12.6,91,0,604,0,3,141,0,0,70
Apr,1975,4.6,-3.4,0.6,119,27.0,48,5,522,0,5,85,41,0,70
May,1975,10.4,0.4,5.4,120,32.5,5,52,391,0,16,31,71,0,67
Jun,1975,12.8,4.1,8.4,112,20.0,1,109,288,0,26,7,79,0,71
Jul,1975,19.7,8.6,14.1,52,31.4,0,283,123,5,31,0,108,56,66
Aug,1975,15.7,7.4,11.6,145,1.7,0,203,201,2,30,4,74,0,73
Sep,1975,16.9,5.2,11.0,14,41.0,0,187,206,4,26,0,63,49,63
Oct,1975,8.6,2.1,5.3,494,-1.1,9,61,393,0,21,30,26,0,78
Nov,1975,3.6,-1.9,0.9,540,4.2,48,8,513,0,10,147,12,0,79
Dec,1975,2.6,-3.6,-0.5,588,4.7,73,4,571,0,6,166,9,0,80
Jan,1976,2.6,-3.2,-0.3,348,1.8,72,1,568,0,8,87,0,0,78
Feb,1976,1.7,-4.2,-1.3,378,3.2,81,0,536,0,4,183,0,0,76
Mar,1976,1.5,-6.1,-2.3,218,6.7,110,0,630,0,2,187,0,0,70
Apr,1976,7.0,-1.9,2.5,145,24.1,25,16,464,0,9,63,47,0,69
May,1976,10.5,1.1,5.8,155,19.9,4,58,379,0,18,34,71,0,69
Jun,1976,12.7,2.8,7.7,156,8.0,1,93,308,0,23,14,82,0,68
Jul,1976,17.4,7.1,12.2,62,6.4,0,224,180,2,31,1,98,36,67
Aug,1976,15.0,8.1,11.5,150,-11.3,0,202,202,2,31,5,67,0,78
Sep,1976,15.6,6.3,11.0,68,18.0,0,185,212,4,28,2,55,0,70
Oct,1976,11.0,1.9,6.5,122,11.7,6,81,358,0,21,4,32,0,70
Nov,1976,6.4,-0.8,2.8,135,9.3,27,18,456,0,12,20,15,0,75
Dec,1976,3.8,-1.5,1.1,270,4.7,50,9,520,0,11,42,0,0,76
Jan,1977,1.4,-6.3,-2.5,145,9.8,115,0,636,0,3,65,0,0,69
Feb,1977,6.0,-1.8,2.1,210,7.9,37,13,441,0,9,31,19,0,72
Mar,1977,2.9,-3.5,-0.3,284,12.2,70,0,570,0,6,180,0,0,75
Apr,1977,9.2,-0.6,4.3,119,23.7,14,35,410,0,12,24,54,0,67
May,1977,8.3,0.6,4.5,227,0.3,7,39,419,0,16,80,60,0,74
Jun,1977,16.0,5.5,10.8,79,39.8,0,174,218,2,28,1,94,15,66
Jul,1977,16.7,6.6,11.6,76,18.4,0,206,198,1,30,2,95,18,68
Aug,1977,21.4,9.4,15.4,106,19.7,0,322,94,13,31,1,100,0,63
Sep,1977,12.3,4.5,8.4,109,-1.0,1,113,288,2,26,9,46,0,74
Oct,1977,10.1,1.2,5.7,198,6.9,8,66,383,0,19,10,31,0,70
Nov,1977,2.8,-2.7,0.1,461,3.1,61,4,538,0,8,157,11,0,79
Dec,1977,0.4,-5.0,-2.3,431,-0.1,107,0,626,0,4,201,9,0,80
Jan,1978,1.1,-4.3,-1.6,112,2.8,97,0,609,0,6,41,0,0,78
Feb,1978,3.9,-3.2,0.3,177,10.1,56,3,490,0,6,52,17,0,73
Mar,1978,6.1,-2.2,1.9,180,13.6,40,9,500,0,9,53,33,0,70
Apr,1978,6.4,-0.7,2.9,115,7.7,23,20,455,0,12,44,43,0,75
May,1978,9.5,0.8,5.2,166,20.9,5,48,398,0,17,46,66,0,71
Jun,1978,16.5,5.4,10.9,96,35.3,0,179,213,2,28,1,98,2,65
Jul,1978,19.1,8.3,13.7,66,43.9,0,270,134,4,31,1,105,39,66
Aug,1978,17.9,8.3,13.1,136,-5.3,0,253,153,4,31,2,83,0,70
Sep,1978,11.1,5.7,8.4,255,-10.0,1,113,289,2,27,22,38,0,82
Oct,1978,11.9,2.2,7.1,92,19.9,4,93,340,0,21,2,34,0,68
Nov,1978,2.1,-4.5,-1.2,278,10.4,85,0,576,0,5,129,0,0,74
Dec,1978,-0.4,-6.9,-3.6,250,7.7,139,0,667,0,2,154,0,0,78
Jan,1979,-2.3,-10.4,-6.4,69,12.7,214,0,755,0,1,55,0,0,66
Feb,1979,1.3,-5.6,-2.1,441,-0.8,97,0,560,0,3,261,0,0,72
Mar,1979,6.6,-3.4,1.6,157,21.7,44,10,511,0,6,54,36,0,64
Apr,1979,6.3,-1.6,2.4,161,16.0,27,17,469,0,9,73,44,0,72
May,1979,11.4,1.7,6.5,108,25.9,3,72,356,0,20,17,74,0,68
Jun,1979,14.9,4.0,9.4,128,41.6,0,136,257,0,26,5,92,0,65
Jul,1979,20.0,7.7,13.9,46,23.9,0,275,130,5,31,0,113,67,62
Aug,1979,19.1,8.5,13.8,56,22.0,0,274,132,6,31,1,89,33,67
Sep,1979,16.1,6.7,11.4,97,13.0,0,197,199,5,28,3,56,0,70
Oct,1979,11.9,3.1,7.5,196,13.9,4,102,327,0,23,3,33,0,71
Nov,1979,4.6,-3.2,0.7,109,15.9,51,9,518,0,7,31,14,0,71
Dec,1979,4.0,-1.3,1.3,672,-0.1,47,15,514,0,11,97,0,0,73
Jan,1980,-1.5,-8.4,-4.9,149,8.6,177,0,712,0,2,102,0,0,71
Feb,1980,3.5,-2.9,0.3,334,4.2,57,3,492,0,7,101,16,0,76
Mar,1980,2.7,-3.7,-0.5,249,13.6,74,0,575,0,6,165,0,0,75
Apr,1980,8.9,-0.2,4.4,165,24.5,13,36,409,0,14,33,52,0,69
May,1980,9.5,2.2,5.9,168,26.8,4,60,376,0,21,35,63,0,75
Jun,1980,12.7,4.9,8.8,181,11.0,1,118,278,0,27,9,75,0,74
Jul,1980,17.8,7.4,12.6,70,23.4,0,236,169,2,31,1,100,29,67
Aug,1980,16.7,7.1,11.9,77,19.7,0,215,190,2,30,2,80,3,69
Sep,1980,13.2,5.7,9.4,187,3.0,1,141,258,2,27,11,47,0,75
Oct,1980,11.9,2.0,6.9,57,19.9,5,90,344,0,21,1,34,0,67
Nov,1980,5.3,0.0,2.7,529,5.0,28,20,460,0,15,82,12,0,81
Dec,1980,2.6,-2.0,0.3,480,-0.1,60,8,545,0,10,102,9,0,81
Jan,1981,5.2,-1.0,2.1,85,9.8,41,18,496,0,12,10,12,0,77
Feb,1981,3.9,-3.3,0.3,408,11.6,57,2,491,0,6,121,17,0,73
Mar,1981,7.1,-2.5,2.3,140,23.3,36,11,488,0,8,34,36,0,66
Apr,1981,5.9,-1.0,2.4,316,5.7,26,16,467,0,11,142,42,0,76
May,1981,9.7,2.1,5.9,151,11.3,4,60,376,0,21,32,64,0,74
Jun,1981,11.2,3.8,7.5,399,-13.0,1,88,316,0,26,39,70,0,75
Jul,1981,17.1,7.6,12.4,103,18.4,0,229,175,2,31,2,94,0,70
Aug,1981,21.5,9.7,15.6,28,34.0,0,330,88,14,31,0,100,72,64
Sep,1981,15.0,5.8,10.4,129,10.0,1,168,229,3,27,6,54,0,70
Oct,1981,9.0,1.1,5.1,331,8.1,10,57,402,0,18,24,28,0,73
Nov,1981,6.7,0.4,3.5,296,7.9,21,28,434,0,16,34,14,0,78
Dec,1981,1.6,-3.4,-0.9,411,2.9,80,2,583,0,7,131,8,0,83
Jan,1982,-0.5,-5.8,-3.2,470,0.8,131,0,657,0,4,243,0,0,78
Feb,1982,1.3,-4.9,-1.8,618,3.2,91,0,551,0,4,341,0,0,75
Mar,1982,4.2,-4.5,-0.1,165,17.6,68,0,565,0,4,100,0,0,67
Apr,1982,5.7,-3.4,1.1,185,21.4,40,7,506,0,5,118,45,0,67
May,1982,10.0,0.6,5.3,107,23.1,5,51,393,0,16,28,69,0,68
Jun,1982,17.0,5.8,11.4,75,38.5,0,193,199,2,28,1,99,24,65
Jul,1982,16.5,7.5,12.0,168,12.4,0,217,187,2,31,3,91,0,71
Aug,1982,17.8,8.2,13.0,103,19.7,0,249,157,4,31,2,83,0,70
Sep,1982,14.2,6.2,10.2,123,13.0,1,162,236,3,28,6,50,0,74
Oct,1982,10.0,2.0,6.0,222,8.7,7,72,374,0,21,9,29,0,73
Nov,1982,2.1,-3.8,-0.9,311,7.1,78,0,566,0,6,134,0,0,77
Dec,1982,1.8,-4.4,-1.3,343,6.5,88,0,596,0,5,124,0,0,80
Jan,1983,4.1,-1.4,1.4,395,3.8,50,15,518,0,11,59,11,0,80
Feb,1983,4.4,-1.9,1.2,311,6.2,46,9,466,0,9,66,17,0,77
Mar,1983,6.1,-1.6,2.3,193,9.7,36,14,490,0,10,48,32,0,73
Apr,1983,7.8,-1.4,3.2,121,28.2,20,24,445,0,10,41,50,0,68
May,1983,12.9,2.7,7.8,133,41.3,1,100,317,0,23,11,80,0,66
Jun,1983,13.3,4.9,9.1,255,1.0,1,127,267,0,27,11,80,0,72
Jul,1983,15.8,7.3,11.5,249,-11.6,0,201,202,1,31,6,87,0,73
Aug,1983,19.0,9.0,14.0,62,25.8,0,281,123,7,31,1,87,26,69
Sep,1983,12.3,4.2,8.3,141,17.0,1,109,293,2,25,12,47,0,73
Oct,1983,9.7,1.4,5.6,158,14.9,8,64,387,0,19,9,29,0,72
Nov,1983,4.2,0.3,2.2,586,1.1,32,18,473,0,15,105,10,0,86
Dec,1983,-2.1,-8.6,-5.4,158,7.6,185,0,721,0,1,123,0,0,75
Jan,1984,3.3,-2.9,0.2,426,2.8,65,8,553,0,8,93,11,0,77
Feb,1984,4.4,-2.2,1.1,324,6.2,47,8,469,0,8,72,17,0,76
Mar,1984,6.1,-1.6,2.3,224,5.7,36,13,490,0,10,56,32,0,72
Apr,1984,5.4,-1.6,1.9,192,5.7,32,13,484,0,9,102,41,0,75
May,1984,8.0,0.9,4.5,362,-9.7,7,39,420,0,17,129,58,0,76
Jun,1984,13.0,4.7,8.9,169,22.1,1,120,275,0,27,8,79,0,72
Jul,1984,19.3,7.3,13.3,13,44.0,0,259,143,3,31,0,109,96,63
Aug,1984,18.7,8.6,13.7,93,24.4,0,270,136,6,31,1,87,0,68
Sep,1984,12.6,4.4,8.5,172,5.0,1,115,286,2,25,14,48,0,73
Oct,1984,7.5,0.2,3.8,335,0.9,15,41,440,0,15,46,25,0,75
Nov,1984,3.0,-1.8,0.6,507,2.1,53,7,522,0,10,150,11,0,82
Dec,1984,-2.1,-7.7,-4.9,370,7.7,173,0,707,0,2,274,0,0,73
Jan,1985,1.1,-6.3,-2.6,39,14.2,118,0,640,0,3,18,0,0,70
Feb,1985,1.0,-5.7,-2.3,276,8.4,101,0,565,0,3,169,0,0,73
Mar,1985,4.0,-5.2,-0.6,146,14.6,75,0,577,0,3,98,0,0,65
Apr,1985,6.5,-0.6,2.9,273,12.7,22,21,453,0,12,103,43,0,75
May,1985,11.1,2.0,6.6,146,22.5,2,74,354,0,21,22,72,0,70
Jun,1985,15.0,4.6,9.8,159,29.6,0,146,246,1,27,5,91,0,67
Jul,1985,23.1,8.7,15.9,14,48.5,0,338,79,13,31,0,129,115,57
Aug,1985,19.3,7.7,13.5,30,26.9,0,266,140,5,30,0,93,62,64
Sep,1985,12.2,4.0,8.1,145,3.0,2,106,297,1,25,13,47,0,73
Oct,1985,7.7,2.1,4.9,562,-2.1,10,55,406,0,21,43,24,0,81
Nov,1985,-2.5,-7.7,-5.1,332,7.4,177,0,693,0,2,267,0,0,78
Dec,1985,1.8,-5.0,-1.6,56,11.5,93,1,604,0,4,22,0,0,75
Jan,1986,4.8,-0.8,2.0,336,1.8,43,18,499,0,13,41,11,0,80
Feb,1986,1.9,-5.1,-1.6,449,10.7,87,0,545,0,3,237,0,0,72
Mar,1986,6.4,-1.2,2.6,217,12.2,33,15,479,0,11,46,33,0,73
Apr,1986,4.5,-1.1,1.7,214,12.7,33,11,489,0,11,120,36,0,80
May,1986,10.5,2.2,6.4,241,3.3,3,69,361,0,21,41,68,0,72
Jun,1986,16.3,5.6,11.0,110,24.0,0,180,212,2,28,2,96,0,66
Jul,1986,15.5,6.8,11.1,122,6.4,0,188,214,1,30,3,86,0,72
Aug,1986,22.1,9.7,15.9,4,36.8,0,338,82,16,31,0,103,99,62
Sep,1986,12.5,4.9,8.7,137,5.0,1,121,279,2,26,10,46,0,75
Oct,1986,12.9,2.5,7.7,185,24.7,3,107,319,0,22,3,36,0,66
Nov,1986,3.9,-1.3,1.3,595,9.9,43,10,501,0,11,143,11,0,81
Dec,1986,2.3,-3.6,-0.7,216,7.5,76,3,576,0,6,64,0,0,73
Jan,1987,1.5,-4.0,-1.2,267,0.8,89,0,597,0,6,88,0,0,78
Feb,1987,4.4,-2.5,1.0,176,10.8,48,5,472,0,8,41,17,0,74
Mar,1987,5.6,-2.1,1.8,220,12.6,42,7,506,0,9,70,32,0,72
Apr,1987,9.0,0.9,4.9,228,14.7,11,43,392,0,17,35,51,0,73
May,1987,11.7,2.0,6.8,240,26.8,2,79,346,0,21,33,75,0,68
Jun,1987,16.8,5.7,11.2,75,39.3,0,188,204,2,28,1,98,23,65
Jul,1987,17.5,8.1,12.8,100,9.4,0,243,162,3,31,1,95,0,70
Aug,1987,20.0,8.1,14.0,25,34.5,0,281,123,7,31,0,95,70,63
Sep,1987,17.2,6.3,11.7,64,33.2,0,206,191,6,28,2,62,0,65
Oct,1987,13.9,2.7,8.3,12,27.5,3,121,301,0,23,0,38,26,64
Nov,1987,6.2,1.1,3.7,198,8.1,20,29,430,0,18,22,13,0,82
Dec,1987,0.2,-5.0,-2.4,398,5.5,109,0,628,0,4,188,0,0,77
Jan,1988,1.1,-5.0,-1.9,208,5.0,104,0,619,0,5,82,0,0,75
Feb,1988,3.7,-2.7,0.5,247,12.5,55,2,487,0,7,70,16,0,76
Mar,1988,3.9,-2.8,0.5,347,5.7,57,0,543,0,7,174,28,0,75
Apr,1988,7.1,-0.1,3.5,273,15.7,18,25,435,0,14,81,45,0,75
May,1988,10.3,1.8,6.1,228,7.3,3,64,370,0,20,44,68,0,71
Jun,1988,14.1,4.6,9.4,131,20.0,0,133,260,0,27,5,85,0,69
Jul,1988,18.6,7.3,13.0,92,14.4,0,248,157,3,31,1,105,13,64
Aug,1988,19.0,8.2,13.6,34,29.8,0,269,137,5,31,1,90,56,66
Sep,1988,14.8,4.7,9.7,167,19.8,1,149,249,3,26,9,55,0,67
Oct,1988,11.7,4.6,8.2,293,13.9,3,118,306,0,27,3,30,0,76
Nov,1988,3.5,-0.2,1.6,540,0.1,39,11,491,0,14,117,10,0,87
Dec,1988,2.5,-2.6,-0.1,263,4.5,66,4,557,0,8,63,0,0,79
Jan,1989,1.6,-3.3,-0.9,367,4.6,83,2,586,0,7,110,0,0,81
Feb,1989,-0.2,-8.0,-4.1,100,14.7,140,0,616,0,1,80,0,0,68
Mar,1989,2.7,-3.2,-0.3,282,0.7,69,0,568,0,6,176,0,0,77
Apr,1989,9.2,0.3,4.7,191,22.5,12,40,398,0,15,32,53,0,70
May,1989,9.5,1.7,5.6,195,26.4,4,56,384,0,20,46,64,0,73
Jun,1989,16.2,5.5,10.9,91,31.8,0,177,215,2,28,1,96,4,66
Jul,1989,18.2,7.6,12.9,41,15.4,0,246,159,3,31,1,101,60,67
Aug,1989,17.1,8.2,12.6,128,16.7,0,238,168,3,31,3,79,0,71
Sep,1989,17.1,5.9,11.5,21,33.7,0,201,195,5,27,1,62,41,64
Oct,1989,9.8,2.3,6.1,260,10.7,6,73,372,0,21,11,29,0,74
Nov,1989,4.7,0.8,2.8,605,2.1,27,20,458,0,17,91,11,0,86
Dec,1989,3.6,-1.1,1.2,281,6.3,49,12,518,0,12,43,0,0,80
Jan,1990,1.5,-3.1,-0.8,410,1.8,82,4,585,0,8,121,0,0,82
Feb,1990,0.9,-6.1,-2.6,513,10.3,107,0,573,0,2,332,0,0,72
Mar,1990,5.8,-3.0,1.4,140,21.4,45,9,516,0,7,51,33,0,68
Apr,1990,8.4,0.9,4.6,128,16.5,12,40,402,0,17,23,48,0,75
May,1990,9.3,1.8,5.6,128,19.3,4,55,386,0,20,31,62,0,75
Jun,1990,13.6,5.0,9.3,258,13.0,0,132,261,0,28,10,81,0,72
Jul,1990,20.5,9.0,14.7,42,29.9,0,300,108,7,31,0,112,70,64
Aug,1990,20.0,9.5,14.8,130,16.7,0,301,107,10,31,1,92,0,67
Sep,1990,17.1,7.1,12.1,34,34.2,0,216,182,7,28,1,60,26,68
Oct,1990,7.2,1.3,4.2,491,3.9,13,45,428,0,19,56,23,0,79
Nov,1990,4.2,-0.1,2.0,835,4.3,34,17,479,0,14,159,11,0,84
Dec,1990,-2.2,-7.8,-5.0,474,2.9,176,0,710,0,2,355,8,0,81
Jan,1991,0.3,-5.3,-2.5,272,10.4,117,0,637,0,4,123,0,0,77
Feb,1991,6.2,-0.3,3.0,434,10.6,30,19,417,0,13,44,18,0,77
Mar,1991,2.9,-4.6,-0.9,188,17.4,80,0,587,0,4,134,0,0,71
Apr,1991,6.7,-1.2,2.8,302,19.4,24,19,458,0,11,121,45,0,72
May,1991,8.7,2.0,5.4,148,22.4,5,52,392,0,21,38,59,0,77
Jun,1991,12.4,4.2,8.3,143,-3.0,1,106,292,0,26,9,76,0,73
Jul,1991,19.0,8.1,13.6,44,18.4,0,267,137,4,31,0,105,61,66
Aug,1991,19.0,9.5,14.2,175,13.7,0,287,119,7,31,2,86,0,70
Sep,1991,16.4,6.4,11.4,25,33.7,0,197,199,5,28,1,58,33,68
Oct,1991,10.6,1.6,6.1,106,20.7,6,74,370,0,20,4,31,0,70
Nov,1991,5.0,-0.1,2.4,482,3.1,30,17,467,0,14,81,12,0,82
Dec,1991,3.5,-1.3,1.1,284,2.9,50,11,521,0,11,45,0,0,75
Jan,1992,3.7,-1.5,1.1,400,0.8,53,12,526,0,11,65,11,0,80
Feb,1992,6.0,-1.1,2.4,219,9.6,34,16,431,0,11,28,19,0,75
Mar,1992,9.5,-0.7,4.4,16,31.1,20,35,423,0,13,1,41,26,65
Apr,1992,8.7,0.7,4.7,251,9.7,12,40,399,0,17,43,50,0,73
May,1992,13.8,3.1,8.4,55,40.7,1,117,297,0,24,3,84,29,65
Jun,1992,17.5,7.0,12.2,179,28.3,0,218,174,4,29,1,100,0,67
Jul,1992,18.3,9.0,13.7,102,14.4,0,270,135,4,31,1,97,0,71
Aug,1992,20.1,9.0,14.6,80,22.9,0,295,112,9,31,1,94,14,65
Sep,1992,12.9,4.5,8.7,177,5.0,1,121,279,2,26,14,48,0,72
Oct,1992,10.5,3.6,7.1,166,3.9,4,93,339,0,25,4,29,0,77
Nov,1992,4.5,-0.7,1.9,387,9.1,36,14,483,0,13,77,12,0,82
Dec,1992,-0.6,-5.9,-3.2,231,5.6,129,0,655,0,3,132,9,0,80
Jan,1993,-1.0,-7.7,-4.4,173,10.7,162,0,695,0,2,110,0,0,72
Feb,1993,3.7,-4.9,-0.6,17,23.6,69,0,516,0,4,7,0,0,67
Mar,1993,6.3,-2.4,1.9,218,13.7,40,10,500,0,8,64,34,0,69
Apr,1993,6.3,0.3,3.3,225,-6.3,19,25,440,0,15,72,41,0,79
May,1993,14.1,4.3,9.2,205,12.3,1,140,272,0,26,8,83,0,68
Jun,1993,13.3,5.3,9.3,264,-2.0,0,132,261,0,28,10,78,0,74
Jul,1993,14.6,7.4,11.0,130,-16.6,0,184,218,0,31,4,78,0,77
Aug,1993,18.5,8.9,13.7,58,16.7,0,270,136,6,31,1,85,26,70
Sep,1993,16.3,5.4,10.9,43,32.1,0,181,215,4,27,2,60,17,65
Oct,1993,12.0,3.6,7.8,184,14.9,3,109,317,0,25,3,33,0,72
Nov,1993,3.2,-2.9,0.1,234,12.9,60,4,536,0,8,79,12,0,77
Dec,1993,2.3,-3.2,-0.4,328,6.7,72,5,568,0,7,89,0,0,77
Jan,1994,4.5,-0.4,2.0,196,5.4,42,18,497,0,14,23,11,0,83
Feb,1994,0.7,-4.9,-2.1,412,6.2,97,0,559,0,4,243,0,0,77
Mar,1994,6.8,-2.2,2.3,193,14.5,36,12,489,0,9,48,35,0,68
Apr,1994,8.3,1.1,4.7,136,12.7,12,40,399,0,18,23,48,0,75
May,1994,12.7,2.9,7.8,80,19.3,1,102,315,0,23,7,79,0,68
Jun,1994,14.2,4.8,9.5,179,18.0,0,137,256,0,27,6,85,0,69
Jul,1994,20.7,8.6,14.7,45,39.6,0,298,110,7,31,0,115,70,63
Aug,1994,20.1,8.9,14.5,32,23.3,0,293,114,8,31,0,94,62,65
Sep,1994,16.6,7.1,11.9,109,18.2,0,210,187,6,28,3,58,0,69
Oct,1994,9.6,2.0,5.8,325,12.7,7,68,380,0,21,15,28,0,74
Nov,1994,1.6,-3.5,-1.0,428,7.1,81,0,569,0,6,189,0,0,80
Dec,1994,1.1,-4.0,-1.4,418,3.6,90,0,600,0,6,156,0,0,79
Jan,1995,2.2,-4.1,-0.9,192,3.8,84,0,589,0,6,59,0,0,75
Feb,1995,4.5,-2.3,1.1,411,10.0,47,4,470,0,8,93,17,0,75
Mar,1995,5.3,-3.4,0.9,183,9.7,52,0,531,0,6,81,32,0,68
Apr,1995,7.5,-1.0,3.2,130,18.9,20,22,443,0,11,44,48,0,70
May,1995,14.0,2.5,8.2,65,54.5,1,112,303,0,22,4,86,22,63
Jun,1995,15.7,5.5,10.6,126,20.0,0,169,223,2,28,2,92,0,67
Jul,1995,18.7,8.8,13.8,104,15.4,0,272,133,4,31,1,101,0,69
Aug,1995,16.3,7.1,11.7,113,-4.3,0,208,197,2,30,3,77,0,71
Sep,1995,17.8,7.6,12.7,55,27.1,0,232,166,8,29,1,62,7,68
Oct,1995,8.3,2.2,5.2,385,-2.1,9,59,397,0,21,25,25,0,79
Nov,1995,6.0,0.7,3.3,800,-3.9,23,24,440,0,17,98,13,0,82
Dec,1995,1.7,-3.5,-0.9,339,4.7,80,0,584,0,6,109,0,0,80
Jan,1996,-0.5,-5.5,-3.0,330,1.8,128,0,652,0,4,165,0,0,79
Feb,1996,4.1,-4.1,0.0,397,15.7,62,2,501,0,5,133,0,0,69
Mar,1996,5.0,-3.3,0.9,120,19.7,53,4,534,0,6,54,31,0,70
Apr,1996,6.8,0.0,3.4,297,-3.3,19,26,438,0,14,92,43,0,76
May,1996,7.8,0.6,4.2,253,2.3,9,36,428,0,16,98,58,0,75
Jun,1996,14.4,4.5,9.5,57,24.0,0,136,257,0,27,2,88,30,68
Jul,1996,20.8,8.4,14.6,54,28.8,0,297,111,7,31,0,116,61,62
Aug,1996,19.8,8.8,14.3,60,19.8,0,290,117,8,31,1,93,33,66
Sep,1996,12.3,4.9,8.6,153,3.0,1,118,283,2,26,12,46,0,75
Oct,1996,8.7,1.9,5.3,411,1.9,9,60,395,0,20,26,26,0,77
Nov,1996,2.9,-2.0,0.5,425,3.1,55,6,526,0,9,131,11,0,81
Dec,1996,-1.8,-6.4,-4.1,535,0.9,151,0,681,0,3,355,0,0,79
Jan,1997,1.4,-4.2,-1.4,418,2.8,94,0,604,0,6,146,0,0,78
Feb,1997,3.8,-4.0,-0.1,283,11.1,62,1,503,0,5,97,0,0,71
Mar,1997,3.3,-3.4,-0.1,460,-2.3,67,0,562,0,6,275,0,0,75
Apr,1997,6.9,-1.8,2.6,227,13.7,25,17,463,0,9,97,47,0,69
May,1997,12.4,3.1,7.7,189,21.9,1,99,319,0,24,17,76,0,69
Jun,1997,13.5,4.9,9.2,247,6.0,1,130,264,0,27,10,81,0,72
Jul,1997,17.9,7.7,12.8,135,11.4,0,244,160,3,31,2,99,0,68
Aug,1997,21.1,9.8,15.5,37,10.7,0,325,92,13,31,0,97,60,65
Sep,1997,15.7,6.8,11.2,236,3.0,0,192,202,5,28,8,55,0,71
Oct,1997,8.4,2.4,5.4,430,1.9,8,62,392,0,22,25,25,0,80
Nov,1997,6.7,0.4,3.5,229,4.1,21,28,434,0,16,26,14,0,78
Dec,1997,2.9,-2.7,0.1,331,4.1,64,6,553,0,8,76,0,0,79
Jan,1998,0.8,-4.3,-1.8,348,0.8,100,0,614,0,6,132,0,0,79
Feb,1998,4.0,-2.5,0.8,192,0.2,51,5,479,0,7,49,17,0,76
Mar,1998,5.5,-2.0,1.8,178,2.7,41,8,505,0,9,56,31,0,73
Apr,1998,8.6,-0.8,3.9,95,30.2,16,30,424,0,12,24,52,0,68
May,1998,10.6,3.1,6.9,135,30.6,2,79,346,0,24,18,66,0,75
Jun,1998,14.8,6.1,10.5,133,22.2,0,165,227,2,29,3,85,0,72
Jul,1998,20.8,10.2,15.5,51,19.4,0,326,89,11,31,0,110,60,67
Aug,1998,21.5,9.5,15.5,12,35.5,0,326,91,13,31,0,100,89,63
Sep,1998,18.1,7.0,12.6,36,24.5,0,229,170,8,28,1,64,28,65
Oct,1998,10.7,2.8,6.7,171,2.9,5,86,350,0,23,5,30,0,74
Nov,1998,4.5,0.2,2.4,583,-4.9,31,17,469,0,15,100,11,0,85
Dec,1998,0.6,-4.3,-1.8,572,-1.1,98,0,612,0,5,238,9,0,79
Jan,1999,2.1,-2.1,0.0,362,-2.2,69,4,560,0,10,84,0,0,84
Feb,1999,1.5,-3.7,-1.1,555,-5.8,78,0,530,0,5,256,0,0,79
Mar,1999,3.8,-3.8,0.0,231,5.7,65,0,560,0,5,136,0,0,71
Apr,1999,7.2,-2.2,2.5,130,32.1,26,16,466,0,8,58,49,0,67
May,1999,9.0,-0.3,4.3,202,14.3,8,38,423,0,13,75,66,0,69
Jun,1999,12.0,4.2,8.1,182,-11.0,1,100,299,0,26,13,73,0,74
Jul,1999,17.6,7.2,12.4,81,29.8,0,230,174,2,31,1,99,18,67
Aug,1999,19.0,9.6,14.3,99,13.7,0,289,117,8,31,1,86,0,70
Sep,1999,15.7,5.2,10.5,60,26.5,1,170,227,4,27,3,58,0,66
Oct,1999,10.6,2.3,6.5,305,9.9,6,81,358,0,22,10,31,0,72
Nov,1999,5.5,1.3,3.4,503,-3.9,22,26,437,0,18,60,11,0,85
Dec,1999,2.7,-1.7,0.5,477,0.9,58,7,539,0,10,94,0,0,80
Jan,2000,1.0,-4.3,-1.7,243,0.8,99,0,612,0,6,90,0,0,79
Feb,2000,3.7,-3.3,0.2,201,9.1,59,0,495,0,6,63,17,0,73
Mar,2000,4.3,-3.0,0.6,217,11.9,56,0,540,0,7,106,29,0,73
Apr,2000,8.9,0.1,4.5,203,19.7,13,36,405,0,15,38,52,0,70
May,2000,9.4,1.7,5.5,259,10.3,4,54,387,0,20,63,63,0,74
Jun,2000,15.1,5.3,10.2,226,15.0,0,158,234,1,28,5,89,0,68
Jul,2000,18.1,8.0,13.1,67,23.4,0,251,149,3,31,1,100,32,68
Aug,2000,18.5,8.1,13.3,61,27.4,0,258,148,5,31,1,87,26,67
Sep,2000,14.1,5.9,10.0,156,4.0,1,157,241,3,27,8,50,0,73
Oct,2000,10.3,2.6,6.5,223,7.9,6,80,359,0,22,7,29,0,74
Nov,2000,4.3,-2.0,1.1,149,7.1,45,7,506,0,10,37,12,0,77
Dec,2000,2.0,-3.5,-0.8,201,5.7,77,1,578,0,6,61,8,0,83
Jan,2001,3.7,-2.2,0.7,171,5.6,57,8,537,0,9,31,11,0,78
Feb,2001,3.4,-4.6,-0.6,119,16.7,70,0,518,0,4,48,0,0,69
Mar,2001,5.4,-2.5,1.5,213,11.9,45,4,514,0,8,76,32,0,71
Apr,2001,6.3,-1.3,2.5,179,7.7,26,16,465,0,10,79,44,0,73
May,2001,11.5,1.8,6.6,187,14.3,2,75,353,0,20,28,74,0,68
Jun,2001,13.2,4.4,8.8,211,18.0,1,119,276,0,27,10,81,0,71
Jul,2001,18.2,7.4,12.8,40,26.0,0,242,163,3,31,1,102,62,66
Aug,2001,19.7,9.6,14.6,118,7.7,0,298,110,9,31,1,90,0,68
Sep,2001,15.5,6.6,11.0,54,12.0,0,187,206,4,28,2,54,0,71
Oct,2001,8.5,2.2,5.3,412,-0.1,9,60,395,0,21,26,25,0,78
Nov,2001,5.3,1.0,3.1,376,-0.9,24,23,446,0,17,49,11,0,85
Dec,2001,1.5,-3.5,-1.0,409,4.8,81,1,586,0,6,134,0,0,78
Jan,2002,1.1,-3.3,-1.1,431,0.8,87,0,594,0,7,138,0,0,82
Feb,2002,2.8,-3.5,-0.3,405,11.0,66,0,510,0,6,151,0,0,76
Mar,2002,1.3,-5.0,-1.9,235,14.6,101,0,618,0,4,193,0,0,75
Apr,2002,6.7,-1.3,2.7,238,26.9,24,18,459,0,10,97,46,0,72
May,2002,9.4,0.8,5.1,169,26.5,5,47,400,0,17,49,66,0,71
Jun,2002,16.1,5.6,10.8,192,29.1,0,176,215,2,28,3,95,0,66
Jul,2002,19.9,8.4,14.1,48,28.4,0,283,123,5,31,0,110,62,64
Aug,2002,20.1,8.5,14.3,24,28.5,0,288,118,7,31,0,95,71,64
Sep,2002,14.9,5.4,10.1,71,11.0,1,161,237,3,27,3,55,0,69
Oct,2002,10.8,2.1,6.4,40,26.5,6,80,360,0,21,1,31,0,71
Nov,2002,7.8,1.8,4.8,262,6.9,14,42,397,0,19,19,14,0,79
Dec,2002,2.9,-2.0,0.4,325,2.9,58,7,541,0,10,66,0,0,80
Jan,2003,5.1,-0.7,2.2,320,1.8,40,18,493,0,13,36,12,0,79
Feb,2003,4.5,-3.3,0.6,128,18.9,53,3,484,0,6,35,18,0,71
Mar,2003,4.1,-2.2,0.9,393,-0.3,52,1,531,0,9,173,27,0,77
Apr,2003,6.1,-0.3,2.9,174,14.7,22,20,453,0,13,66,41,0,78
May,2003,10.8,1.9,6.3,121,23.5,3,69,362,0,20,21,71,0,70
Jun,2003,16.9,6.2,11.5,76,37.4,0,197,195,3,29,1,98,22,66
Jul,2003,21.9,9.0,15.4,21,42.4,0,324,90,10,31,0,121,100,61
Aug,2003,21.4,8.7,15.1,12,24.7,0,313,101,11,31,0,102,90,61
Sep,2003,16.8,6.9,11.8,73,14.0,0,208,189,6,28,2,59,0,68
Oct,2003,11.6,4.5,8.0,637,-2.1,3,114,311,0,26,8,30,0,76
Nov,2003,3.1,-2.9,0.1,524,10.2,60,3,537,0,7,177,12,0,77
Dec,2003,2.0,-2.7,-0.4,245,1.9,71,3,567,0,8,66,8,0,81
Jan,2004,2.0,-3.3,-0.6,287,-0.2,79,2,580,0,7,81,0,0,79
Feb,2004,5.0,-2.0,1.5,104,12.9,43,8,459,0,8,20,18,0,74
Mar,2004,6.7,-1.1,2.8,243,11.7,32,15,474,0,11,47,33,0,72
Apr,2004,11.0,0.8,5.9,37,38.0,8,58,363,0,17,3,59,23,66
May,2004,10.9,3.2,7.1,186,4.3,2,84,339,0,24,23,68,0,74
Jun,2004,17.4,6.3,11.8,110,40.2,0,205,187,3,29,1,101,0,65
Jul,2004,21.3,9.6,15.5,22,25.4,0,325,89,11,31,0,115,93,64
Aug,2004,20.5,11.0,15.8,177,-1.3,0,335,85,15,31,1,90,0,71
Sep,2004,12.4,5.8,9.1,253,1.0,1,132,268,2,27,17,44,0,78
Oct,2004,10.3,3.0,6.6,228,8.5,5,84,353,0,23,7,29,0,75
Nov,2004,5.4,0.0,2.7,422,1.1,28,19,459,0,14,65,13,0,81
Dec,2004,3.4,-0.9,1.2,350,0.9,48,12,517,0,12,53,0,0,82
Jan,2005,2.6,-3.0,-0.2,266,-0.2,71,3,565,0,8,65,0,0,79
Feb,2005,6.1,-3.4,1.3,109,22.5,44,6,462,0,6,22,21,0,65
Mar,2005,6.6,-1.0,2.8,235,7.7,32,14,474,0,12,46,33,0,73
Apr,2005,8.5,0.1,4.3,194,7.7,14,34,411,0,15,40,50,0,71
May,2005,13.2,4.5,8.8,126,14.3,1,129,284,0,27,6,77,0,72
Jun,2005,12.7,5.7,9.2,153,1.0,1,128,265,0,28,6,73,0,77
Jul,2005,19.1,8.3,13.7,82,13.4,0,271,134,4,31,1,105,23,66
Aug,2005,20.7,9.5,15.1,48,28.3,0,315,99,11,31,0,96,47,65
Sep,2005,13.5,5.3,9.4,152,14.6,1,139,260,2,27,9,49,0,73
Oct,2005,10.0,3.9,7.0,305,-5.1,5,91,343,0,25,7,27,0,79
Nov,2005,4.1,-0.4,1.8,284,3.1,36,12,485,0,13,58,11,0,84
Dec,2005,2.7,-1.9,0.4,290,5.7,59,6,542,0,10,59,8,0,84
Jan,2006,2.8,-0.8,1.0,552,-2.2,54,10,528,0,13,92,9,0,87
Feb,2006,2.5,-3.9,-0.7,296,16.9,71,0,519,0,5,122,0,0,75
Mar,2006,4.6,-3.4,0.6,124,12.7,56,0,541,0,6,61,30,0,70
Apr,2006,7.8,-0.4,3.7,164,23.5,17,27,430,0,13,45,48,0,72
May,2006,12.1,2.6,7.3,120,22.1,2,89,332,0,22,13,76,0,68
Jun,2006,15.8,6.5,11.2,146,22.0,0,187,205,2,29,2,90,0,70
Jul,2006,20.5,9.5,15.0,43,22.4,0,305,102,8,31,0,110,68,66
Aug,2006,20.0,8.7,14.3,23,34.3,0,290,117,8,31,0,94,71,65
Sep,2006,16.3,6.8,11.5,73,20.0,0,201,195,5,28,2,57,0,69
Oct,2006,10.9,2.5,6.7,99,14.7,5,86,351,0,22,3,31,0,72
Nov,2006,2.6,-0.9,0.9,845,-2.9,49,6,514,0,12,232,9,0,87
Dec,2006,2.6,-2.1,0.2,363,0.9,62,6,548,0,9,79,8,0,82
Jan,2007,1.8,-3.8,-1.0,283,4.8,85,1,590,0,6,88,0,0,78
Feb,2007,3.8,-1.7,1.0,304,4.2,48,6,471,0,9,69,15,0,80
Mar,2007,4.9,-1.1,1.9,431,1.7,40,9,501,0,12,127,28,0,78
Apr,2007,6.5,-0.4,3.1,182,16.2,21,22,448,0,13,64,43,0,76
May,2007,11.9,2.0,7.0,85,32.9,2,82,342,0,21,11,76,0,67
Jun,2007,13.6,5.5,9.6,176,0.0,0,139,253,0,28,6,79,0,73
Jul,2007,20.2,10.1,15.1,67,13.4,0,315,97,9,31,0,106,40,69
Aug,2007,18.3,8.7,13.5,41,13.7,0,266,141,5,31,1,84,43,70
Sep,2007,13.6,5.9,9.7,120,15.0,1,149,248,3,27,7,49,0,75
Oct,2007,8.5,2.3,5.4,308,1.9,8,62,392,0,22,18,25,0,79
Nov,2007,4.5,-0.4,2.0,259,4.1,34,14,479,0,13,50,12,0,82
Dec,2007,0.4,-3.7,-1.7,488,-2.1,94,0,606,0,6,193,8,0,82
Jan,2008,0.3,-4.7,-2.2,295,-0.2,110,0,628,0,5,125,0,0,79
Feb,2008,3.8,-2.2,0.8,298,7.2,51,5,479,0,8,76,16,0,78
Mar,2008,3.1,-3.4,-0.1,221,6.7,68,0,565,0,6,134,0,0,75
Apr,2008,4.4,-2.4,1.0,141,23.3,42,7,510,0,7,93,38,0,75
May,2008,11.1,2.9,7.0,139,18.3,2,83,341,0,23,17,69,0,73
Jun,2008,12.4,4.3,8.4,134,10.0,1,107,290,0,27,8,75,0,73
Jul,2008,18.4,8.2,13.3,55,23.4,0,259,143,3,31,1,101,46,68
Aug,2008,18.4,9.5,13.9,222,-2.3,0,278,127,6,31,3,82,0,72
Sep,2008,15.1,6.4,10.8,51,22.7,0,179,218,4,28,2,53,2,72
Oct,2008,9.6,2.6,6.1,197,-0.1,6,74,370,0,22,8,28,0,76
Nov,2008,6.2,1.7,4.0,411,-2.9,19,33,422,1,19,40,12,0,84
Dec,2008,-0.9,-5.5,-3.2,328,1.9,129,0,654,0,4,187,0,0,83
Jan,2009,2.3,-3.2,-0.5,365,10.6,76,4,574,0,7,98,0,0,79
Feb,2009,3.1,-3.6,-0.3,137,16.6,65,1,507,0,5,50,0,0,74
Mar,2009,1.9,-4.9,-1.5,241,7.7,93,0,607,0,4,190,0,0,73
Apr,2009,7.3,-1.0,3.1,154,26.7,21,23,447,0,11,54,47,0,71
May,2009,11.5,1.9,6.7,256,26.7,2,76,351,0,21,37,74,0,68
Jun,2009,16.3,6.5,11.4,57,31.5,0,192,199,2,29,1,93,36,69
Jul,2009,21.5,10.4,16.0,52,35.9,0,341,76,14,31,0,114,62,66
Aug,2009,19.2,9.9,14.5,64,20.6,0,295,112,8,31,1,86,21,71
Sep,2009,15.9,7.4,11.7,134,9.0,0,204,192,6,29,4,54,0,73
Oct,2009,8.6,1.8,5.2,463,1.9,9,59,397,0,20,30,26,0,77
Nov,2009,4.4,0.6,2.5,606,0.1,30,19,466,0,16,100,10,0,87
Dec,2009,0.2,-4.7,-2.2,150,8.6,106,0,624,0,5,69,0,0,80
Jan,2010,4.9,0.1,2.5,270,0.8,37,19,483,0,15,27,11,0,83
Feb,2010,5.8,-0.7,2.5,166,13.9,33,13,429,0,12,21,18,0,77
Mar,2010,5.8,-1.5,2.1,209,15.7,37,8,494,0,10,56,31,0,74
Apr,2010,6.2,-0.2,3.0,202,15.9,22,20,450,0,13,74,41,0,77
May,2010,9.1,1.5,5.3,255,0.3,5,51,394,0,19,67,62,0,74
Jun,2010,12.7,5.1,8.9,193,7.0,1,121,274,0,28,9,75,0,75
Jul,2010,19.5,8.6,14.0,13,45.1,0,280,126,5,31,0,107,93,66
Aug,2010,18.6,9.3,13.9,72,19.7,0,277,128,6,31,1,84,12,71
Sep,2010,13.2,7.2,10.2,273,-6.0,1,163,235,3,28,13,43,0,80
Oct,2010,10.9,3.8,7.4,207,7.9,4,100,330,0,25,4,29,0,76
Nov,2010,2.4,-1.7,0.3,345,-0.9,56,3,530,0,10,109,10,0,84
Dec,2010,1.7,-2.4,-0.4,401,2.9,70,2,566,0,9,107,0,0,80
Jan,2011,2.1,-2.4,-0.1,421,-9999.0,70,4,564,0,9,101,0,0,83
Feb,2011,0.7,-4.7,-2.0,318,-9999.0,94,0,556,0,4,182,0,0,78
Mar,2011,3.2,-2.5,0.3,390,-9999.0,60,0,550,0,8,209,25,0,78
Apr,2011,3.2,-2.5,0.4,311,-9999.0,51,4,529,0,7,230,34,0,79
May,2011,8.0,1.4,4.7,235,-9999.0,7,42,412,0,19,77,57,0,77
Jun,2011,12.3,4.9,8.6,101,-9999.0,1,113,283,0,27,6,73,0,75
Jul,2011,15.9,7.2,11.6,77,-9999.0,0,204,199,1,31,2,88,11,72
Aug,2011,19.1,9.1,14.1,23,-9999.0,0,282,122,7,31,0,88,64,69
Sep,2011,16.6,7.8,12.2,134,-9999.0,0,218,180,7,29,3,56,0,72
Oct,2011,8.7,3.0,5.8,239,-9999.0,7,69,378,0,23,11,25,0,81
Nov,2011,2.7,-2.3,0.2,462,-9999.0,59,3,534,0,9,152,11,0,81
Dec,2011,2.5,-2.5,0.0,169,-9999.0,65,5,554,0,9,40,0,0,84
Jan,2012,1.1,-3.7,-1.3,342,-9999.0,91,0,600,0,7,116,0,0,81
Feb,2012,2.7,-2.5,0.1,348,-9999.0,59,1,496,0,8,111,14,0,80
Mar,2012,1.9,-3.1,-0.6,412,-9999.0,76,0,579,0,7,278,0,0,80
Apr,2012,7.3,0.0,3.7,242,-9999.0,17,27,430,0,14,67,45,0,75
May,2012,10.4,1.9,6.1,180,-9999.0,3,65,368,0,20,34,69,0,71
Jun,2012,11.7,4.5,8.1,289,-9999.0,1,101,298,0,27,21,71,0,76
Jul,2012,18.3,9.0,13.7,91,-9999.0,0,269,135,4,31,1,97,6,71
Aug,2012,20.7,10.2,15.5,9,-9999.0,0,325,92,13,31,0,94,85,67
Sep,2012,17.3,7.1,12.2,15,-9999.0,0,219,179,7,28,0,60,45,68
Oct,2012,10.0,3.2,6.6,488,-9999.0,5,83,355,0,24,15,28,0,77
Nov,2012,4.6,0.8,2.7,413,-9999.0,28,20,460,0,17,64,11,0,87
Dec,2012,0.4,-2.9,-1.2,431,-9999.0,86,1,593,0,8,151,8,0,81
Jan,2013,2.2,-2.9,-0.4,286,-9999.0,74,4,571,0,8,74,0,0,80
Feb,2013,2.4,-2.1,0.2,288,-9999.0,59,2,495,0,8,90,13,0,83
Mar,2013,5.5,-2.1,1.7,286,-9999.0,42,7,507,0,9,93,31,0,72
Apr,2013,5.9,-0.1,2.9,297,-9999.0,22,20,452,0,14,112,40,0,79
May,2013,11.8,3.5,7.7,194,-9999.0,1,98,321,0,25,18,72,0,72
Jun,2013,14.8,6.4,10.6,161,-9999.0,0,169,223,2,29,3,83,0,73
Jul,2013,21.1,9.4,15.3,10,-9999.0,0,319,94,10,31,0,115,105,64
Aug,2013,19.8,10.7,15.2,111,-9999.0,0,318,97,12,31,1,87,0,72
Sep,2013,14.6,8.1,11.3,321,-9999.0,0,195,200,5,29,10,47,0,79
Oct,2013,10.7,2.8,6.7,120,-9999.0,5,86,350,0,23,3,30,0,73
Nov,2013,4.5,0.3,2.4,306,-9999.0,30,17,468,0,15,52,11,0,85
Dec,2013,0.8,-3.7,-1.4,204,-9999.0,90,0,600,0,6,76,0,0,87
Jan,2014,4.4,-0.4,2.0,251,-9999.0,43,18,500,0,14,31,11,0,83
Feb,2014,0.2,-4.8,-2.3,391,-9999.0,100,0,564,0,4,239,0,0,79
Mar,2014,3.9,-1.7,1.1,438,-9999.0,49,5,525,0,10,180,26,0,79
Apr,2014,7.1,0.2,3.6,210,-9999.0,17,28,432,0,15,59,44,0,76
May,2014,11.9,4.0,8.0,219,-9999.0,1,106,311,0,26,17,71,0,74
Jun,2014,14.4,5.8,10.1,147,-9999.0,0,155,237,1,28,4,84,0,72
Jul,2014,20.6,10.2,15.4,89,-9999.0,0,324,90,10,31,0,108,19,68
Aug,2014,20.5,11.1,15.8,63,-9999.0,0,336,84,15,31,0,89,27,71
Sep,2014,15.7,8.0,11.9,148,-9999.0,0,210,187,6,29,4,52,0,75
Oct,2014,11.4,6.2,8.8,401,-9999.0,2,133,287,0,29,3,27,0,82
Nov,2014,4.6,-0.5,2.1,504,-9999.0,34,16,478,0,13,96,12,0,82
Dec,2014,2.9,-1.7,0.6,352,-9999.0,57,9,538,0,10,68,0,0,82
Jan,2015,5.4,0.0,2.7,272,-9999.0,35,23,476,0,15,25,12,0,81
Feb,2015,6.4,0.8,3.6,268,-9999.0,25,25,399,0,16,20,18,0,81
Mar,2015,7.7,0.6,4.1,284,-9999.0,21,30,432,0,17,26,34,0,76
Apr,2015,7.2,0.0,3.6,123,-9999.0,18,26,433,0,14,36,45,0,75
May,2015,13.7,4.6,9.1,55,-9999.0,1,137,275,0,27,2,79,24,70
Jun,2015,19.8,8.1,13.9,29,-9999.0,0,268,130,8,30,0,111,82,64
Jul,2015,21.2,10.5,15.9,42,-9999.0,0,338,79,13,31,0,111,70,67
Aug,2015,20.4,10.3,15.3,120,-9999.0,0,321,95,12,31,1,92,0,69
Sep,2015,13.0,5.9,9.4,161,-9999.0,1,140,258,2,27,10,46,0,77
Oct,2015,12.3,5.6,9.0,262,-9999.0,2,138,281,0,28,2,30,0,78
Nov,2015,3.8,-1.1,1.4,450,-9999.0,42,9,499,0,12,106,11,0,82
Dec,2015,1.5,-2.3,-0.4,484,-9999.0,71,4,567,0,9,131,8,0,83
Jan,2016,2.6,-1.9,0.3,280,-9999.0,63,9,550,0,10,59,9,0,83
Feb,2016,5.4,0.1,2.8,432,-9999.0,31,19,422,0,14,48,16,0,81
Mar,2016,5.8,-0.6,2.6,279,-9999.0,33,17,479,0,13,59,30,0,77
Apr,2016,10.7,3.0,6.8,75,-9999.0,6,76,336,0,23,4,54,0,74
May,2016,12.6,4.4,8.5,94,-9999.0,1,119,296,0,27,6,74,0,73
Jun,2016,15.3,6.7,11.0,154,-9999.0,0,182,210,2,29,2,86,0,72
Jul,2016,17.5,9.3,13.4,72,-9999.0,0,262,141,4,31,1,91,19,74
Aug,2016,20.5,10.4,15.4,17,-9999.0,0,324,92,13,31,0,92,75,68
Sep,2016,13.5,6.3,9.9,147,-9999.0,1,153,244,3,28,8,47,0,76
Oct,2016,8.8,3.7,6.3,489,-9999.0,6,77,365,0,25,18,24,0,82
Nov,2016,6.1,2.8,4.5,490,-9999.0,16,41,406,1,22,40,11,0,88
Dec,2016,-1.5,-5.7,-3.6,277,-9999.0,138,0,666,0,3,169,0,0,85
Jan,2017,0.0,-6.0,-3.0,117,-9999.0,127,0,651,0,3,58,0,0,75
Feb,2017,1.4,-4.2,-1.4,420,-9999.0,83,0,540,0,5,211,0,0,78
Mar,2017,2.8,-1.7,0.6,471,-9999.0,57,3,543,0,10,234,23,0,83
Apr,2017,5.6,0.1,2.8,204,-9999.0,23,21,455,0,14,79,38,0,81
May,2017,12.1,3.0,7.6,136,-9999.0,1,95,324,0,24,13,74,0,70
Jun,2017,15.3,6.2,10.8,101,-9999.0,0,174,218,2,29,2,88,0,70
Jul,2017,20.1,9.1,14.6,6,-9999.0,0,297,110,7,31,0,109,103,66
Aug,2017,22.5,11.1,16.8,11,-9999.0,0,365,63,24,31,0,101,91,65
Sep,2017,16.3,7.8,12.0,75,-9999.0,0,214,183,6,29,2,55,0,73
Oct,2017,9.7,2.6,6.1,383,-9999.0,6,74,369,0,22,15,28,0,76
Nov,2017,3.5,0.1,1.8,515,-9999.0,37,15,486,0,15,106,9,0,88
Dec,2017,2.0,-2.3,-0.2,359,-9999.0,67,7,560,0,9,90,0,0,81
Jan,2018,2.9,-0.9,1.0,367,-9999.0,54,12,529,0,13,62,9,0,86
Feb,2018,0.1,-4.4,-2.2,453,-9999.0,98,0,562,0,4,271,0,0,81
Mar,2018,2.9,-3.1,-0.1,207,-9999.0,67,0,564,0,7,125,0,0,77
Apr,2018,7.1,0.6,3.9,275,-9999.0,16,30,424,0,16,70,43,0,77
May,2018,14.3,4.8,9.6,29,-9999.0,0,149,262,0,27,1,82,53,69
Jun,2018,13.8,6.0,9.9,122,-9999.0,0,149,244,1,28,3,79,0,74
Jul,2018,21.7,10.3,16.0,39,-9999.0,0,342,76,14,31,0,115,76,65
Aug,2018,20.4,10.6,15.5,27,-9999.0,0,326,91,13,31,0,90,64,70
Sep,2018,12.9,6.5,9.7,189,-9999.0,1,149,249,3,28,10,44,0,79
Oct,2018,10.7,3.2,7.0,224,-9999.0,5,91,343,0,24,5,30,0,75
Nov,2018,5.7,1.6,3.7,436,-9999.0,20,30,431,0,19,48,11,0,86
Dec,2018,1.9,-2.5,-0.3,367,-9999.0,70,5,565,0,8,97,0,0,83
Jan,2019,4.1,-1.3,1.4,190,-9999.0,49,15,517,0,12,28,11,0,80
Feb,2019,-1.4,-7.7,-4.5,171,-9999.0,150,0,627,0,1,141,0,0,73
Mar,2019,6.7,-2.9,1.9,37,-9999.0,40,12,502,0,7,11,36,0,65
Apr,2019,6.8,0.5,3.7,227,-9999.0,17,29,431,0,16,63,42,0,78
May,2019,13.6,4.5,9.0,98,-9999.0,1,135,278,0,27,4,79,0,70
Jun,2019,15.2,6.4,10.8,132,-9999.0,0,175,217,2,29,2,87,0,71
Jul,2019,17.8,9.2,13.5,69,-9999.0,0,264,139,4,31,1,93,24,73
Aug,2019,19.8,10.7,15.2,38,-9999.0,0,319,97,12,31,0,86,48,72
Sep,2019,12.9,7.4,10.1,228,-9999.0,1,161,237,3,29,11,41,0,82
Oct,2019,7.7,1.3,4.5,317,-9999.0,12,49,420,0,19,31,25,0,78
Nov,2019,5.9,0.6,3.3,167,-9999.0,23,27,442,0,16,21,13,0,82
Dec,2019,2.4,-1.3,0.5,345,-9999.0,57,10,538,0,11,67,0,0,83
