Year,Max Temp,Min Temp,Ave Temp,Precipitation,DDays < 0째C,DDays > 5째C,DDays < 18째C,DDays > 18째C,Frost Free Days,Snowfall,Evaporation,Moisture Deficit,Relative Humidity,latitude,longitude,Resort
1901,-4.8,-12.1,-8.5,369,770,0,2370,0,2,337,0,0,69,45.2796,-111.4323,Big Sky
1902,-4.3,-11.2,-7.8,321,741,0,2317,0,2,287,0,0,70,45.2796,-111.4323,Big Sky
1903,-5.9,-13.5,-9.7,217,882,0,2476,0,1,199,0,0,67,45.2796,-111.4323,Big Sky
1904,-4.5,-11.5,-8.0,399,743,0,2329,0,2,373,0,0,70,45.2796,-111.4323,Big Sky
1905,-5.3,-13.5,-9.4,150,856,0,2450,0,1,140,0,0,65,45.2796,-111.4323,Big Sky
1906,-4.8,-12.5,-8.7,287,803,0,2398,0,1,268,0,0,67,45.2796,-111.4323,Big Sky
1907,-4.1,-11.8,-7.9,373,765,0,2333,0,3,327,0,0,67,45.2796,-111.4323,Big Sky
1908,-3.8,-11.9,-7.9,303,736,0,2321,0,1,281,0,0,66,45.2796,-111.4323,Big Sky
1909,-5.5,-12.5,-9.0,295,831,0,2427,0,1,281,0,0,70,45.2796,-111.4323,Big Sky
1910,-8.8,-16.7,-12.7,360,1150,0,2756,0,0,355,0,0,65,45.2796,-111.4323,Big Sky
1911,-6.0,-13.4,-9.7,304,884,0,2479,0,1,288,0,0,68,45.2796,-111.4323,Big Sky
1912,-5.3,-13.0,-9.1,184,836,0,2436,0,1,176,0,0,67,45.2796,-111.4323,Big Sky
1913,-6.8,-15.3,-11.1,220,999,0,2602,0,1,213,0,0,63,45.2796,-111.4323,Big Sky
1914,-4.6,-12.4,-8.5,201,779,0,2378,0,1,181,0,0,67,45.2796,-111.4323,Big Sky
1915,-5.3,-13.0,-9.2,175,859,0,2448,0,1,165,0,0,67,45.2796,-111.4323,Big Sky
1916,-7.7,-14.9,-11.3,388,1050,0,2641,0,1,375,0,0,68,45.2796,-111.4323,Big Sky
1917,-8.2,-15.8,-12.0,346,1087,0,2691,0,0,341,0,0,66,45.2796,-111.4323,Big Sky
1918,-4.7,-12.2,-8.4,432,780,0,2365,0,2,386,0,0,68,45.2796,-111.4323,Big Sky
1919,-4.6,-12.5,-8.6,263,790,0,2377,0,1,252,0,0,66,45.2796,-111.4323,Big Sky
1920,-5.2,-13.6,-9.4,386,864,0,2458,0,1,374,0,0,64,45.2796,-111.4323,Big Sky
1921,-4.1,-11.1,-7.6,301,721,0,2303,0,2,275,0,0,70,45.2796,-111.4323,Big Sky
1922,-8.5,-15.5,-12.0,423,1087,0,2689,0,1,411,0,0,69,45.2796,-111.4323,Big Sky
1923,-6.7,-14.3,-10.5,239,950,0,2551,0,1,229,0,0,67,45.2796,-111.4323,Big Sky
1924,-5.1,-13.6,-9.4,307,876,0,2465,0,1,291,0,0,64,45.2796,-111.4323,Big Sky
1925,-6.1,-11.5,-8.8,252,835,0,2415,0,3,227,0,0,76,45.2796,-111.4323,Big Sky
1926,-3.6,-9.6,-6.6,334,641,0,2210,0,3,278,0,0,74,45.2796,-111.4323,Big Sky
1927,-5.8,-12.7,-9.3,330,846,0,2448,0,1,315,0,0,70,45.2796,-111.4323,Big Sky
1928,-6.8,-15.1,-10.9,406,992,0,2598,0,1,386,0,0,64,45.2796,-111.4323,Big Sky
1929,-8.5,-16.5,-12.5,381,1126,0,2736,0,0,375,0,0,64,45.2796,-111.4323,Big Sky
1930,-6.7,-13.6,-10.2,305,970,3,2541,0,2,275,0,0,70,45.2796,-111.4323,Big Sky
1931,-4.0,-12.1,-8.0,226,749,0,2336,0,1,210,0,0,66,45.2796,-111.4323,Big Sky
1932,-6.6,-14.1,-10.3,277,946,0,2547,0,1,269,0,0,67,45.2796,-111.4323,Big Sky
1933,-9.0,-16.5,-12.8,275,1148,0,2754,0,1,267,0,0,67,45.2796,-111.4323,Big Sky
1934,-0.9,-8.4,-4.7,218,490,0,2035,0,4,159,0,0,69,45.2796,-111.4323,Big Sky
1935,-4.0,-12.2,-8.1,225,753,0,2343,0,1,208,0,0,65,45.2796,-111.4323,Big Sky
1936,-7.6,-15.6,-11.6,317,1042,0,2641,0,1,309,0,0,65,45.2796,-111.4323,Big Sky
1937,-8.9,-17.2,-13.0,342,1194,0,2790,0,1,331,0,0,63,45.2796,-111.4323,Big Sky
1938,-4.1,-12.3,-8.2,260,759,0,2351,0,1,241,0,0,65,45.2796,-111.4323,Big Sky
1939,-5.7,-13.4,-9.5,211,869,0,2458,0,1,195,0,0,67,45.2796,-111.4323,Big Sky
1940,-4.5,-11.5,-8.0,415,759,2,2332,0,3,370,0,0,70,45.2796,-111.4323,Big Sky
1941,-2.8,-11.7,-7.3,217,691,0,2268,0,2,193,0,0,63,45.2796,-111.4323,Big Sky
1942,-6.8,-15.5,-11.2,406,1014,0,2611,0,1,391,0,0,62,45.2796,-111.4323,Big Sky
1943,-5.2,-13.8,-9.5,298,884,0,2470,0,1,283,0,0,63,45.2796,-111.4323,Big Sky
1944,-5.0,-13.3,-9.1,207,832,0,2433,0,1,200,0,0,64,45.2796,-111.4323,Big Sky
1945,-4.6,-12.5,-8.6,156,796,0,2386,0,1,147,0,0,66,45.2796,-111.4323,Big Sky
1946,-5.4,-12.8,-9.1,309,827,0,2431,0,1,295,0,0,68,45.2796,-111.4323,Big Sky
1947,-4.9,-12.5,-8.7,211,811,0,2395,0,1,195,0,0,67,45.2796,-111.4323,Big Sky
1948,-5.8,-13.2,-9.5,307,870,0,2468,0,1,292,0,0,68,45.2796,-111.4323,Big Sky
1949,-10.4,-18.9,-14.7,404,1333,0,2938,0,0,402,0,0,62,45.2796,-111.4323,Big Sky
1950,-5.9,-13.7,-9.8,240,913,0,2503,0,1,229,0,0,66,45.2796,-111.4323,Big Sky
1951,-4.6,-12.3,-8.4,211,794,0,2372,0,2,192,0,0,67,45.2796,-111.4323,Big Sky
1952,-7.3,-14.8,-11.1,365,1006,0,2611,0,1,357,0,0,67,45.2796,-111.4323,Big Sky
1953,-3.5,-10.1,-6.8,275,651,0,2218,0,4,240,0,0,72,45.2796,-111.4323,Big Sky
1954,-3.4,-10.6,-7.0,203,674,0,2247,0,2,179,0,0,69,45.2796,-111.4323,Big Sky
1955,-7.1,-15.2,-11.2,242,1010,0,2614,0,1,237,0,0,65,45.2796,-111.4323,Big Sky
1956,-6.5,-14.2,-10.4,365,934,0,2539,0,1,347,0,0,67,45.2796,-111.4323,Big Sky
1957,-6.5,-14.9,-10.7,225,996,0,2581,0,1,216,0,0,63,45.2796,-111.4323,Big Sky
1958,-2.4,-10.3,-6.4,183,622,0,2190,0,2,157,0,0,67,45.2796,-111.4323,Big Sky
1959,-4.5,-12.8,-8.7,266,794,0,2385,0,1,247,0,0,65,45.2796,-111.4323,Big Sky
1960,-6.0,-14.3,-10.1,227,925,0,2518,0,1,217,0,0,64,45.2796,-111.4323,Big Sky
1961,-2.6,-10.6,-6.6,173,646,0,2214,0,2,149,0,0,66,45.2796,-111.4323,Big Sky
1962,-7.2,-14.8,-11.0,337,1002,0,2607,0,1,331,0,0,67,45.2796,-111.4323,Big Sky
1963,-3.7,-12.6,-8.2,217,794,1,2358,0,2,195,0,0,62,45.2796,-111.4323,Big Sky
1964,-5.5,-13.9,-9.7,211,885,0,2487,0,1,203,0,0,64,45.2796,-111.4323,Big Sky
1965,-4.3,-12.0,-8.2,324,760,0,2348,0,1,296,0,0,67,45.2796,-111.4323,Big Sky
1966,-4.7,-12.7,-8.7,195,795,0,2392,0,1,182,0,0,66,45.2796,-111.4323,Big Sky
1967,-3.9,-10.6,-7.2,264,693,0,2267,0,2,234,0,0,72,45.2796,-111.4323,Big Sky
1968,-5.7,-14.1,-9.9,332,921,0,2512,0,1,321,0,0,64,45.2796,-111.4323,Big Sky
1969,-6.6,-14.7,-10.7,360,966,0,2574,0,1,351,0,0,65,45.2796,-111.4323,Big Sky
1970,-3.2,-10.9,-7.1,173,677,0,2256,0,2,155,0,0,67,45.2796,-111.4323,Big Sky
1971,-5.4,-12.1,-8.8,303,803,0,2406,0,1,286,0,0,71,45.2796,-111.4323,Big Sky
1972,-6.2,-13.6,-9.9,249,921,0,2513,0,1,240,0,0,68,45.2796,-111.4323,Big Sky
1973,-6.9,-15.5,-11.2,177,1019,0,2624,0,0,173,0,0,63,45.2796,-111.4323,Big Sky
1974,-5.0,-11.7,-8.3,225,787,0,2367,0,2,206,0,0,71,45.2796,-111.4323,Big Sky
1975,-6.5,-14.7,-10.6,346,957,0,2564,0,1,336,0,0,65,45.2796,-111.4323,Big Sky
1976,-3.6,-11.2,-7.4,248,702,0,2281,0,2,222,0,0,68,45.2796,-111.4323,Big Sky
1977,-3.3,-12.6,-7.9,127,758,0,2331,0,1,119,0,0,61,45.2796,-111.4323,Big Sky
1978,-4.8,-12.1,-8.5,315,785,0,2376,0,1,296,0,0,69,45.2796,-111.4323,Big Sky
1979,-9.5,-17.9,-13.7,307,1255,0,2858,0,0,303,0,0,63,45.2796,-111.4323,Big Sky
1980,-4.2,-12.6,-8.4,299,794,0,2370,0,2,280,0,0,64,45.2796,-111.4323,Big Sky
1981,-1.1,-9.9,-5.5,222,553,0,2107,0,3,189,0,0,64,45.2796,-111.4323,Big Sky
1982,-5.9,-13.2,-9.5,294,866,0,2467,0,1,279,0,0,68,45.2796,-111.4323,Big Sky
1983,-3.3,-10.8,-7.1,277,677,0,2253,0,2,252,0,0,68,45.2796,-111.4323,Big Sky
1984,-6.4,-15.0,-10.7,241,989,0,2584,0,1,233,0,0,63,45.2796,-111.4323,Big Sky
1985,-6.7,-16.4,-11.6,196,1047,0,2652,0,0,193,0,0,58,45.2796,-111.4323,Big Sky
1986,-4.0,-11.7,-7.8,272,742,0,2319,0,2,245,0,0,67,45.2796,-111.4323,Big Sky
1987,-4.1,-13.3,-8.7,143,807,0,2400,0,1,134,0,0,61,45.2796,-111.4323,Big Sky
1988,-5.0,-13.2,-9.1,211,842,0,2435,0,1,201,0,0,65,45.2796,-111.4323,Big Sky
1989,-7.4,-15.3,-11.3,307,1012,0,2622,0,1,295,0,0,65,45.2796,-111.4323,Big Sky
1990,-4.6,-12.4,-8.5,239,782,0,2376,0,1,220,0,0,67,45.2796,-111.4323,Big Sky
1991,-5.7,-14.0,-9.9,213,936,0,2517,0,1,197,0,0,65,45.2796,-111.4323,Big Sky
1992,-2.2,-10.6,-6.4,166,631,0,2196,0,2,141,0,0,65,45.2796,-111.4323,Big Sky
1993,-7.3,-15.6,-11.4,266,1035,0,2639,0,0,261,0,0,64,45.2796,-111.4323,Big Sky
1994,-4.6,-11.8,-8.2,219,754,0,2345,0,2,202,0,0,69,45.2796,-111.4323,Big Sky
1995,-4.2,-11.1,-7.7,306,722,0,2307,0,2,280,0,0,70,45.2796,-111.4323,Big Sky
1996,-5.3,-13.4,-9.3,288,857,0,2452,0,1,276,0,0,65,45.2796,-111.4323,Big Sky
1997,-5.6,-13.0,-9.3,457,853,0,2452,0,1,436,0,0,68,45.2796,-111.4323,Big Sky
1998,-4.4,-11.8,-8.1,291,757,0,2347,0,1,265,0,0,68,45.2796,-111.4323,Big Sky
1999,-4.4,-10.8,-7.6,341,717,0,2299,0,2,307,0,0,72,45.2796,-111.4323,Big Sky
2000,-2.7,-9.7,-6.2,320,615,0,2178,0,3,271,0,0,70,45.2796,-111.4323,Big Sky
2001,-4.4,-12.9,-8.7,163,791,0,2389,0,1,152,0,0,64,45.2796,-111.4323,Big Sky
2002,-5.2,-12.5,-8.8,233,804,0,2407,0,1,220,0,0,68,45.2796,-111.4323,Big Sky
2003,-3.4,-10.5,-6.9,307,654,0,2230,0,3,261,0,0,70,45.2796,-111.4323,Big Sky
2004,-4.1,-11.2,-7.7,313,720,0,2302,0,2,285,0,0,70,45.2796,-111.4323,Big Sky
2005,-2.3,-11.0,-6.6,163,643,0,2211,0,2,140,0,0,64,45.2796,-111.4323,Big Sky
2006,-4.5,-11.8,-8.1,297,753,0,2343,0,2,266,0,0,69,45.2796,-111.4323,Big Sky
2007,-4.2,-11.8,-8.0,295,758,0,2337,0,2,271,0,0,67,45.2796,-111.4323,Big Sky
2008,-5.4,-12.5,-9.0,330,831,0,2426,0,1,313,0,0,70,45.2796,-111.4323,Big Sky
2009,-4.0,-12.0,-8.0,266,760,0,2339,0,1,247,0,0,66,45.2796,-111.4323,Big Sky
2010,-5.2,-12.4,-8.8,185,826,0,2409,0,1,169,0,0,69,45.2796,-111.4323,Big Sky
2011,-5.3,-12.2,-8.8,308,804,0,2398,0,1,288,0,0,70,45.2796,-111.4323,Big Sky
2012,-3.6,-11.0,-7.3,291,697,0,2271,0,2,264,0,0,68,45.2796,-111.4323,Big Sky
2013,-4.8,-11.3,-8.1,295,753,0,2342,0,2,274,0,0,72,45.2796,-111.4323,Big Sky
2014,-5.4,-13.0,-9.2,361,845,0,2437,0,1,342,0,0,67,45.2796,-111.4323,Big Sky
2015,-1.7,-9.0,-5.4,244,550,0,2101,0,4,199,0,0,69,45.2796,-111.4323,Big Sky
2016,-3.1,-9.8,-6.5,256,636,0,2201,0,3,226,0,0,72,45.2796,-111.4323,Big Sky
2017,-6.0,-13.1,-9.6,359,895,0,2484,0,1,341,0,0,69,45.2796,-111.4323,Big Sky
2018,-4.5,-11.7,-8.1,369,753,0,2336,0,2,332,0,0,69,45.2796,-111.4323,Big Sky
2019,-5.8,-13.1,-9.4,396,860,0,2451,0,1,377,0,0,68,45.2796,-111.4323,Big Sky
1901,-4.4,-11.9,-8.1,342,753,0,2343,0,2,319,0,0,68,49.7356,-118.9508,Big White
1902,-3.2,-9.9,-6.6,302,638,0,2208,0,3,261,0,0,72,49.7356,-118.9508,Big White
1903,-5.7,-13.6,-9.6,279,875,0,2470,0,1,254,0,0,66,49.7356,-118.9508,Big White
1904,-3.8,-11.1,-7.5,405,700,0,2282,0,2,373,0,0,69,49.7356,-118.9508,Big White
1905,-4.5,-11.6,-8.0,184,747,0,2329,0,2,160,0,0,69,49.7356,-118.9508,Big White
1906,-3.3,-10.0,-6.6,253,647,0,2213,0,3,221,0,0,71,49.7356,-118.9508,Big White
1907,-6.3,-14.2,-10.3,368,962,0,2542,0,1,345,0,0,66,49.7356,-118.9508,Big White
1908,-3.8,-11.7,-7.7,308,722,0,2307,0,2,281,0,0,66,49.7356,-118.9508,Big White
1909,-7.0,-14.6,-10.8,443,992,0,2592,0,1,431,0,0,67,49.7356,-118.9508,Big White
1910,-6.6,-14.5,-10.5,222,951,0,2556,0,1,215,0,0,66,49.7356,-118.9508,Big White
1911,-6.7,-14.7,-10.7,370,980,0,2569,0,1,341,0,0,65,49.7356,-118.9508,Big White
1912,-5.5,-12.4,-9.0,370,835,0,2426,0,1,351,0,0,70,49.7356,-118.9508,Big White
1913,-6.9,-15.2,-11.0,269,1005,0,2600,0,1,258,0,0,64,49.7356,-118.9508,Big White
1914,-3.9,-10.6,-7.3,254,685,0,2261,0,2,207,0,0,71,49.7356,-118.9508,Big White
1915,-5.1,-12.6,-8.9,122,833,0,2420,0,1,114,0,0,68,49.7356,-118.9508,Big White
1916,-8.2,-16.2,-12.2,348,1112,0,2713,0,1,335,0,0,65,49.7356,-118.9508,Big White
1917,-7.7,-15.0,-11.3,277,1029,0,2633,0,0,273,0,0,68,49.7356,-118.9508,Big White
1918,-4.9,-11.9,-8.4,477,774,0,2361,0,2,433,0,0,70,49.7356,-118.9508,Big White
1919,-4.2,-11.3,-7.8,323,722,0,2309,0,2,299,0,0,70,49.7356,-118.9508,Big White
1920,-4.5,-13.0,-8.7,149,809,0,2401,0,1,138,0,0,64,49.7356,-118.9508,Big White
1921,-3.5,-10.5,-7.0,291,667,0,2240,0,2,256,0,0,70,49.7356,-118.9508,Big White
1922,-7.9,-16.4,-12.1,229,1095,0,2700,0,0,225,0,0,63,49.7356,-118.9508,Big White
1923,-6.3,-14.0,-10.1,298,925,0,2521,0,1,277,0,0,67,49.7356,-118.9508,Big White
1924,-3.1,-10.6,-6.9,312,675,0,2241,0,3,267,0,0,68,49.7356,-118.9508,Big White
1925,-4.7,-12.1,-8.4,380,796,0,2380,0,2,348,0,0,68,49.7356,-118.9508,Big White
1926,-2.1,-8.0,-5.0,348,519,0,2068,0,5,259,0,0,75,49.7356,-118.9508,Big White
1927,-5.3,-12.4,-8.8,311,812,0,2407,0,1,293,0,0,69,49.7356,-118.9508,Big White
1928,-5.5,-13.1,-9.3,325,865,0,2454,0,1,309,0,0,67,49.7356,-118.9508,Big White
1929,-7.6,-16.3,-11.9,212,1082,0,2680,0,1,206,0,0,62,49.7356,-118.9508,Big White
1930,-6.7,-14.2,-10.5,316,988,0,2565,0,2,288,0,0,67,49.7356,-118.9508,Big White
1931,-3.1,-9.2,-6.2,141,607,0,2166,0,4,112,0,0,74,49.7356,-118.9508,Big White
1932,-5.6,-13.8,-9.7,280,882,0,2484,0,1,267,0,0,64,49.7356,-118.9508,Big White
1933,-6.0,-14.2,-10.1,343,917,0,2516,0,1,325,0,0,64,49.7356,-118.9508,Big White
1934,-2.1,-9.9,-6.0,350,595,0,2153,0,3,288,0,0,67,49.7356,-118.9508,Big White
1935,-4.7,-11.9,-8.3,401,782,0,2365,0,1,375,0,0,69,49.7356,-118.9508,Big White
1936,-6.8,-14.2,-10.5,363,954,0,2537,0,2,333,0,0,67,49.7356,-118.9508,Big White
1937,-8.5,-16.8,-12.7,544,1159,0,2754,0,1,532,0,0,63,49.7356,-118.9508,Big White
1938,-4.2,-11.1,-7.7,416,718,0,2299,0,2,382,0,0,70,49.7356,-118.9508,Big White
1939,-4.8,-12.7,-8.8,411,808,0,2394,0,1,370,0,0,66,49.7356,-118.9508,Big White
1940,-2.4,-8.9,-5.7,322,565,0,2121,0,4,252,0,0,72,49.7356,-118.9508,Big White
1941,-2.7,-9.5,-6.1,216,602,0,2162,0,3,179,0,0,71,49.7356,-118.9508,Big White
1942,-4.0,-11.4,-7.7,236,724,0,2305,0,2,213,0,0,68,49.7356,-118.9508,Big White
1943,-5.6,-13.5,-9.5,332,899,0,2478,0,1,311,0,0,66,49.7356,-118.9508,Big White
1944,-4.1,-12.9,-8.5,239,778,0,2375,0,1,226,0,0,63,49.7356,-118.9508,Big White
1945,-4.3,-11.8,-8.0,334,750,0,2335,0,1,308,0,0,68,49.7356,-118.9508,Big White
1946,-3.9,-11.2,-7.6,336,714,0,2293,0,2,304,0,0,68,49.7356,-118.9508,Big White
1947,-3.8,-12.6,-8.2,248,771,0,2354,0,1,231,0,0,63,49.7356,-118.9508,Big White
1948,-4.1,-12.2,-8.1,239,753,0,2338,0,2,221,0,0,65,49.7356,-118.9508,Big White
1949,-8.6,-18.3,-13.4,330,1218,0,2823,0,0,327,0,0,58,49.7356,-118.9508,Big White
1950,-9.0,-17.4,-13.2,391,1209,0,2812,0,1,380,0,0,63,49.7356,-118.9508,Big White
1951,-4.6,-11.9,-8.3,440,763,0,2352,0,2,395,0,0,68,49.7356,-118.9508,Big White
1952,-7.0,-14.9,-10.9,436,1003,0,2604,0,1,427,0,0,66,49.7356,-118.9508,Big White
1953,-1.9,-8.8,-5.4,341,543,0,2093,0,4,252,0,0,71,49.7356,-118.9508,Big White
1954,-3.6,-10.7,-7.2,363,697,0,2265,0,3,321,0,0,70,49.7356,-118.9508,Big White
1955,-4.6,-12.2,-8.4,245,775,0,2365,0,2,226,0,0,67,49.7356,-118.9508,Big White
1956,-6.6,-14.3,-10.4,401,942,0,2545,0,1,381,0,0,66,49.7356,-118.9508,Big White
1957,-7.4,-16.0,-11.7,365,1070,0,2666,0,1,354,0,0,62,49.7356,-118.9508,Big White
1958,-1.9,-7.9,-4.9,332,510,0,2057,0,5,253,0,0,75,49.7356,-118.9508,Big White
1959,-4.7,-11.4,-8.0,463,738,0,2333,0,2,419,0,0,71,49.7356,-118.9508,Big White
1960,-4.7,-12.4,-8.5,245,795,0,2381,0,1,231,0,0,67,49.7356,-118.9508,Big White
1961,-3.1,-9.5,-6.3,279,622,0,2184,0,3,238,0,0,72,49.7356,-118.9508,Big White
1962,-5.2,-12.5,-8.8,421,817,0,2409,0,1,399,0,0,68,49.7356,-118.9508,Big White
1963,-2.8,-10.4,-6.6,201,653,0,2214,0,3,166,0,0,68,49.7356,-118.9508,Big White
1964,-3.4,-10.7,-7.1,363,680,0,2251,0,2,316,0,0,69,49.7356,-118.9508,Big White
1965,-5.1,-12.0,-8.6,465,803,0,2387,0,2,423,0,0,70,49.7356,-118.9508,Big White
1966,-4.1,-11.0,-7.6,318,714,0,2297,0,2,289,0,0,70,49.7356,-118.9508,Big White
1967,-1.7,-8.7,-5.2,353,533,0,2083,0,4,273,0,0,71,49.7356,-118.9508,Big White
1968,-3.2,-11.1,-7.1,328,685,0,2260,0,2,296,0,0,66,49.7356,-118.9508,Big White
1969,-8.4,-16.5,-12.5,463,1128,0,2740,0,0,457,0,0,64,49.7356,-118.9508,Big White
1970,-3.4,-10.5,-6.9,345,668,0,2241,0,2,306,0,0,70,49.7356,-118.9508,Big White
1971,-4.8,-12.0,-8.4,467,777,0,2374,0,1,436,0,0,69,49.7356,-118.9508,Big White
1972,-7.1,-15.1,-11.1,515,1022,0,2620,0,1,506,0,0,65,49.7356,-118.9508,Big White
1973,-5.4,-13.1,-9.2,293,855,0,2448,0,1,280,0,0,67,49.7356,-118.9508,Big White
1974,-3.3,-9.9,-6.6,411,642,0,2211,0,3,353,0,0,72,49.7356,-118.9508,Big White
1975,-5.5,-13.4,-9.5,532,865,0,2456,0,1,495,0,0,66,49.7356,-118.9508,Big White
1976,-3.3,-10.7,-7.0,329,672,0,2243,0,2,287,0,0,68,49.7356,-118.9508,Big White
1977,-3.6,-10.8,-7.2,226,692,0,2264,0,2,202,0,0,70,49.7356,-118.9508,Big White
1978,-5.3,-11.9,-8.6,401,795,0,2393,0,1,380,0,0,71,49.7356,-118.9508,Big White
1979,-7.7,-16.6,-12.1,310,1109,0,2711,0,0,305,0,0,61,49.7356,-118.9508,Big White
1980,-4.5,-11.3,-7.9,271,754,0,2328,0,2,242,0,0,71,49.7356,-118.9508,Big White
1981,-2.7,-8.5,-5.6,324,560,0,2113,0,5,273,0,0,75,49.7356,-118.9508,Big White
1982,-5.0,-12.1,-8.5,468,790,0,2381,0,1,438,0,0,69,49.7356,-118.9508,Big White
1983,-3.1,-9.0,-6.1,448,602,0,2162,0,4,363,0,0,75,49.7356,-118.9508,Big White
1984,-5.2,-12.2,-8.7,300,825,0,2403,0,2,276,0,0,70,49.7356,-118.9508,Big White
1985,-6.8,-13.9,-10.4,240,938,0,2550,0,1,235,0,0,69,49.7356,-118.9508,Big White
1986,-4.5,-10.9,-7.7,271,720,0,2302,0,2,238,0,0,73,49.7356,-118.9508,Big White
1987,-3.4,-10.0,-6.7,167,652,0,2220,0,2,146,0,0,72,49.7356,-118.9508,Big White
1988,-4.0,-11.1,-7.6,284,714,0,2297,0,2,259,0,0,70,49.7356,-118.9508,Big White
1989,-5.4,-12.5,-8.9,288,821,0,2409,0,1,265,0,0,69,49.7356,-118.9508,Big White
1990,-3.5,-9.8,-6.7,270,636,0,2206,0,4,223,0,0,73,49.7356,-118.9508,Big White
1991,-5.2,-11.6,-8.4,383,809,0,2383,0,3,345,0,0,72,49.7356,-118.9508,Big White
1992,-1.6,-7.2,-4.4,225,474,0,2015,0,6,158,0,0,76,49.7356,-118.9508,Big White
1993,-7.0,-13.9,-10.5,295,955,0,2559,0,1,288,0,0,70,49.7356,-118.9508,Big White
1994,-3.4,-8.7,-6.0,358,592,0,2150,0,5,305,0,0,77,49.7356,-118.9508,Big White
1995,-3.6,-9.5,-6.5,306,640,0,2207,0,3,266,0,0,75,49.7356,-118.9508,Big White
1996,-5.6,-12.4,-9.0,380,832,0,2423,0,1,360,0,0,71,49.7356,-118.9508,Big White
1997,-5.5,-12.5,-9.0,337,836,0,2426,0,1,320,0,0,69,49.7356,-118.9508,Big White
1998,-3.0,-9.2,-6.1,326,603,0,2166,0,3,278,0,0,73,49.7356,-118.9508,Big White
1999,-3.3,-9.1,-6.2,382,608,0,2168,0,4,323,0,0,75,49.7356,-118.9508,Big White
2000,-3.5,-9.1,-6.3,327,615,0,2181,0,4,276,0,0,76,49.7356,-118.9508,Big White
2001,-4.3,-10.3,-7.3,198,694,0,2267,0,3,179,0,0,74,49.7356,-118.9508,Big White
2002,-3.2,-9.2,-6.2,296,614,0,2175,0,3,250,0,0,74,49.7356,-118.9508,Big White
2003,-2.2,-7.7,-4.9,293,510,0,2056,0,6,206,0,0,77,49.7356,-118.9508,Big White
2004,-3.8,-9.6,-6.7,307,654,0,2222,0,3,267,0,0,75,49.7356,-118.9508,Big White
2005,-2.8,-9.0,-5.9,251,586,0,2147,0,4,198,0,0,74,49.7356,-118.9508,Big White
2006,-3.2,-8.7,-5.9,375,591,0,2146,0,5,284,0,0,76,49.7356,-118.9508,Big White
2007,-3.8,-9.3,-6.5,274,637,0,2205,0,3,237,0,0,76,49.7356,-118.9508,Big White
2008,-3.7,-10.4,-7.0,298,674,0,2251,0,2,266,0,0,71,49.7356,-118.9508,Big White
2009,-5.3,-11.3,-8.3,399,779,0,2363,0,2,372,0,0,74,49.7356,-118.9508,Big White
2010,-2.7,-8.0,-5.3,248,548,0,2099,0,7,185,0,0,77,49.7356,-118.9508,Big White
2011,-4.0,-9.2,-6.6,310,636,0,2202,0,4,261,0,0,77,49.7356,-118.9508,Big White
2012,-3.6,-8.9,-6.3,276,615,0,2178,0,4,242,0,0,77,49.7356,-118.9508,Big White
2013,-3.0,-8.1,-5.5,301,560,0,2114,0,5,243,0,0,78,49.7356,-118.9508,Big White
2014,-4.6,-9.7,-7.1,215,674,0,2250,0,4,183,0,0,78,49.7356,-118.9508,Big White
2015,-1.7,-6.6,-4.1,339,459,0,1992,0,8,229,0,0,79,49.7356,-118.9508,Big White
2016,-2.4,-6.8,-4.6,420,490,0,2031,0,7,307,0,0,81,49.7356,-118.9508,Big White
2017,-6.3,-11.7,-9.0,279,818,0,2421,0,1,267,0,0,76,49.7356,-118.9508,Big White
2018,-4.6,-8.6,-6.6,483,639,0,2205,0,5,395,0,0,83,49.7356,-118.9508,Big White
2019,-4.6,-9.9,-7.3,233,686,0,2253,0,4,193,0,0,77,49.7356,-118.9508,Big White
1901,-2.7,-13.2,-7.9,563,736,0,2324,0,1,517,0,0,57,43.5966,-110.8474,Jackson Hole
1902,-2.1,-12.5,-7.3,335,705,0,2277,0,1,290,0,0,58,43.5966,-110.8474,Jackson Hole
1903,-4.9,-16.5,-10.7,378,961,0,2561,0,1,349,0,0,52,43.5966,-110.8474,Jackson Hole
1904,-3.0,-13.2,-8.1,386,768,0,2348,0,1,359,0,0,57,43.5966,-110.8474,Jackson Hole
1905,-2.3,-14.4,-8.3,362,765,0,2358,0,1,326,0,0,51,43.5966,-110.8474,Jackson Hole
1906,-3.6,-15.4,-9.5,595,879,0,2475,0,0,562,0,0,51,43.5966,-110.8474,Jackson Hole
1907,-1.7,-11.7,-6.7,501,657,0,2223,0,2,425,0,0,59,43.5966,-110.8474,Jackson Hole
1908,-2.7,-15.7,-9.2,440,846,0,2441,0,0,417,0,0,48,43.5966,-110.8474,Jackson Hole
1909,-3.1,-13.5,-8.3,737,767,0,2360,0,1,659,0,0,57,43.5966,-110.8474,Jackson Hole
1910,-6.0,-17.8,-11.9,433,1080,0,2685,0,0,424,0,0,51,43.5966,-110.8474,Jackson Hole
1911,-3.9,-15.3,-9.6,367,874,0,2466,0,1,331,0,0,53,43.5966,-110.8474,Jackson Hole
1912,-4.2,-15.7,-9.9,382,902,0,2508,0,0,361,0,0,52,43.5966,-110.8474,Jackson Hole
1913,-5.4,-17.5,-11.5,351,1036,0,2640,0,0,344,0,0,50,43.5966,-110.8474,Jackson Hole
1914,-3.0,-14.9,-9.0,449,819,0,2417,0,1,411,0,0,52,43.5966,-110.8474,Jackson Hole
1915,-3.0,-15.6,-9.3,196,870,0,2458,0,1,184,0,0,49,43.5966,-110.8474,Jackson Hole
1916,-3.3,-15.1,-9.2,411,855,0,2446,0,0,393,0,0,51,43.5966,-110.8474,Jackson Hole
1917,-6.6,-18.6,-12.6,680,1145,0,2750,0,0,674,0,0,49,43.5966,-110.8474,Jackson Hole
1918,-2.3,-12.9,-7.6,555,713,2,2290,0,2,460,0,0,56,43.5966,-110.8474,Jackson Hole
1919,-2.8,-15.5,-9.2,371,830,0,2436,0,0,359,0,0,49,43.5966,-110.8474,Jackson Hole
1920,-2.2,-15.9,-9.0,213,836,0,2429,0,0,204,0,0,45,43.5966,-110.8474,Jackson Hole
1921,-3.1,-14.5,-8.8,494,804,0,2407,0,1,466,0,0,53,43.5966,-110.8474,Jackson Hole
1922,-4.8,-16.8,-10.8,695,986,0,2581,0,0,670,0,0,50,43.5966,-110.8474,Jackson Hole
1923,-4.0,-15.7,-9.8,602,892,0,2487,0,1,557,0,0,52,43.5966,-110.8474,Jackson Hole
1924,-3.7,-16.7,-10.2,492,952,0,2541,0,0,472,0,0,47,43.5966,-110.8474,Jackson Hole
1925,-4.0,-14.0,-9.0,684,844,0,2432,0,1,641,0,0,58,43.5966,-110.8474,Jackson Hole
1926,-1.7,-12.9,-7.3,528,700,0,2274,0,1,470,0,0,54,43.5966,-110.8474,Jackson Hole
1927,-3.1,-14.3,-8.7,597,796,0,2396,0,1,564,0,0,53,43.5966,-110.8474,Jackson Hole
1928,-3.5,-16.0,-9.7,545,885,0,2489,0,1,513,0,0,49,43.5966,-110.8474,Jackson Hole
1929,-5.8,-19.1,-12.5,535,1126,0,2731,0,0,527,0,0,44,43.5966,-110.8474,Jackson Hole
1930,-2.5,-14.4,-8.4,641,816,5,2380,0,2,529,0,0,52,43.5966,-110.8474,Jackson Hole
1931,-3.2,-16.2,-9.7,238,895,0,2491,0,0,228,0,0,48,43.5966,-110.8474,Jackson Hole
1932,-4.7,-17.5,-11.1,375,1006,0,2613,0,0,367,0,0,47,43.5966,-110.8474,Jackson Hole
1933,-6.7,-18.0,-12.3,432,1109,0,2716,0,0,417,0,0,51,43.5966,-110.8474,Jackson Hole
1934,1.0,-9.9,-4.4,376,476,3,2016,0,3,262,0,0,57,43.5966,-110.8474,Jackson Hole
1935,-2.2,-14.6,-8.4,288,774,0,2369,0,1,269,0,0,50,43.5966,-110.8474,Jackson Hole
1936,-4.1,-15.9,-10.0,654,907,0,2514,0,0,635,0,0,51,43.5966,-110.8474,Jackson Hole
1937,-5.8,-17.2,-11.5,445,1055,0,2650,0,0,432,0,0,52,43.5966,-110.8474,Jackson Hole
1938,-2.4,-13.0,-7.7,386,720,0,2304,0,1,351,0,0,56,43.5966,-110.8474,Jackson Hole
1939,-4.6,-15.4,-10.0,444,905,0,2500,0,1,421,0,0,54,43.5966,-110.8474,Jackson Hole
1940,-1.4,-11.7,-6.6,488,633,1,2202,0,2,432,0,0,57,43.5966,-110.8474,Jackson Hole
1941,-2.0,-13.9,-8.0,315,747,0,2329,0,1,291,0,0,52,43.5966,-110.8474,Jackson Hole
1942,-4.5,-16.6,-10.6,432,962,0,2555,0,1,399,0,0,50,43.5966,-110.8474,Jackson Hole
1943,-3.5,-14.7,-9.1,646,841,0,2435,0,1,614,0,0,54,43.5966,-110.8474,Jackson Hole
1944,-3.6,-15.7,-9.6,258,886,0,2482,0,0,250,0,0,50,43.5966,-110.8474,Jackson Hole
1945,-3.2,-14.2,-8.7,357,795,0,2396,0,1,339,0,0,54,43.5966,-110.8474,Jackson Hole
1946,-4.8,-15.9,-10.4,398,939,0,2547,0,0,387,0,0,54,43.5966,-110.8474,Jackson Hole
1947,-2.5,-13.5,-8.0,290,761,1,2335,0,1,254,0,0,55,43.5966,-110.8474,Jackson Hole
1948,-3.6,-14.5,-9.1,306,831,0,2429,0,1,292,0,0,55,43.5966,-110.8474,Jackson Hole
1949,-7.2,-19.0,-13.1,547,1191,0,2795,0,0,541,0,0,50,43.5966,-110.8474,Jackson Hole
1950,-3.6,-13.5,-8.5,485,796,0,2384,0,1,457,0,0,59,43.5966,-110.8474,Jackson Hole
1951,-2.6,-13.1,-7.9,409,747,0,2324,0,1,374,0,0,57,43.5966,-110.8474,Jackson Hole
1952,-5.4,-15.9,-10.6,500,965,0,2569,0,0,486,0,0,56,43.5966,-110.8474,Jackson Hole
1953,-1.5,-11.8,-6.7,424,644,1,2210,0,2,327,0,0,58,43.5966,-110.8474,Jackson Hole
1954,-1.9,-12.3,-7.1,380,680,0,2256,0,1,331,0,0,57,43.5966,-110.8474,Jackson Hole
1955,-5.5,-17.5,-11.5,288,1043,0,2647,0,0,283,0,0,50,43.5966,-110.8474,Jackson Hole
1956,-4.0,-14.2,-9.1,679,838,0,2423,0,1,601,0,0,57,43.5966,-110.8474,Jackson Hole
1957,-3.7,-15.0,-9.3,358,881,1,2464,0,1,334,0,0,53,43.5966,-110.8474,Jackson Hole
1958,-1.8,-12.4,-7.1,405,692,0,2262,0,1,353,0,0,56,43.5966,-110.8474,Jackson Hole
1959,-1.9,-11.6,-6.8,366,645,0,2218,0,2,314,0,0,60,43.5966,-110.8474,Jackson Hole
1960,-3.6,-16.1,-9.8,295,898,0,2492,0,0,285,0,0,49,43.5966,-110.8474,Jackson Hole
1961,-2.4,-14.4,-8.4,228,785,0,2376,0,1,207,0,0,51,43.5966,-110.8474,Jackson Hole
1962,-5.3,-16.2,-10.8,503,994,0,2589,0,0,488,0,0,54,43.5966,-110.8474,Jackson Hole
1963,-1.6,-12.5,-7.1,326,699,2,2260,0,2,269,0,0,56,43.5966,-110.8474,Jackson Hole
1964,-5.2,-17.3,-11.3,318,1017,0,2620,0,0,309,0,0,50,43.5966,-110.8474,Jackson Hole
1965,-3.2,-13.1,-8.2,602,757,0,2345,0,1,548,0,0,59,43.5966,-110.8474,Jackson Hole
1966,-3.9,-14.8,-9.3,248,853,0,2449,0,1,235,0,0,54,43.5966,-110.8474,Jackson Hole
1967,-2.8,-12.6,-7.7,395,723,0,2305,0,1,349,0,0,59,43.5966,-110.8474,Jackson Hole
1968,-3.7,-15.5,-9.6,427,896,0,2486,0,0,405,0,0,52,43.5966,-110.8474,Jackson Hole
1969,-3.5,-13.2,-8.4,515,771,0,2364,0,1,455,0,0,59,43.5966,-110.8474,Jackson Hole
1970,-2.1,-12.4,-7.2,415,689,0,2264,0,1,368,0,0,58,43.5966,-110.8474,Jackson Hole
1971,-3.8,-13.3,-8.6,451,786,0,2382,0,1,416,0,0,60,43.5966,-110.8474,Jackson Hole
1972,-4.5,-14.6,-9.5,508,883,0,2477,0,1,488,0,0,58,43.5966,-110.8474,Jackson Hole
1973,-4.8,-17.0,-10.9,331,996,0,2600,0,0,324,0,0,49,43.5966,-110.8474,Jackson Hole
1974,-3.6,-14.4,-9.0,374,820,0,2417,0,1,349,0,0,55,43.5966,-110.8474,Jackson Hole
1975,-4.3,-16.1,-10.2,424,920,0,2530,0,0,411,0,0,51,43.5966,-110.8474,Jackson Hole
1976,-2.3,-13.5,-7.9,432,737,0,2320,0,1,397,0,0,54,43.5966,-110.8474,Jackson Hole
1977,-2.1,-15.7,-8.9,141,833,0,2418,0,0,134,0,0,46,43.5966,-110.8474,Jackson Hole
1978,-2.4,-11.9,-7.2,579,684,0,2257,0,1,514,0,0,60,43.5966,-110.8474,Jackson Hole
1979,-6.6,-18.3,-12.4,469,1149,0,2744,0,0,460,0,0,51,43.5966,-110.8474,Jackson Hole
1980,-1.6,-12.6,-7.1,346,685,0,2257,0,1,314,0,0,55,43.5966,-110.8474,Jackson Hole
1981,0.2,-11.2,-5.5,257,552,0,2105,0,2,200,0,0,54,43.5966,-110.8474,Jackson Hole
1982,-4.4,-14.3,-9.3,587,857,0,2449,0,1,548,0,0,58,43.5966,-110.8474,Jackson Hole
1983,-2.9,-12.9,-7.9,432,740,0,2324,0,1,399,0,0,59,43.5966,-110.8474,Jackson Hole
1984,-5.3,-16.6,-10.9,365,986,0,2598,0,0,359,0,0,53,43.5966,-110.8474,Jackson Hole
1985,-6.1,-18.8,-12.5,299,1129,0,2734,0,0,296,0,0,47,43.5966,-110.8474,Jackson Hole
1986,-2.8,-13.4,-8.1,576,766,0,2349,0,1,520,0,0,56,43.5966,-110.8474,Jackson Hole
1987,-3.5,-15.3,-9.4,222,864,0,2464,0,0,212,0,0,51,43.5966,-110.8474,Jackson Hole
1988,-3.7,-15.4,-9.5,360,878,0,2476,0,0,346,0,0,52,43.5966,-110.8474,Jackson Hole
1989,-4.9,-16.1,-10.5,377,956,0,2561,0,0,367,0,0,53,43.5966,-110.8474,Jackson Hole
1990,-3.4,-14.8,-9.1,314,823,0,2432,0,1,293,0,0,53,43.5966,-110.8474,Jackson Hole
1991,-4.0,-16.0,-10.0,218,943,0,2527,0,1,206,0,0,51,43.5966,-110.8474,Jackson Hole
1992,-2.0,-13.6,-7.8,163,739,0,2326,0,1,143,0,0,53,43.5966,-110.8474,Jackson Hole
1993,-5.1,-16.1,-10.6,500,955,0,2567,0,0,489,0,0,54,43.5966,-110.8474,Jackson Hole
1994,-3.3,-13.8,-8.5,382,783,0,2379,0,1,360,0,0,56,43.5966,-110.8474,Jackson Hole
1995,-2.0,-11.7,-6.8,420,663,0,2236,0,1,370,0,0,60,43.5966,-110.8474,Jackson Hole
1996,-3.2,-13.4,-8.3,548,776,0,2361,0,1,511,0,0,57,43.5966,-110.8474,Jackson Hole
1997,-4.1,-13.9,-9.0,831,817,0,2419,0,1,771,0,0,59,43.5966,-110.8474,Jackson Hole
1998,-3.2,-13.0,-8.1,440,762,0,2344,0,1,387,0,0,59,43.5966,-110.8474,Jackson Hole
1999,-3.6,-13.0,-8.3,600,768,0,2359,0,1,555,0,0,61,43.5966,-110.8474,Jackson Hole
2000,-2.3,-11.4,-6.9,544,665,0,2236,0,2,476,0,0,62,43.5966,-110.8474,Jackson Hole
2001,-3.7,-14.1,-8.9,309,819,0,2413,0,1,294,0,0,57,43.5966,-110.8474,Jackson Hole
2002,-4.5,-15.3,-9.9,383,892,0,2502,0,0,368,0,0,55,43.5966,-110.8474,Jackson Hole
2003,-2.0,-11.2,-6.6,376,635,1,2202,0,2,302,0,0,62,43.5966,-110.8474,Jackson Hole
2004,-2.9,-12.6,-7.7,426,723,0,2305,0,1,381,0,0,60,43.5966,-110.8474,Jackson Hole
2005,-1.2,-11.4,-6.3,315,616,0,2177,0,2,263,0,0,59,43.5966,-110.8474,Jackson Hole
2006,-3.7,-13.3,-8.5,593,779,0,2373,0,1,544,0,0,60,43.5966,-110.8474,Jackson Hole
2007,-3.1,-13.6,-8.4,370,797,1,2376,0,1,340,0,0,56,43.5966,-110.8474,Jackson Hole
2008,-4.5,-13.6,-9.0,494,839,0,2430,0,1,470,0,0,61,43.5966,-110.8474,Jackson Hole
2009,-2.7,-12.7,-7.7,457,727,0,2307,0,1,415,0,0,59,43.5966,-110.8474,Jackson Hole
2010,-3.4,-13.6,-8.5,254,793,0,2380,0,1,230,0,0,58,43.5966,-110.8474,Jackson Hole
2011,-3.6,-12.5,-8.1,461,742,0,2335,0,1,412,0,0,62,43.5966,-110.8474,Jackson Hole
2012,-3.0,-13.1,-8.1,369,753,0,2340,0,1,333,0,0,58,43.5966,-110.8474,Jackson Hole
2013,-4.0,-13.7,-8.9,313,821,0,2411,0,1,293,0,0,59,43.5966,-110.8474,Jackson Hole
2014,-3.6,-12.9,-8.3,532,776,0,2361,0,1,494,0,0,61,43.5966,-110.8474,Jackson Hole
2015,-0.5,-10.0,-5.2,344,539,0,2090,0,3,272,0,0,62,43.5966,-110.8474,Jackson Hole
2016,-2.4,-11.6,-7.0,406,675,0,2248,0,2,362,0,0,62,43.5966,-110.8474,Jackson Hole
2017,-4.1,-13.6,-8.8,770,836,1,2420,0,1,701,0,0,60,43.5966,-110.8474,Jackson Hole
2018,-2.2,-10.8,-6.5,363,631,0,2194,0,2,308,0,0,64,43.5966,-110.8474,Jackson Hole
2019,-3.5,-13.1,-8.3,531,768,0,2358,0,1,501,0,0,60,43.5966,-110.8474,Jackson Hole
1901,-7.1,-16.9,-12.0,405,1081,0,2686,0,0,398,0,0,58,51.4476,-116.14299999999999,Lake Louise
1902,-5.0,-15.2,-10.1,351,929,0,2527,0,0,340,0,0,57,51.4476,-116.14299999999999,Lake Louise
1903,-7.1,-18.2,-12.7,280,1146,0,2751,0,0,275,0,0,53,51.4476,-116.14299999999999,Lake Louise
1904,-6.8,-16.8,-11.8,334,1062,0,2665,0,0,325,0,0,57,51.4476,-116.14299999999999,Lake Louise
1905,-7.3,-17.7,-12.5,248,1127,0,2732,0,0,244,0,0,55,51.4476,-116.14299999999999,Lake Louise
1906,-5.1,-15.9,-10.5,226,959,0,2564,0,0,220,0,0,54,51.4476,-116.14299999999999,Lake Louise
1907,-9.9,-20.8,-15.4,438,1398,0,3008,0,0,435,0,0,52,51.4476,-116.14299999999999,Lake Louise
1908,-5.9,-17.1,-11.5,315,1038,0,2643,0,0,308,0,0,53,51.4476,-116.14299999999999,Lake Louise
1909,-10.6,-20.8,-15.7,533,1421,0,3027,0,0,532,0,0,55,51.4476,-116.14299999999999,Lake Louise
1910,-9.6,-21.0,-15.3,321,1379,0,2986,0,0,319,0,0,51,51.4476,-116.14299999999999,Lake Louise
1911,-9.3,-20.1,-14.7,391,1326,0,2932,0,0,387,0,0,53,51.4476,-116.14299999999999,Lake Louise
1912,-7.4,-17.5,-12.4,224,1136,0,2740,0,0,221,0,0,56,51.4476,-116.14299999999999,Lake Louise
1913,-9.0,-19.8,-14.4,290,1298,0,2904,0,0,288,0,0,53,51.4476,-116.14299999999999,Lake Louise
1914,-6.7,-17.4,-12.0,254,1088,0,2693,0,0,248,0,0,55,51.4476,-116.14299999999999,Lake Louise
1915,-7.5,-18.6,-13.0,107,1186,0,2794,0,0,105,0,0,52,51.4476,-116.14299999999999,Lake Louise
1916,-11.5,-22.7,-17.1,305,1555,0,3160,0,0,303,0,0,50,51.4476,-116.14299999999999,Lake Louise
1917,-10.6,-20.9,-15.8,211,1424,0,3031,0,0,211,0,0,55,51.4476,-116.14299999999999,Lake Louise
1918,-8.8,-19.9,-14.3,493,1294,0,2900,0,0,491,0,0,52,51.4476,-116.14299999999999,Lake Louise
1919,-6.5,-18.4,-12.4,403,1109,0,2717,0,0,391,0,0,50,51.4476,-116.14299999999999,Lake Louise
1920,-6.1,-19.4,-12.7,380,1157,0,2762,0,0,375,0,0,45,51.4476,-116.14299999999999,Lake Louise
1921,-6.1,-16.7,-11.4,411,1027,0,2640,0,0,404,0,0,55,51.4476,-116.14299999999999,Lake Louise
1922,-10.6,-23.0,-16.8,220,1506,0,3113,0,0,219,0,0,47,51.4476,-116.14299999999999,Lake Louise
1923,-8.9,-20.4,-14.7,271,1327,0,2934,0,0,269,0,0,51,51.4476,-116.14299999999999,Lake Louise
1924,-5.8,-15.9,-10.8,376,1006,0,2598,0,0,366,0,0,57,51.4476,-116.14299999999999,Lake Louise
1925,-8.4,-18.7,-13.6,471,1232,0,2844,0,0,466,0,0,55,51.4476,-116.14299999999999,Lake Louise
1926,-3.6,-13.2,-8.4,192,785,0,2370,0,1,179,0,0,60,51.4476,-116.14299999999999,Lake Louise
1927,-8.4,-19.9,-14.2,293,1283,0,2888,0,0,291,0,0,51,51.4476,-116.14299999999999,Lake Louise
1928,-8.1,-20.0,-14.0,233,1280,0,2886,0,0,229,0,0,49,51.4476,-116.14299999999999,Lake Louise
1929,-9.5,-21.7,-15.6,226,1407,0,3013,0,0,225,0,0,48,51.4476,-116.14299999999999,Lake Louise
1930,-9.3,-19.5,-14.4,488,1326,0,2923,0,0,480,0,0,55,51.4476,-116.14299999999999,Lake Louise
1931,-3.3,-13.7,-8.5,113,782,0,2376,1,1,103,0,0,57,51.4476,-116.14299999999999,Lake Louise
1932,-8.4,-19.0,-13.7,346,1242,0,2847,0,0,344,0,0,54,51.4476,-116.14299999999999,Lake Louise
1933,-9.4,-19.1,-14.2,305,1282,0,2888,0,0,301,0,0,57,51.4476,-116.14299999999999,Lake Louise
1934,-5.6,-16.3,-11.0,462,1003,0,2606,1,0,450,0,0,55,51.4476,-116.14299999999999,Lake Louise
1935,-6.7,-17.5,-12.1,376,1113,0,2711,0,0,372,0,0,54,51.4476,-116.14299999999999,Lake Louise
1936,-10.0,-21.0,-15.5,228,1370,0,2983,0,0,224,0,0,52,51.4476,-116.14299999999999,Lake Louise
1937,-11.9,-23.2,-17.6,352,1591,0,3197,0,0,350,0,0,50,51.4476,-116.14299999999999,Lake Louise
1938,-7.9,-19.2,-13.6,415,1220,0,2826,0,0,410,0,0,52,51.4476,-116.14299999999999,Lake Louise
1939,-7.9,-18.3,-13.1,314,1174,0,2780,0,0,306,0,0,55,51.4476,-116.14299999999999,Lake Louise
1940,-5.8,-16.0,-10.9,242,998,0,2593,0,1,231,0,0,57,51.4476,-116.14299999999999,Lake Louise
1941,-4.7,-15.4,-10.1,215,913,0,2520,0,0,208,0,0,55,51.4476,-116.14299999999999,Lake Louise
1942,-7.0,-18.2,-12.6,283,1138,0,2744,0,0,280,0,0,52,51.4476,-116.14299999999999,Lake Louise
1943,-8.2,-19.1,-13.6,295,1247,0,2849,0,0,291,0,0,53,51.4476,-116.14299999999999,Lake Louise
1944,-5.9,-16.8,-11.3,177,1020,0,2625,1,0,173,0,0,54,51.4476,-116.14299999999999,Lake Louise
1945,-6.2,-17.4,-11.8,274,1068,0,2673,0,0,269,0,0,53,51.4476,-116.14299999999999,Lake Louise
1946,-6.1,-16.4,-11.3,284,1025,0,2630,1,0,277,0,0,56,51.4476,-116.14299999999999,Lake Louise
1947,-6.5,-17.6,-12.0,455,1092,0,2697,0,0,449,0,0,53,51.4476,-116.14299999999999,Lake Louise
1948,-6.3,-17.3,-11.8,478,1060,0,2665,0,0,466,0,0,54,51.4476,-116.14299999999999,Lake Louise
1949,-11.4,-24.2,-17.8,342,1611,0,3218,0,0,342,0,0,45,51.4476,-116.14299999999999,Lake Louise
1950,-13.1,-23.9,-18.5,511,1692,0,3297,0,0,510,0,0,52,51.4476,-116.14299999999999,Lake Louise
1951,-7.8,-18.8,-13.3,487,1195,0,2803,0,0,480,0,0,53,51.4476,-116.14299999999999,Lake Louise
1952,-9.7,-20.2,-14.9,369,1362,0,2967,0,0,367,0,0,54,51.4476,-116.14299999999999,Lake Louise
1953,-5.1,-15.1,-10.1,441,921,0,2523,2,0,424,0,0,58,51.4476,-116.14299999999999,Lake Louise
1954,-6.7,-15.2,-10.9,571,1022,0,2611,0,1,543,0,0,63,51.4476,-116.14299999999999,Lake Louise
1955,-6.8,-17.3,-12.0,246,1078,0,2689,0,0,241,0,0,55,51.4476,-116.14299999999999,Lake Louise
1956,-9.7,-20.7,-15.2,591,1372,0,2979,0,0,588,0,0,52,51.4476,-116.14299999999999,Lake Louise
1957,-9.8,-20.8,-15.3,508,1386,0,2991,0,0,504,0,0,52,51.4476,-116.14299999999999,Lake Louise
1958,-4.7,-13.9,-9.3,337,835,0,2450,1,1,321,0,0,61,51.4476,-116.14299999999999,Lake Louise
1959,-7.3,-17.9,-12.6,323,1139,0,2743,0,0,318,0,0,55,51.4476,-116.14299999999999,Lake Louise
1960,-7.2,-17.9,-12.6,277,1138,0,2742,0,0,271,0,0,54,51.4476,-116.14299999999999,Lake Louise
1961,-4.9,-14.4,-9.7,381,893,0,2488,0,1,364,0,0,59,51.4476,-116.14299999999999,Lake Louise
1962,-8.2,-18.9,-13.6,390,1231,0,2837,0,0,387,0,0,54,51.4476,-116.14299999999999,Lake Louise
1963,-5.2,-15.4,-10.3,311,964,0,2548,0,1,293,0,0,57,51.4476,-116.14299999999999,Lake Louise
1964,-5.6,-15.6,-10.6,263,968,0,2569,0,0,256,0,0,57,51.4476,-116.14299999999999,Lake Louise
1965,-8.8,-19.3,-14.0,405,1277,0,2883,0,0,401,0,0,55,51.4476,-116.14299999999999,Lake Louise
1966,-7.7,-18.3,-13.0,362,1184,0,2788,0,0,359,0,0,54,51.4476,-116.14299999999999,Lake Louise
1967,-5.2,-15.0,-10.1,385,920,0,2522,0,0,372,0,0,58,51.4476,-116.14299999999999,Lake Louise
1968,-5.8,-17.4,-11.6,304,1070,0,2667,0,0,300,0,0,51,51.4476,-116.14299999999999,Lake Louise
1969,-12.0,-24.3,-18.1,374,1649,0,3255,0,0,373,0,0,47,51.4476,-116.14299999999999,Lake Louise
1970,-6.1,-17.1,-11.6,209,1068,0,2665,0,0,206,0,0,54,51.4476,-116.14299999999999,Lake Louise
1971,-8.6,-18.9,-13.7,435,1245,0,2857,0,0,432,0,0,55,51.4476,-116.14299999999999,Lake Louise
1972,-11.6,-22.5,-17.0,550,1548,0,3154,0,0,549,0,0,51,51.4476,-116.14299999999999,Lake Louise
1973,-7.5,-19.4,-13.4,346,1224,0,2830,1,0,343,0,0,49,51.4476,-116.14299999999999,Lake Louise
1974,-6.5,-16.4,-11.5,412,1054,0,2653,0,0,406,0,0,57,51.4476,-116.14299999999999,Lake Louise
1975,-8.3,-18.7,-13.5,308,1204,0,2815,0,0,303,0,0,55,51.4476,-116.14299999999999,Lake Louise
1976,-6.0,-16.0,-11.0,406,1002,0,2607,3,0,399,0,0,57,51.4476,-116.14299999999999,Lake Louise
1977,-4.3,-14.0,-9.2,218,860,0,2446,0,1,207,0,0,59,51.4476,-116.14299999999999,Lake Louise
1978,-8.9,-19.8,-14.3,271,1305,0,2911,0,0,270,0,0,53,51.4476,-116.14299999999999,Lake Louise
1979,-10.8,-22.4,-16.6,274,1506,0,3112,0,0,273,0,0,49,51.4476,-116.14299999999999,Lake Louise
1980,-7.2,-17.7,-12.4,424,1125,0,2736,0,0,413,0,0,55,51.4476,-116.14299999999999,Lake Louise
1981,-5.1,-14.1,-9.6,350,881,0,2479,0,1,341,0,0,61,51.4476,-116.14299999999999,Lake Louise
1982,-9.5,-20.2,-14.8,393,1341,0,2947,0,0,391,0,0,53,51.4476,-116.14299999999999,Lake Louise
1983,-4.8,-14.8,-9.8,288,907,0,2502,0,1,273,0,0,58,51.4476,-116.14299999999999,Lake Louise
1984,-6.9,-17.8,-12.4,240,1146,0,2740,0,1,227,0,0,54,51.4476,-116.14299999999999,Lake Louise
1985,-9.4,-20.4,-14.9,253,1353,0,2959,0,0,252,0,0,52,51.4476,-116.14299999999999,Lake Louise
1986,-5.8,-15.2,-10.5,263,953,0,2549,0,1,250,0,0,60,51.4476,-116.14299999999999,Lake Louise
1987,-4.7,-15.0,-9.8,153,899,0,2501,1,0,147,0,0,57,51.4476,-116.14299999999999,Lake Louise
1988,-7.0,-17.5,-12.3,229,1113,0,2723,0,0,227,0,0,55,51.4476,-116.14299999999999,Lake Louise
1989,-8.0,-18.8,-13.4,336,1202,0,2808,0,0,330,0,0,53,51.4476,-116.14299999999999,Lake Louise
1990,-6.5,-15.7,-11.1,327,1001,0,2606,0,0,318,0,0,61,51.4476,-116.14299999999999,Lake Louise
1991,-7.5,-17.0,-12.2,266,1149,0,2733,0,1,252,0,0,59,51.4476,-116.14299999999999,Lake Louise
1992,-3.2,-12.2,-7.7,227,727,0,2310,0,1,204,0,0,62,51.4476,-116.14299999999999,Lake Louise
1993,-9.1,-20.1,-14.6,162,1328,0,2934,1,0,162,0,0,53,51.4476,-116.14299999999999,Lake Louise
1994,-6.8,-15.5,-11.1,280,998,0,2605,0,1,268,0,0,62,51.4476,-116.14299999999999,Lake Louise
1995,-6.0,-16.2,-11.1,246,1010,0,2619,0,0,242,0,0,57,51.4476,-116.14299999999999,Lake Louise
1996,-8.9,-19.8,-14.3,313,1305,0,2910,0,0,311,0,0,53,51.4476,-116.14299999999999,Lake Louise
1997,-8.2,-18.4,-13.3,323,1222,0,2823,1,0,320,0,0,56,51.4476,-116.14299999999999,Lake Louise
1998,-5.6,-14.8,-10.2,188,940,0,2536,0,1,183,0,0,61,51.4476,-116.14299999999999,Lake Louise
1999,-7.3,-14.8,-11.1,274,1008,0,2614,2,1,267,0,0,67,51.4476,-116.14299999999999,Lake Louise
2000,-6.1,-14.4,-10.3,219,930,0,2536,0,1,211,0,0,64,51.4476,-116.14299999999999,Lake Louise
2001,-6.9,-16.5,-11.7,193,1056,0,2660,0,1,187,0,0,59,51.4476,-116.14299999999999,Lake Louise
2002,-6.7,-15.1,-10.9,260,990,0,2596,1,0,253,0,0,64,51.4476,-116.14299999999999,Lake Louise
2003,-4.7,-13.4,-9.1,136,819,0,2428,0,1,126,0,0,63,51.4476,-116.14299999999999,Lake Louise
2004,-5.6,-14.5,-10.0,141,926,0,2521,1,1,137,0,0,62,51.4476,-116.14299999999999,Lake Louise
2005,-4.8,-13.8,-9.3,249,860,0,2456,2,1,238,0,0,62,51.4476,-116.14299999999999,Lake Louise
2006,-5.6,-13.1,-9.3,212,845,0,2447,1,1,195,0,0,68,51.4476,-116.14299999999999,Lake Louise
2007,-5.8,-13.4,-9.6,163,867,0,2476,0,1,156,0,0,67,51.4476,-116.14299999999999,Lake Louise
2008,-6.3,-15.6,-11.0,362,1012,0,2607,0,0,353,0,0,60,51.4476,-116.14299999999999,Lake Louise
2009,-6.7,-15.4,-11.0,268,1005,0,2610,0,1,261,0,0,62,51.4476,-116.14299999999999,Lake Louise
2010,-5.1,-15.3,-10.2,132,960,0,2544,2,1,126,0,0,57,51.4476,-116.14299999999999,Lake Louise
2011,-7.3,-16.4,-11.9,339,1070,0,2675,0,0,330,0,0,61,51.4476,-116.14299999999999,Lake Louise
2012,-5.0,-13.7,-9.3,258,844,0,2451,0,1,245,0,0,63,51.4476,-116.14299999999999,Lake Louise
2013,-5.1,-13.2,-9.2,207,857,0,2444,0,1,192,0,0,65,51.4476,-116.14299999999999,Lake Louise
2014,-6.8,-15.9,-11.3,248,1028,0,2621,0,1,228,0,0,61,51.4476,-116.14299999999999,Lake Louise
2015,-3.3,-11.8,-7.5,208,723,0,2298,1,2,183,0,0,64,51.4476,-116.14299999999999,Lake Louise
2016,-3.7,-12.1,-7.9,233,751,0,2331,0,2,211,0,0,64,51.4476,-116.14299999999999,Lake Louise
2017,-8.5,-17.1,-12.8,373,1164,0,2769,0,0,369,0,0,62,51.4476,-116.14299999999999,Lake Louise
2018,-7.6,-15.9,-11.7,286,1055,0,2657,0,1,275,0,0,64,51.4476,-116.14299999999999,Lake Louise
2019,-7.2,-16.3,-11.8,220,1056,0,2656,0,1,208,0,0,60,51.4476,-116.14299999999999,Lake Louise
1901,4.8,-8.9,-2.0,860,306,4,1793,0,4,461,0,0,50,37.6399,-119.0263,Mammoth Mountain
1902,5.8,-8.5,-1.4,377,276,6,1742,0,4,129,0,0,48,37.6399,-119.0263,Mammoth Mountain
1903,2.4,-11.7,-4.6,474,480,2,2017,0,2,279,0,0,47,37.6399,-119.0263,Mammoth Mountain
1904,6.1,-10.1,-2.0,530,308,3,1798,0,3,225,0,0,43,37.6399,-119.0263,Mammoth Mountain
1905,5.1,-8.0,-1.5,647,269,7,1745,0,5,279,0,0,52,37.6399,-119.0263,Mammoth Mountain
1906,3.9,-10.3,-3.2,891,396,2,1908,0,3,466,0,0,47,37.6399,-119.0263,Mammoth Mountain
1907,3.5,-8.8,-2.7,1139,378,11,1863,0,5,584,39,0,54,37.6399,-119.0263,Mammoth Mountain
1908,4.0,-9.9,-2.9,1030,362,2,1873,0,3,587,0,0,48,37.6399,-119.0263,Mammoth Mountain
1909,1.9,-9.6,-3.8,1231,434,4,1956,0,5,674,0,0,55,37.6399,-119.0263,Mammoth Mountain
1910,0.8,-12.5,-5.8,688,582,0,2139,0,1,563,0,0,48,37.6399,-119.0263,Mammoth Mountain
1911,2.6,-9.9,-3.7,1053,423,6,1933,0,4,556,0,0,52,37.6399,-119.0263,Mammoth Mountain
1912,4.3,-11.3,-3.5,216,415,0,1935,0,2,155,0,0,43,37.6399,-119.0263,Mammoth Mountain
1913,1.0,-12.8,-5.9,424,582,0,2141,0,1,358,0,0,47,37.6399,-119.0263,Mammoth Mountain
1914,2.6,-9.4,-3.4,1417,395,0,1919,0,4,807,0,0,54,37.6399,-119.0263,Mammoth Mountain
1915,0.6,-11.6,-5.5,796,560,0,2113,0,2,631,0,0,52,37.6399,-119.0263,Mammoth Mountain
1916,1.9,-10.7,-4.4,1337,478,2,2016,0,2,1010,0,0,52,37.6399,-119.0263,Mammoth Mountain
1917,0.0,-13.4,-6.7,862,650,0,2221,0,1,742,0,0,47,37.6399,-119.0263,Mammoth Mountain
1918,4.8,-9.1,-2.1,637,327,11,1801,0,4,453,31,0,49,37.6399,-119.0263,Mammoth Mountain
1919,2.1,-11.2,-4.6,561,481,0,2020,0,2,462,0,0,49,37.6399,-119.0263,Mammoth Mountain
1920,6.1,-9.6,-1.8,543,288,4,1768,0,3,284,0,0,44,37.6399,-119.0263,Mammoth Mountain
1921,3.2,-10.0,-3.4,869,398,0,1922,0,3,537,0,0,50,37.6399,-119.0263,Mammoth Mountain
1922,0.8,-10.6,-4.9,992,518,4,2054,0,3,676,0,0,55,37.6399,-119.0263,Mammoth Mountain
1923,2.8,-9.6,-3.4,624,392,0,1913,0,4,344,0,0,53,37.6399,-119.0263,Mammoth Mountain
1924,3.9,-9.9,-3.0,283,392,9,1892,0,3,151,37,0,48,37.6399,-119.0263,Mammoth Mountain
1925,2.8,-9.5,-3.3,584,394,0,1918,0,3,369,0,0,53,37.6399,-119.0263,Mammoth Mountain
1926,5.1,-9.7,-2.3,479,326,3,1821,0,3,264,0,0,46,37.6399,-119.0263,Mammoth Mountain
1927,2.9,-9.4,-3.3,577,386,0,1909,0,3,372,0,0,53,37.6399,-119.0263,Mammoth Mountain
1928,4.5,-9.4,-2.5,252,331,0,1836,0,3,137,0,0,49,37.6399,-119.0263,Mammoth Mountain
1929,2.4,-11.3,-4.4,363,471,0,2012,0,2,259,0,0,48,37.6399,-119.0263,Mammoth Mountain
1930,5.3,-7.9,-1.3,481,299,23,1737,0,6,232,30,0,52,37.6399,-119.0263,Mammoth Mountain
1931,4.4,-10.1,-2.9,227,358,1,1874,0,2,125,0,0,47,37.6399,-119.0263,Mammoth Mountain
1932,0.8,-11.4,-5.3,961,541,0,2094,0,2,752,0,0,52,37.6399,-119.0263,Mammoth Mountain
1933,0.2,-13.7,-6.7,472,645,0,2213,0,1,382,0,0,46,37.6399,-119.0263,Mammoth Mountain
1934,6.3,-7.8,-0.8,528,234,8,1684,0,5,164,0,0,49,37.6399,-119.0263,Mammoth Mountain
1935,3.9,-9.4,-2.7,462,351,0,1861,0,3,256,0,0,51,37.6399,-119.0263,Mammoth Mountain
1936,3.7,-9.0,-2.6,980,342,0,1850,0,4,635,0,0,52,37.6399,-119.0263,Mammoth Mountain
1937,-0.2,-12.8,-6.5,913,646,2,2203,0,2,693,0,0,50,37.6399,-119.0263,Mammoth Mountain
1938,3.8,-8.8,-2.5,877,341,5,1830,0,4,490,0,0,53,37.6399,-119.0263,Mammoth Mountain
1939,2.6,-10.5,-4.0,366,441,4,1961,0,3,242,0,0,50,37.6399,-119.0263,Mammoth Mountain
1940,4.7,-7.5,-1.4,752,273,10,1734,0,6,384,29,0,55,37.6399,-119.0263,Mammoth Mountain
1941,3.9,-8.1,-2.1,869,310,1,1803,0,5,389,0,0,55,37.6399,-119.0263,Mammoth Mountain
1942,2.0,-10.1,-4.1,744,442,0,1973,0,3,457,0,0,53,37.6399,-119.0263,Mammoth Mountain
1943,5.1,-8.3,-1.6,692,280,1,1760,0,5,295,0,0,51,37.6399,-119.0263,Mammoth Mountain
1944,1.8,-10.1,-4.2,629,450,0,1982,0,3,465,0,0,54,37.6399,-119.0263,Mammoth Mountain
1945,3.3,-9.6,-3.1,560,376,0,1895,0,3,373,0,0,51,37.6399,-119.0263,Mammoth Mountain
1946,2.5,-10.0,-3.8,472,419,0,1949,0,3,282,0,0,52,37.6399,-119.0263,Mammoth Mountain
1947,5.0,-8.8,-1.9,448,306,3,1789,0,4,174,0,0,49,37.6399,-119.0263,Mammoth Mountain
1948,4.0,-10.7,-3.4,202,398,3,1912,0,2,140,0,0,46,37.6399,-119.0263,Mammoth Mountain
1949,-1.6,-15.0,-8.3,438,779,0,2358,0,1,393,0,0,46,37.6399,-119.0263,Mammoth Mountain
1950,2.9,-11.3,-4.2,404,462,2,1996,0,2,279,0,0,47,37.6399,-119.0263,Mammoth Mountain
1951,4.4,-8.4,-2.0,474,320,14,1788,0,6,179,28,0,52,37.6399,-119.0263,Mammoth Mountain
1952,0.0,-11.7,-5.8,827,580,0,2139,0,1,669,0,0,53,37.6399,-119.0263,Mammoth Mountain
1953,4.2,-9.1,-2.4,328,338,5,1833,0,4,172,0,0,51,37.6399,-119.0263,Mammoth Mountain
1954,5.0,-8.7,-1.9,547,298,4,1786,0,4,238,0,0,50,37.6399,-119.0263,Mammoth Mountain
1955,1.3,-11.9,-5.3,468,539,0,2090,0,2,360,0,0,49,37.6399,-119.0263,Mammoth Mountain
1956,2.5,-8.5,-3.0,942,370,1,1876,0,6,399,0,0,58,37.6399,-119.0263,Mammoth Mountain
1957,3.1,-10.0,-3.4,398,415,5,1929,0,3,257,0,0,51,37.6399,-119.0263,Mammoth Mountain
1958,4.4,-8.5,-2.0,580,305,1,1798,0,4,279,0,0,52,37.6399,-119.0263,Mammoth Mountain
1959,5.0,-8.2,-1.6,533,302,22,1747,0,6,384,32,0,51,37.6399,-119.0263,Mammoth Mountain
1960,3.0,-11.0,-4.0,359,444,2,1970,0,2,278,0,0,48,37.6399,-119.0263,Mammoth Mountain
1961,5.4,-9.3,-2.0,184,300,3,1793,0,3,89,0,0,47,37.6399,-119.0263,Mammoth Mountain
1962,2.1,-10.8,-4.3,770,463,0,2003,0,2,618,0,0,50,37.6399,-119.0263,Mammoth Mountain
1963,6.1,-7.7,-0.8,510,248,12,1690,0,6,178,37,0,50,37.6399,-119.0263,Mammoth Mountain
1964,4.0,-10.3,-3.1,197,384,3,1895,0,3,126,0,0,47,37.6399,-119.0263,Mammoth Mountain
1965,3.3,-8.5,-2.6,681,339,0,1848,0,4,341,0,0,55,37.6399,-119.0263,Mammoth Mountain
1966,1.5,-11.5,-5.0,370,515,0,2062,0,2,262,0,0,50,37.6399,-119.0263,Mammoth Mountain
1967,4.3,-8.9,-2.3,833,321,2,1823,0,4,387,0,0,51,37.6399,-119.0263,Mammoth Mountain
1968,3.5,-9.9,-3.2,306,401,5,1909,0,3,193,0,0,50,37.6399,-119.0263,Mammoth Mountain
1969,0.9,-10.7,-4.9,1511,506,0,2050,0,2,1062,0,0,54,37.6399,-119.0263,Mammoth Mountain
1970,4.5,-8.7,-2.1,563,308,2,1803,0,4,265,0,0,51,37.6399,-119.0263,Mammoth Mountain
1971,2.3,-10.3,-4.0,380,442,0,1975,0,2,268,0,0,52,37.6399,-119.0263,Mammoth Mountain
1972,1.9,-11.5,-4.8,452,514,1,2054,0,2,380,0,0,49,37.6399,-119.0263,Mammoth Mountain
1973,1.2,-11.5,-5.2,674,532,0,2082,0,2,526,0,0,50,37.6399,-119.0263,Mammoth Mountain
1974,3.0,-9.8,-3.4,473,402,0,1923,0,3,277,0,0,52,37.6399,-119.0263,Mammoth Mountain
1975,2.6,-10.4,-3.9,467,428,0,1960,0,2,331,0,0,50,37.6399,-119.0263,Mammoth Mountain
1976,5.4,-9.7,-2.2,228,312,0,1805,0,3,160,0,0,46,37.6399,-119.0263,Mammoth Mountain
1977,5.4,-9.8,-2.2,205,319,2,1813,0,3,107,0,0,45,37.6399,-119.0263,Mammoth Mountain
1978,3.4,-7.9,-2.3,1268,322,5,1813,0,6,629,0,0,57,37.6399,-119.0263,Mammoth Mountain
1979,1.0,-10.9,-5.0,598,515,0,2062,0,2,455,0,0,53,37.6399,-119.0263,Mammoth Mountain
1980,4.3,-7.5,-1.6,973,278,0,1758,0,6,436,0,0,56,37.6399,-119.0263,Mammoth Mountain
1981,5.7,-7.2,-0.8,480,236,11,1679,0,7,159,29,0,53,37.6399,-119.0263,Mammoth Mountain
1982,3.2,-8.8,-2.8,546,370,5,1869,0,5,322,0,0,54,37.6399,-119.0263,Mammoth Mountain
1983,2.3,-8.5,-3.1,986,374,0,1892,0,4,584,0,0,58,37.6399,-119.0263,Mammoth Mountain
1984,4.2,-8.6,-2.2,477,314,2,1812,0,4,247,0,0,53,37.6399,-119.0263,Mammoth Mountain
1985,2.1,-10.3,-4.1,235,453,0,1988,0,2,168,0,0,52,37.6399,-119.0263,Mammoth Mountain
1986,5.3,-6.6,-0.7,921,231,14,1669,0,9,456,30,0,56,37.6399,-119.0263,Mammoth Mountain
1987,2.1,-10.1,-4.0,322,441,0,1972,0,3,236,0,0,52,37.6399,-119.0263,Mammoth Mountain
1988,2.5,-9.1,-3.3,380,405,4,1918,0,3,242,0,0,55,37.6399,-119.0263,Mammoth Mountain
1989,1.6,-10.2,-4.3,291,460,0,1999,0,2,206,0,0,54,37.6399,-119.0263,Mammoth Mountain
1990,3.2,-9.9,-3.3,390,401,5,1908,0,3,276,0,0,51,37.6399,-119.0263,Mammoth Mountain
1991,5.0,-8.8,-1.9,116,330,12,1797,0,5,55,39,0,49,37.6399,-119.0263,Mammoth Mountain
1992,3.9,-7.6,-1.9,506,295,4,1783,0,6,230,0,0,57,37.6399,-119.0263,Mammoth Mountain
1993,0.9,-9.5,-4.3,1074,461,0,2000,0,3,758,0,0,59,37.6399,-119.0263,Mammoth Mountain
1994,3.5,-9.0,-2.7,382,349,3,1856,0,4,265,0,0,53,37.6399,-119.0263,Mammoth Mountain
1995,3.7,-7.4,-1.8,662,312,10,1788,0,6,349,38,0,59,37.6399,-119.0263,Mammoth Mountain
1996,4.1,-7.0,-1.4,809,267,2,1744,0,7,342,0,0,58,37.6399,-119.0263,Mammoth Mountain
1997,3.0,-8.0,-2.5,1040,332,0,1837,0,5,484,0,0,58,37.6399,-119.0263,Mammoth Mountain
1998,1.1,-9.5,-4.2,901,455,0,1990,0,3,699,0,0,58,37.6399,-119.0263,Mammoth Mountain
1999,3.4,-8.9,-2.8,547,351,0,1862,0,4,298,0,0,53,37.6399,-119.0263,Mammoth Mountain
2000,4.2,-7.4,-1.6,650,278,1,1758,0,6,321,0,0,57,37.6399,-119.0263,Mammoth Mountain
2001,3.4,-8.6,-2.6,490,359,12,1840,0,5,341,29,0,54,37.6399,-119.0263,Mammoth Mountain
2002,3.6,-9.1,-2.8,393,361,5,1868,0,3,228,0,0,52,37.6399,-119.0263,Mammoth Mountain
2003,4.0,-7.6,-1.8,450,310,18,1772,0,7,284,32,7,56,37.6399,-119.0263,Mammoth Mountain
2004,2.3,-8.9,-3.3,586,386,0,1907,0,4,376,0,0,56,37.6399,-119.0263,Mammoth Mountain
2005,3.7,-7.3,-1.8,986,290,3,1777,0,6,431,0,0,58,37.6399,-119.0263,Mammoth Mountain
2006,4.1,-7.5,-1.7,962,289,8,1767,0,7,388,0,0,57,37.6399,-119.0263,Mammoth Mountain
2007,3.9,-8.1,-2.1,401,313,5,1807,0,5,190,0,0,55,37.6399,-119.0263,Mammoth Mountain
2008,1.8,-9.0,-3.6,935,414,1,1941,0,3,599,0,0,58,37.6399,-119.0263,Mammoth Mountain
2009,4.1,-7.4,-1.6,565,286,10,1759,0,7,289,29,0,57,37.6399,-119.0263,Mammoth Mountain
2010,3.0,-7.8,-2.4,745,327,0,1830,0,5,379,0,0,59,37.6399,-119.0263,Mammoth Mountain
2011,4.0,-7.5,-1.8,896,291,7,1768,0,7,392,0,0,57,37.6399,-119.0263,Mammoth Mountain
2012,5.2,-7.3,-1.0,297,249,14,1705,0,7,89,30,0,54,37.6399,-119.0263,Mammoth Mountain
2013,2.7,-8.9,-3.1,422,374,0,1894,0,4,256,0,0,56,37.6399,-119.0263,Mammoth Mountain
2014,6.7,-6.0,0.3,372,186,27,1584,0,10,104,33,0,54,37.6399,-119.0263,Mammoth Mountain
2015,7.0,-4.5,1.2,263,158,45,1511,0,14,65,71,26,59,37.6399,-119.0263,Mammoth Mountain
2016,4.2,-7.5,-1.7,662,302,12,1772,0,6,312,39,0,56,37.6399,-119.0263,Mammoth Mountain
2017,2.0,-7.1,-2.6,1742,341,3,1846,0,6,980,0,0,64,37.6399,-119.0263,Mammoth Mountain
2018,6.3,-6.0,0.1,187,198,31,1595,0,11,51,58,13,55,37.6399,-119.0263,Mammoth Mountain
2019,1.7,-8.2,-3.2,900,390,6,1897,0,6,623,0,0,61,37.6399,-119.0263,Mammoth Mountain
1901,2.1,-4.6,-1.2,967,261,6,1725,0,15,386,0,0,74,48.8568,-121.6668,Mount Baker
1902,3.2,-3.4,-0.1,1031,210,12,1628,0,21,250,18,0,75,48.8568,-121.6668,Mount Baker
1903,1.5,-5.7,-2.1,843,308,1,1800,0,12,362,0,0,72,48.8568,-121.6668,Mount Baker
1904,1.6,-4.4,-1.4,1107,267,5,1733,0,16,516,9,0,76,48.8568,-121.6668,Mount Baker
1905,2.3,-4.0,-0.9,817,238,6,1690,0,18,260,9,0,75,48.8568,-121.6668,Mount Baker
1906,3.1,-3.3,-0.1,749,203,10,1628,0,20,201,17,0,76,48.8568,-121.6668,Mount Baker
1907,0.1,-6.1,-3.0,1170,397,11,1887,0,14,547,0,0,75,48.8568,-121.6668,Mount Baker
1908,2.5,-4.4,-0.9,1029,240,4,1697,0,15,374,0,0,73,48.8568,-121.6668,Mount Baker
1909,-0.2,-6.5,-3.4,1280,409,0,1925,0,9,737,0,0,74,48.8568,-121.6668,Mount Baker
1910,-0.1,-6.9,-3.5,1042,402,0,1928,0,7,667,0,0,71,48.8568,-121.6668,Mount Baker
1911,0.3,-5.8,-2.8,943,371,10,1861,0,13,460,9,0,75,48.8568,-121.6668,Mount Baker
1912,1.8,-4.3,-1.3,931,268,1,1735,0,15,347,16,0,76,48.8568,-121.6668,Mount Baker
1913,-0.4,-6.6,-3.5,943,412,3,1929,0,9,568,0,0,74,48.8568,-121.6668,Mount Baker
1914,1.9,-4.0,-1.0,729,245,6,1705,0,17,256,0,0,77,48.8568,-121.6668,Mount Baker
1915,2.3,-5.4,-1.6,408,292,4,1763,0,12,148,18,0,70,48.8568,-121.6668,Mount Baker
1916,-1.2,-8.3,-4.7,1150,519,5,2046,0,8,655,0,0,71,48.8568,-121.6668,Mount Baker
1917,-1.2,-7.3,-4.2,857,457,0,1995,0,6,605,0,0,74,48.8568,-121.6668,Mount Baker
1918,1.6,-3.8,-1.1,1609,253,7,1713,0,19,590,0,0,79,48.8568,-121.6668,Mount Baker
1919,1.9,-4.9,-1.5,1171,274,5,1745,0,14,526,0,0,73,48.8568,-121.6668,Mount Baker
1920,2.5,-5.4,-1.5,788,273,0,1750,0,11,324,0,0,69,48.8568,-121.6668,Mount Baker
1921,2.1,-3.7,-0.8,1243,235,5,1685,0,19,428,8,0,77,48.8568,-121.6668,Mount Baker
1922,-0.9,-7.6,-4.3,756,458,0,1994,0,6,498,0,0,72,48.8568,-121.6668,Mount Baker
1923,-0.7,-7.1,-3.9,1107,435,0,1964,0,7,704,0,0,73,48.8568,-121.6668,Mount Baker
1924,2.4,-3.4,-0.5,1340,237,14,1669,0,21,393,18,0,77,48.8568,-121.6668,Mount Baker
1925,1.6,-4.2,-1.3,1208,284,6,1741,0,18,481,15,0,77,48.8568,-121.6668,Mount Baker
1926,4.4,-2.1,1.1,1046,158,32,1515,0,28,174,28,0,76,48.8568,-121.6668,Mount Baker
1927,1.1,-5.1,-2.0,1013,303,0,1795,0,12,467,0,0,75,48.8568,-121.6668,Mount Baker
1928,1.6,-5.2,-1.8,840,312,3,1784,0,13,394,19,0,73,48.8568,-121.6668,Mount Baker
1929,-0.6,-7.6,-4.1,597,448,1,1978,0,7,366,0,0,71,48.8568,-121.6668,Mount Baker
1930,0.1,-6.2,-3.0,1134,402,12,1894,0,14,427,16,0,75,48.8568,-121.6668,Mount Baker
1931,3.5,-2.5,0.5,759,174,16,1570,0,25,175,36,0,78,48.8568,-121.6668,Mount Baker
1932,0.3,-5.5,-2.6,1111,342,1,1847,0,11,602,0,0,76,48.8568,-121.6668,Mount Baker
1933,-0.8,-6.4,-3.6,1063,409,0,1935,0,9,656,0,0,77,48.8568,-121.6668,Mount Baker
1934,4.1,-2.5,0.8,1437,169,22,1548,0,25,353,32,0,76,48.8568,-121.6668,Mount Baker
1935,1.9,-4.4,-1.2,1099,271,6,1729,0,16,479,18,0,75,48.8568,-121.6668,Mount Baker
1936,0.6,-6.0,-2.7,943,371,17,1843,0,15,551,10,0,74,48.8568,-121.6668,Mount Baker
1937,-1.1,-7.7,-4.4,1033,480,6,2011,0,9,558,0,0,73,48.8568,-121.6668,Mount Baker
1938,1.9,-4.3,-1.2,851,255,3,1722,0,15,298,0,0,75,48.8568,-121.6668,Mount Baker
1939,1.6,-4.4,-1.4,1217,271,10,1736,0,17,484,0,0,76,48.8568,-121.6668,Mount Baker
1940,4.1,-1.9,1.1,977,154,25,1515,0,30,177,37,0,78,48.8568,-121.6668,Mount Baker
1941,4.2,-2.7,0.8,585,164,23,1547,0,24,118,40,0,74,48.8568,-121.6668,Mount Baker
1942,2.4,-4.4,-1.0,623,242,2,1703,0,15,217,0,0,73,48.8568,-121.6668,Mount Baker
1943,1.4,-5.5,-2.1,1007,337,10,1807,0,13,395,19,0,73,48.8568,-121.6668,Mount Baker
1944,2.4,-4.5,-1.1,612,247,0,1711,0,14,234,0,0,73,48.8568,-121.6668,Mount Baker
1945,2.9,-3.9,-0.5,805,221,4,1663,0,17,246,16,0,74,48.8568,-121.6668,Mount Baker
1946,1.8,-3.8,-1.0,1054,243,1,1704,0,18,380,0,0,78,48.8568,-121.6668,Mount Baker
1947,1.8,-5.0,-1.6,1192,293,3,1764,0,13,498,19,0,73,48.8568,-121.6668,Mount Baker
1948,1.6,-4.5,-1.4,1238,270,5,1740,0,16,549,0,0,75,48.8568,-121.6668,Mount Baker
1949,-1.5,-8.8,-5.2,1072,528,0,2079,0,4,820,0,0,69,48.8568,-121.6668,Mount Baker
1950,-2.3,-8.8,-5.5,1267,584,4,2120,0,7,773,0,0,73,48.8568,-121.6668,Mount Baker
1951,1.8,-4.4,-1.3,1373,278,16,1727,0,18,585,10,0,75,48.8568,-121.6668,Mount Baker
1952,-0.5,-6.7,-3.6,809,420,0,1944,0,7,514,0,0,74,48.8568,-121.6668,Mount Baker
1953,3.3,-3.2,0.1,1201,192,8,1609,0,21,293,11,0,75,48.8568,-121.6668,Mount Baker
1954,1.8,-4.2,-1.2,1381,284,12,1726,0,19,500,25,0,77,48.8568,-121.6668,Mount Baker
1955,1.5,-4.8,-1.6,893,281,4,1758,0,14,425,0,0,75,48.8568,-121.6668,Mount Baker
1956,-0.3,-6.3,-3.3,1019,385,0,1905,0,9,622,0,0,75,48.8568,-121.6668,Mount Baker
1957,0.0,-6.9,-3.5,1058,417,5,1927,0,10,525,0,0,72,48.8568,-121.6668,Mount Baker
1958,4.3,-1.3,1.5,906,138,34,1483,0,33,138,37,0,80,48.8568,-121.6668,Mount Baker
1959,2.2,-3.4,-0.6,976,232,13,1666,0,21,310,9,0,78,48.8568,-121.6668,Mount Baker
1960,1.7,-4.4,-1.4,940,270,6,1738,0,15,360,0,0,76,48.8568,-121.6668,Mount Baker
1961,3.7,-2.8,0.4,1187,180,21,1580,0,23,276,27,0,76,48.8568,-121.6668,Mount Baker
1962,2.3,-4.4,-1.0,775,250,0,1711,0,15,291,18,0,74,48.8568,-121.6668,Mount Baker
1963,3.4,-3.5,0.0,808,231,30,1625,0,22,165,30,0,74,48.8568,-121.6668,Mount Baker
1964,2.8,-3.5,-0.3,944,211,10,1644,0,20,265,10,0,75,48.8568,-121.6668,Mount Baker
1965,0.3,-5.2,-2.5,1281,342,0,1840,0,12,637,0,0,77,48.8568,-121.6668,Mount Baker
1966,1.2,-4.9,-1.8,859,293,0,1780,0,13,375,0,0,76,48.8568,-121.6668,Mount Baker
1967,3.0,-2.2,0.4,1318,177,21,1576,0,27,292,25,0,80,48.8568,-121.6668,Mount Baker
1968,2.8,-4.0,-0.6,1121,238,12,1677,0,16,374,21,0,74,48.8568,-121.6668,Mount Baker
1969,-1.9,-8.3,-5.1,919,528,0,2079,0,5,685,0,0,73,48.8568,-121.6668,Mount Baker
1970,3.0,-3.3,-0.1,764,216,17,1633,0,21,229,28,0,75,48.8568,-121.6668,Mount Baker
1971,0.6,-5.0,-2.2,1232,319,1,1816,0,13,596,0,0,77,48.8568,-121.6668,Mount Baker
1972,-0.4,-6.8,-3.6,1317,419,0,1942,0,8,809,0,0,74,48.8568,-121.6668,Mount Baker
1973,1.4,-5.6,-2.1,851,321,0,1811,0,10,449,0,0,72,48.8568,-121.6668,Mount Baker
1974,1.9,-3.7,-0.9,1331,248,8,1696,0,20,482,8,0,78,48.8568,-121.6668,Mount Baker
1975,1.1,-4.7,-1.8,1139,298,9,1771,0,16,493,9,0,76,48.8568,-121.6668,Mount Baker
1976,2.3,-3.7,-0.7,1314,227,2,1674,0,18,436,0,0,77,48.8568,-121.6668,Mount Baker
1977,3.7,-3.2,0.3,625,202,25,1597,0,23,139,28,0,74,48.8568,-121.6668,Mount Baker
1978,1.8,-4.2,-1.2,720,260,3,1725,0,16,294,17,0,76,48.8568,-121.6668,Mount Baker
1979,-0.4,-7.6,-4.0,761,450,0,1982,0,6,470,0,0,70,48.8568,-121.6668,Mount Baker
1980,2.0,-4.2,-1.1,1156,281,16,1718,0,20,301,25,0,76,48.8568,-121.6668,Mount Baker
1981,3.9,-2.1,0.9,974,158,27,1532,0,28,233,37,0,78,48.8568,-121.6668,Mount Baker
1982,0.8,-4.7,-2.0,1498,302,2,1791,0,14,715,0,0,78,48.8568,-121.6668,Mount Baker
1983,3.4,-2.6,0.4,1050,183,26,1580,0,25,249,28,0,77,48.8568,-121.6668,Mount Baker
1984,1.9,-4.5,-1.3,908,297,15,1743,0,18,287,28,0,75,48.8568,-121.6668,Mount Baker
1985,0.0,-6.6,-3.3,684,392,0,1912,0,8,461,0,0,73,48.8568,-121.6668,Mount Baker
1986,2.8,-3.7,-0.4,841,223,18,1649,0,20,300,11,0,75,48.8568,-121.6668,Mount Baker
1987,2.7,-3.3,-0.3,659,214,8,1646,0,20,193,17,0,77,48.8568,-121.6668,Mount Baker
1988,1.7,-4.2,-1.3,853,267,2,1734,0,16,340,16,0,77,48.8568,-121.6668,Mount Baker
1989,1.3,-4.6,-1.7,730,289,8,1758,0,17,253,0,0,76,48.8568,-121.6668,Mount Baker
1990,2.0,-3.4,-0.7,1205,237,18,1675,0,22,496,8,0,78,48.8568,-121.6668,Mount Baker
1991,1.4,-4.5,-1.5,1180,322,19,1765,0,19,523,18,0,76,48.8568,-121.6668,Mount Baker
1992,4.4,-1.3,1.6,903,136,40,1478,0,33,138,38,0,79,48.8568,-121.6668,Mount Baker
1993,0.7,-6.2,-2.7,421,361,0,1866,0,9,249,0,0,72,48.8568,-121.6668,Mount Baker
1994,2.5,-2.8,-0.2,936,210,22,1624,0,25,355,11,0,79,48.8568,-121.6668,Mount Baker
1995,2.6,-3.5,-0.4,1020,221,4,1659,0,19,307,17,0,77,48.8568,-121.6668,Mount Baker
1996,1.7,-4.4,-1.3,1066,269,6,1737,0,15,407,0,0,76,48.8568,-121.6668,Mount Baker
1997,1.1,-4.9,-1.9,1236,307,1,1788,0,13,598,0,0,76,48.8568,-121.6668,Mount Baker
1998,2.6,-3.2,-0.3,870,215,11,1646,0,21,257,25,0,78,48.8568,-121.6668,Mount Baker
1999,1.4,-3.4,-1.0,1490,244,4,1702,0,20,578,0,0,81,48.8568,-121.6668,Mount Baker
2000,2.5,-3.1,-0.3,921,215,7,1646,0,22,248,25,0,78,48.8568,-121.6668,Mount Baker
2001,3.0,-3.5,-0.2,491,205,10,1633,0,20,141,11,0,75,48.8568,-121.6668,Mount Baker
2002,1.8,-3.4,-0.8,1246,234,1,1689,0,19,422,0,0,79,48.8568,-121.6668,Mount Baker
2003,4.2,-2.0,1.1,773,152,28,1518,0,29,136,38,0,77,48.8568,-121.6668,Mount Baker
2004,3.0,-2.7,0.1,635,193,14,1606,0,24,167,18,0,78,48.8568,-121.6668,Mount Baker
2005,4.0,-2.4,0.8,725,164,21,1544,0,26,140,29,0,76,48.8568,-121.6668,Mount Baker
2006,2.7,-2.2,0.3,1138,184,17,1590,0,28,274,17,0,82,48.8568,-121.6668,Mount Baker
2007,2.7,-2.5,0.1,950,194,14,1609,0,25,236,23,0,80,48.8568,-121.6668,Mount Baker
2008,1.5,-3.6,-1.0,1081,255,5,1713,0,19,393,16,0,80,48.8568,-121.6668,Mount Baker
2009,1.5,-4.1,-1.3,830,269,6,1736,0,16,334,0,0,78,48.8568,-121.6668,Mount Baker
2010,3.6,-1.8,0.9,586,177,33,1537,0,31,117,29,0,80,48.8568,-121.6668,Mount Baker
2011,1.5,-3.1,-0.8,1140,235,8,1685,0,22,391,0,0,82,48.8568,-121.6668,Mount Baker
2012,2.1,-2.9,-0.4,858,215,7,1651,0,23,266,22,0,81,48.8568,-121.6668,Mount Baker
2013,1.7,-2.6,-0.5,1005,218,6,1659,0,24,315,13,0,83,48.8568,-121.6668,Mount Baker
2014,1.8,-3.0,-0.6,847,233,19,1664,0,24,346,11,0,81,48.8568,-121.6668,Mount Baker
2015,4.9,-0.3,2.3,892,117,56,1412,0,41,114,37,0,81,48.8568,-121.6668,Mount Baker
2016,3.1,-1.3,0.9,1195,166,33,1540,0,33,238,26,0,83,48.8568,-121.6668,Mount Baker
2017,0.0,-5.3,-2.6,814,348,0,1856,0,11,438,0,0,78,48.8568,-121.6668,Mount Baker
2018,1.6,-2.5,-0.5,1179,220,18,1651,0,26,423,9,0,84,48.8568,-121.6668,Mount Baker
2019,1.5,-3.8,-1.2,728,269,22,1709,0,21,267,11,0,79,48.8568,-121.6668,Mount Baker
1901,0.4,-6.4,-3.0,1138,366,0,1879,0,9,636,0,0,72,49.7469,-125.2992,Mount Washington
1902,1.9,-5.0,-1.6,1308,282,0,1759,0,13,516,0,0,73,49.7469,-125.2992,Mount Washington
1903,-0.1,-6.8,-3.5,1065,399,0,1923,0,8,608,0,0,72,49.7469,-125.2992,Mount Washington
1904,-0.4,-6.2,-3.3,1134,386,0,1904,0,9,710,0,0,76,49.7469,-125.2992,Mount Washington
1905,1.3,-5.9,-2.3,1127,320,0,1821,0,10,549,0,0,71,49.7469,-125.2992,Mount Washington
1906,1.2,-5.4,-2.1,1106,312,0,1806,0,11,532,0,0,73,49.7469,-125.2992,Mount Washington
1907,-0.5,-8.0,-4.2,1019,468,0,2002,0,7,630,0,0,69,49.7469,-125.2992,Mount Washington
1908,1.1,-6.2,-2.5,1430,335,0,1842,0,9,739,0,0,70,49.7469,-125.2992,Mount Washington
1909,-1.7,-8.4,-5.0,1130,518,0,2068,0,5,860,0,0,72,49.7469,-125.2992,Mount Washington
1910,-1.8,-8.5,-5.1,912,524,0,2073,0,4,682,0,0,71,49.7469,-125.2992,Mount Washington
1911,-1.1,-7.6,-4.4,872,473,1,2002,0,8,555,0,0,73,49.7469,-125.2992,Mount Washington
1912,0.4,-5.8,-2.7,1083,353,0,1864,0,10,590,0,0,74,49.7469,-125.2992,Mount Washington
1913,-0.9,-7.8,-4.3,1017,468,0,2006,0,6,690,0,0,71,49.7469,-125.2992,Mount Washington
1914,0.6,-5.2,-2.3,1028,321,0,1822,0,12,510,0,0,76,49.7469,-125.2992,Mount Washington
1915,0.3,-6.3,-3.0,660,374,0,1889,0,9,366,0,0,73,49.7469,-125.2992,Mount Washington
1916,-1.5,-8.8,-5.1,1228,531,0,2079,0,5,854,0,0,69,49.7469,-125.2992,Mount Washington
1917,-1.6,-7.9,-4.7,692,496,0,2041,0,5,527,0,0,73,49.7469,-125.2992,Mount Washington
1918,-0.1,-6.0,-3.0,1324,369,0,1884,0,10,824,0,0,76,49.7469,-125.2992,Mount Washington
1919,-0.4,-6.5,-3.4,1201,397,0,1920,0,8,746,0,0,75,49.7469,-125.2992,Mount Washington
1920,0.9,-6.9,-3.0,532,370,0,1889,0,7,302,0,0,68,49.7469,-125.2992,Mount Washington
1921,-0.1,-6.0,-3.1,1430,373,0,1891,0,9,801,0,0,75,49.7469,-125.2992,Mount Washington
1922,-1.7,-8.8,-5.3,503,534,0,2085,0,4,404,0,0,70,49.7469,-125.2992,Mount Washington
1923,-0.9,-8.3,-4.6,1230,483,0,2025,0,5,894,0,0,69,49.7469,-125.2992,Mount Washington
1924,1.0,-4.8,-1.9,1517,301,0,1790,0,14,707,0,0,77,49.7469,-125.2992,Mount Washington
1925,0.3,-5.9,-2.8,1006,358,0,1868,0,10,534,0,0,75,49.7469,-125.2992,Mount Washington
1926,2.4,-3.3,-0.4,1010,219,7,1654,0,21,308,8,0,78,49.7469,-125.2992,Mount Washington
1927,0.3,-6.1,-2.9,1163,360,0,1876,0,9,649,0,0,74,49.7469,-125.2992,Mount Washington
1928,0.2,-6.2,-3.0,716,371,0,1884,0,10,375,0,0,74,49.7469,-125.2992,Mount Washington
1929,-0.6,-8.1,-4.3,520,465,0,2000,0,6,282,0,0,69,49.7469,-125.2992,Mount Washington
1930,-0.7,-7.6,-4.1,917,459,0,1990,0,8,539,0,0,71,49.7469,-125.2992,Mount Washington
1931,2.0,-4.1,-1.1,1036,246,1,1707,0,16,355,0,0,76,49.7469,-125.2992,Mount Washington
1932,-0.9,-6.6,-3.7,976,420,0,1950,0,8,612,0,0,76,49.7469,-125.2992,Mount Washington
1933,-1.4,-7.7,-4.5,843,478,0,2020,0,6,587,0,0,73,49.7469,-125.2992,Mount Washington
1934,1.6,-4.9,-1.7,1133,287,0,1770,0,13,504,0,0,74,49.7469,-125.2992,Mount Washington
1935,0.2,-6.1,-3.0,1369,370,0,1884,0,9,807,0,0,74,49.7469,-125.2992,Mount Washington
1936,0.1,-6.1,-3.0,907,376,6,1871,0,12,412,0,0,75,49.7469,-125.2992,Mount Washington
1937,-1.3,-8.4,-4.8,950,506,0,2051,0,5,629,0,0,70,49.7469,-125.2992,Mount Washington
1938,0.6,-5.7,-2.5,840,333,0,1838,0,10,435,0,0,74,49.7469,-125.2992,Mount Washington
1939,0.3,-5.9,-2.8,1099,353,0,1863,0,10,548,0,0,74,49.7469,-125.2992,Mount Washington
1940,2.5,-3.5,-0.5,1448,221,7,1658,0,20,420,8,0,77,49.7469,-125.2992,Mount Washington
1941,2.4,-4.3,-1.0,1225,242,0,1701,0,15,424,0,0,74,49.7469,-125.2992,Mount Washington
1942,1.1,-6.0,-2.5,857,331,0,1837,0,9,430,0,0,71,49.7469,-125.2992,Mount Washington
1943,0.1,-6.9,-3.4,940,404,0,1923,0,8,532,0,0,72,49.7469,-125.2992,Mount Washington
1944,1.3,-5.7,-2.2,837,312,0,1810,0,10,373,0,0,72,49.7469,-125.2992,Mount Washington
1945,1.6,-5.9,-2.1,811,310,0,1807,0,10,390,0,0,70,49.7469,-125.2992,Mount Washington
1946,0.2,-5.9,-2.9,1315,357,0,1872,0,9,732,0,0,75,49.7469,-125.2992,Mount Washington
1947,0.2,-6.7,-3.2,1028,390,0,1909,0,7,616,0,0,72,49.7469,-125.2992,Mount Washington
1948,0.3,-6.0,-2.8,1258,355,0,1866,0,10,681,0,0,74,49.7469,-125.2992,Mount Washington
1949,-2.1,-10.1,-6.1,776,602,0,2163,0,2,657,0,0,66,49.7469,-125.2992,Mount Washington
1950,-2.9,-10.0,-6.4,1297,643,0,2202,0,4,1014,0,0,70,49.7469,-125.2992,Mount Washington
1951,0.3,-6.1,-2.9,1292,370,3,1874,0,10,685,0,0,74,49.7469,-125.2992,Mount Washington
1952,-1.2,-7.1,-4.2,1172,454,0,1991,0,6,807,0,0,75,49.7469,-125.2992,Mount Washington
1953,1.3,-4.5,-1.6,1518,278,0,1760,0,14,599,0,0,77,49.7469,-125.2992,Mount Washington
1954,0.1,-5.7,-2.8,1338,368,0,1872,0,11,717,0,0,76,49.7469,-125.2992,Mount Washington
1955,0.4,-5.5,-2.5,899,335,0,1840,0,11,432,0,0,75,49.7469,-125.2992,Mount Washington
1956,-1.3,-7.3,-4.3,1145,459,0,1996,0,6,772,0,0,75,49.7469,-125.2992,Mount Washington
1957,-0.6,-7.7,-4.1,955,456,0,1987,0,7,569,0,0,71,49.7469,-125.2992,Mount Washington
1958,2.2,-3.5,-0.7,1781,229,0,1679,0,19,579,14,0,78,49.7469,-125.2992,Mount Washington
1959,0.9,-4.7,-1.9,1313,299,3,1781,0,15,565,0,0,77,49.7469,-125.2992,Mount Washington
1960,0.4,-5.8,-2.7,1154,349,0,1857,0,10,634,0,0,75,49.7469,-125.2992,Mount Washington
1961,1.5,-4.1,-1.3,1489,259,1,1730,0,16,617,0,0,78,49.7469,-125.2992,Mount Washington
1962,0.6,-5.5,-2.5,898,333,0,1838,0,10,470,0,0,75,49.7469,-125.2992,Mount Washington
1963,2.2,-4.3,-1.0,1066,264,7,1714,0,17,295,17,0,75,49.7469,-125.2992,Mount Washington
1964,1.1,-5.0,-2.0,1342,302,1,1791,0,13,586,0,0,75,49.7469,-125.2992,Mount Washington
1965,-1.1,-6.8,-4.0,1163,440,0,1973,0,7,797,0,0,76,49.7469,-125.2992,Mount Washington
1966,0.2,-5.8,-2.8,1178,357,0,1871,0,10,645,0,0,75,49.7469,-125.2992,Mount Washington
1967,1.2,-4.5,-1.7,1524,283,2,1766,0,14,625,0,0,77,49.7469,-125.2992,Mount Washington
1968,1.5,-6.0,-2.3,1386,323,0,1822,0,9,694,0,0,70,49.7469,-125.2992,Mount Washington
1969,-2.6,-9.6,-6.1,1238,599,0,2166,0,3,1013,0,0,70,49.7469,-125.2992,Mount Washington
1970,1.7,-4.5,-1.4,929,272,1,1743,0,15,346,0,0,75,49.7469,-125.2992,Mount Washington
1971,-0.7,-6.5,-3.6,1276,411,0,1939,0,8,809,0,0,76,49.7469,-125.2992,Mount Washington
1972,-2.2,-8.4,-5.3,1019,546,0,2097,0,4,805,0,0,74,49.7469,-125.2992,Mount Washington
1973,0.0,-7.0,-3.5,1177,408,0,1934,0,7,748,0,0,71,49.7469,-125.2992,Mount Washington
1974,0.1,-5.9,-2.9,1560,367,0,1878,0,10,860,0,0,75,49.7469,-125.2992,Mount Washington
1975,-0.8,-6.5,-3.6,1293,417,0,1938,0,9,745,0,0,76,49.7469,-125.2992,Mount Washington
1976,0.3,-5.6,-2.7,1135,343,0,1854,0,10,620,0,0,75,49.7469,-125.2992,Mount Washington
1977,1.8,-4.1,-1.1,805,264,6,1720,0,17,264,14,0,76,49.7469,-125.2992,Mount Washington
1978,-0.2,-5.9,-3.1,892,376,0,1893,0,9,520,0,0,76,49.7469,-125.2992,Mount Washington
1979,-1.3,-7.6,-4.4,1022,475,0,2016,0,6,729,0,0,73,49.7469,-125.2992,Mount Washington
1980,0.2,-5.5,-2.6,1301,355,1,1853,0,12,610,0,0,77,49.7469,-125.2992,Mount Washington
1981,1.9,-3.4,-0.7,1175,229,5,1679,0,20,415,0,0,79,49.7469,-125.2992,Mount Washington
1982,-0.7,-6.4,-3.5,1484,408,0,1935,0,8,930,0,0,76,49.7469,-125.2992,Mount Washington
1983,1.3,-4.2,-1.5,1691,274,3,1748,0,16,701,0,0,78,49.7469,-125.2992,Mount Washington
1984,0.3,-6.0,-2.8,1030,373,0,1875,0,11,495,0,0,74,49.7469,-125.2992,Mount Washington
1985,-0.6,-6.4,-3.5,566,407,0,1931,0,9,385,0,0,76,49.7469,-125.2992,Mount Washington
1986,0.6,-5.3,-2.4,1052,326,3,1823,0,13,456,0,0,76,49.7469,-125.2992,Mount Washington
1987,1.4,-4.0,-1.3,1306,262,0,1733,0,17,504,0,0,79,49.7469,-125.2992,Mount Washington
1988,0.5,-5.0,-2.3,1040,323,0,1822,0,13,524,0,0,78,49.7469,-125.2992,Mount Washington
1989,-0.2,-6.3,-3.2,812,385,0,1899,0,10,440,0,0,75,49.7469,-125.2992,Mount Washington
1990,0.7,-4.6,-2.0,1114,308,8,1786,0,17,528,7,0,78,49.7469,-125.2992,Mount Washington
1991,0.2,-5.3,-2.5,1137,359,1,1852,0,13,576,14,0,77,49.7469,-125.2992,Mount Washington
1992,2.0,-3.0,-0.5,1579,217,4,1658,0,22,474,14,0,80,49.7469,-125.2992,Mount Washington
1993,-0.6,-6.7,-3.6,533,417,0,1944,0,7,352,0,0,75,49.7469,-125.2992,Mount Washington
1994,1.0,-3.9,-1.5,1306,272,4,1742,0,18,590,0,0,80,49.7469,-125.2992,Mount Washington
1995,0.9,-4.8,-1.9,1351,301,0,1792,0,13,623,0,0,77,49.7469,-125.2992,Mount Washington
1996,0.7,-5.2,-2.3,1195,320,0,1819,0,12,577,0,0,76,49.7469,-125.2992,Mount Washington
1997,-0.1,-5.9,-3.0,1101,376,0,1889,0,10,664,0,0,76,49.7469,-125.2992,Mount Washington
1998,1.1,-4.3,-1.6,1539,280,1,1759,0,15,661,0,0,78,49.7469,-125.2992,Mount Washington
1999,-0.1,-5.1,-2.6,1947,341,0,1850,0,12,1077,0,0,79,49.7469,-125.2992,Mount Washington
2000,0.2,-5.0,-2.4,1027,330,0,1833,0,12,507,0,0,78,49.7469,-125.2992,Mount Washington
2001,0.9,-5.1,-2.1,635,307,0,1802,0,13,300,0,0,76,49.7469,-125.2992,Mount Washington
2002,0.3,-5.1,-2.4,1273,326,0,1829,0,12,645,0,0,78,49.7469,-125.2992,Mount Washington
2003,1.8,-3.9,-1.0,1101,246,4,1705,0,18,339,9,0,77,49.7469,-125.2992,Mount Washington
2004,0.9,-4.3,-1.7,1220,287,0,1772,0,15,535,0,0,79,49.7469,-125.2992,Mount Washington
2005,1.8,-4.4,-1.3,892,260,0,1731,0,15,317,0,0,76,49.7469,-125.2992,Mount Washington
2006,1.1,-4.6,-1.8,1588,288,0,1771,0,15,650,0,0,77,49.7469,-125.2992,Mount Washington
2007,0.5,-4.1,-1.8,1384,291,0,1778,0,16,604,0,0,81,49.7469,-125.2992,Mount Washington
2008,-0.5,-5.7,-3.1,1198,381,0,1899,0,10,716,0,0,78,49.7469,-125.2992,Mount Washington
2009,-0.7,-6.1,-3.4,760,399,0,1924,0,9,475,0,0,77,49.7469,-125.2992,Mount Washington
2010,1.4,-3.4,-1.0,1085,261,6,1707,0,22,334,22,0,81,49.7469,-125.2992,Mount Washington
2011,0.0,-4.9,-2.4,1399,327,0,1829,0,13,694,0,0,80,49.7469,-125.2992,Mount Washington
2012,0.2,-4.6,-2.2,1132,314,0,1814,0,14,561,0,0,80,49.7469,-125.2992,Mount Washington
2013,0.2,-4.2,-2.0,1022,302,0,1794,0,16,489,0,0,82,49.7469,-125.2992,Mount Washington
2014,0.1,-4.9,-2.4,667,330,1,1829,0,14,390,0,0,79,49.7469,-125.2992,Mount Washington
2015,3.0,-2.2,0.4,1175,185,17,1583,0,27,310,25,0,80,49.7469,-125.2992,Mount Washington
2016,1.3,-3.5,-1.1,1514,257,3,1719,0,19,575,13,0,81,49.7469,-125.2992,Mount Washington
2017,-1.0,-6.4,-3.7,807,416,0,1945,0,8,555,0,0,78,49.7469,-125.2992,Mount Washington
2018,0.3,-4.4,-2.0,1099,304,1,1795,0,16,456,0,0,81,49.7469,-125.2992,Mount Washington
2019,0.2,-5.8,-2.8,1001,360,3,1861,0,12,435,0,0,75,49.7469,-125.2992,Mount Washington
1901,0.4,-5.3,-2.4,1650,330,0,1833,0,12,875,0,0,77,45.3391,-121.6633,Mount Hood
1902,0.5,-4.9,-2.2,1289,318,0,1813,0,13,609,0,0,78,45.3391,-121.6633,Mount Hood
1903,-0.6,-6.1,-3.4,1283,395,0,1914,0,11,665,0,0,77,45.3391,-121.6633,Mount Hood
1904,0.2,-5.4,-2.6,1324,341,0,1846,0,12,810,0,0,77,45.3391,-121.6633,Mount Hood
1905,-0.1,-5.9,-3.0,855,364,0,1877,0,11,412,0,0,76,45.3391,-121.6633,Mount Hood
1906,0.8,-5.0,-2.1,987,310,0,1805,0,13,468,0,0,77,45.3391,-121.6633,Mount Hood
1907,0.1,-6.0,-3.0,1569,385,3,1885,0,12,880,0,0,75,45.3391,-121.6633,Mount Hood
1908,0.9,-5.3,-2.2,1160,312,1,1808,0,12,508,0,0,75,45.3391,-121.6633,Mount Hood
1909,-1.6,-7.2,-4.4,1485,476,0,2014,0,7,1074,0,0,76,45.3391,-121.6633,Mount Hood
1910,-2.4,-8.1,-5.3,1185,541,0,2091,0,5,943,0,0,75,45.3391,-121.6633,Mount Hood
1911,-0.6,-6.3,-3.5,886,403,0,1922,0,9,516,0,0,76,45.3391,-121.6633,Mount Hood
1912,0.5,-5.1,-2.3,1586,322,0,1823,0,12,802,0,0,77,45.3391,-121.6633,Mount Hood
1913,-0.7,-7.4,-4.1,1277,443,0,1977,0,6,796,0,0,72,45.3391,-121.6633,Mount Hood
1914,0.0,-5.1,-2.6,1146,346,4,1845,0,13,476,0,0,79,45.3391,-121.6633,Mount Hood
1915,-1.4,-7.3,-4.4,733,479,0,2013,0,7,461,0,0,75,45.3391,-121.6633,Mount Hood
1916,-2.1,-8.2,-5.2,1575,535,0,2082,0,6,1094,0,0,74,45.3391,-121.6633,Mount Hood
1917,-0.6,-6.9,-3.8,868,423,0,1954,0,7,578,0,0,74,45.3391,-121.6633,Mount Hood
1918,2.5,-3.2,-0.3,1888,231,25,1635,0,25,558,25,0,78,45.3391,-121.6633,Mount Hood
1919,0.6,-5.9,-2.7,1232,344,0,1854,0,9,707,0,0,74,45.3391,-121.6633,Mount Hood
1920,-0.5,-7.7,-4.1,697,458,0,1986,0,6,504,0,0,70,45.3391,-121.6633,Mount Hood
1921,0.6,-5.0,-2.2,1566,316,0,1816,0,12,776,0,0,77,45.3391,-121.6633,Mount Hood
1922,-2.3,-8.8,-5.5,709,556,0,2111,0,4,577,0,0,73,45.3391,-121.6633,Mount Hood
1923,-1.4,-7.5,-4.5,1506,482,0,2013,0,8,911,0,0,74,45.3391,-121.6633,Mount Hood
1924,1.3,-5.5,-2.1,1026,322,5,1808,0,12,480,20,0,73,45.3391,-121.6633,Mount Hood
1925,0.6,-5.6,-2.5,1261,365,2,1847,0,14,553,0,0,74,45.3391,-121.6633,Mount Hood
1926,2.4,-4.0,-0.8,1149,237,5,1688,0,17,379,19,0,75,45.3391,-121.6633,Mount Hood
1927,-0.2,-6.4,-3.3,1535,391,0,1914,0,8,941,0,0,74,45.3391,-121.6633,Mount Hood
1928,-0.4,-7.1,-3.7,850,424,0,1954,0,7,547,0,0,73,45.3391,-121.6633,Mount Hood
1929,-2.6,-9.7,-6.2,975,600,0,2162,0,4,733,0,0,70,45.3391,-121.6633,Mount Hood
1930,-0.9,-7.3,-4.1,1504,498,13,1994,0,12,653,0,0,74,45.3391,-121.6633,Mount Hood
1931,0.9,-5.5,-2.3,566,321,1,1820,0,11,261,0,0,74,45.3391,-121.6633,Mount Hood
1932,-1.0,-7.6,-4.3,1032,459,0,1997,0,6,714,0,0,72,45.3391,-121.6633,Mount Hood
1933,-1.5,-8.1,-4.8,1123,499,0,2040,0,6,790,0,0,72,45.3391,-121.6633,Mount Hood
1934,4.2,-2.6,0.8,1303,162,19,1547,0,24,243,48,0,75,45.3391,-121.6633,Mount Hood
1935,0.8,-5.5,-2.3,977,325,0,1825,0,11,460,0,0,75,45.3391,-121.6633,Mount Hood
1936,-1.5,-7.4,-4.5,1402,471,2,2003,0,9,784,0,0,75,45.3391,-121.6633,Mount Hood
1937,-2.0,-8.8,-5.4,1205,562,4,2102,0,7,854,0,0,72,45.3391,-121.6633,Mount Hood
1938,0.5,-5.1,-2.3,1417,321,1,1816,0,13,688,0,0,77,45.3391,-121.6633,Mount Hood
1939,0.7,-5.8,-2.6,910,338,1,1839,0,10,519,0,0,74,45.3391,-121.6633,Mount Hood
1940,1.4,-4.4,-1.5,1532,278,5,1748,0,16,638,12,0,77,45.3391,-121.6633,Mount Hood
1941,1.7,-5.1,-1.7,736,288,0,1773,0,12,318,0,0,73,45.3391,-121.6633,Mount Hood
1942,-0.7,-6.8,-3.7,1200,427,0,1952,0,8,716,0,0,75,45.3391,-121.6633,Mount Hood
1943,0.0,-6.7,-3.3,1647,400,0,1914,0,9,917,0,0,73,45.3391,-121.6633,Mount Hood
1944,0.1,-6.6,-3.2,623,382,0,1904,0,8,392,0,0,72,45.3391,-121.6633,Mount Hood
1945,0.4,-5.5,-2.5,929,339,0,1843,0,11,482,0,0,76,45.3391,-121.6633,Mount Hood
1946,0.3,-5.7,-2.7,1400,346,0,1857,0,10,757,0,0,75,45.3391,-121.6633,Mount Hood
1947,1.5,-5.7,-2.1,911,317,0,1807,0,10,430,0,0,71,45.3391,-121.6633,Mount Hood
1948,0.3,-6.1,-2.9,1261,361,0,1870,0,10,755,0,0,74,45.3391,-121.6633,Mount Hood
1949,-3.3,-10.5,-6.9,1376,668,0,2237,0,3,1146,0,0,69,45.3391,-121.6633,Mount Hood
1950,-2.9,-9.2,-6.1,1505,602,0,2160,0,4,1247,0,0,73,45.3391,-121.6633,Mount Hood
1951,0.6,-5.2,-2.3,1480,331,6,1820,0,13,758,11,0,76,45.3391,-121.6633,Mount Hood
1952,-1.5,-7.7,-4.6,1131,486,0,2029,0,5,825,0,0,74,45.3391,-121.6633,Mount Hood
1953,1.8,-4.1,-1.1,1839,264,9,1717,0,18,638,13,0,77,45.3391,-121.6633,Mount Hood
1954,1.1,-5.2,-2.1,1522,310,0,1801,0,12,712,0,0,74,45.3391,-121.6633,Mount Hood
1955,0.0,-6.7,-3.4,671,392,0,1916,0,7,416,0,0,72,45.3391,-121.6633,Mount Hood
1956,-1.7,-7.3,-4.5,1825,471,0,2009,0,7,1158,0,0,76,45.3391,-121.6633,Mount Hood
1957,-1.5,-8.4,-5.0,831,523,1,2064,0,6,554,0,0,71,45.3391,-121.6633,Mount Hood
1958,2.7,-3.4,-0.3,1628,214,5,1648,0,20,473,18,0,76,45.3391,-121.6633,Mount Hood
1959,1.1,-4.4,-1.6,1138,285,6,1757,0,16,481,12,0,78,45.3391,-121.6633,Mount Hood
1960,-0.5,-7.0,-3.8,820,427,0,1955,0,7,558,0,0,73,45.3391,-121.6633,Mount Hood
1961,1.4,-4.6,-1.6,1362,284,3,1761,0,15,544,0,0,76,45.3391,-121.6633,Mount Hood
1962,0.6,-6.3,-2.9,1035,358,0,1873,0,8,583,0,0,72,45.3391,-121.6633,Mount Hood
1963,2.2,-5.4,-1.6,841,304,8,1768,0,13,308,21,0,70,45.3391,-121.6633,Mount Hood
1964,1.3,-5.7,-2.2,962,315,0,1814,0,11,421,0,0,72,45.3391,-121.6633,Mount Hood
1965,0.2,-5.6,-2.7,1802,353,0,1861,0,11,1073,0,0,76,45.3391,-121.6633,Mount Hood
1966,0.3,-6.0,-2.9,1009,358,0,1873,0,9,527,0,0,74,45.3391,-121.6633,Mount Hood
1967,2.4,-4.0,-0.8,1156,234,6,1688,0,17,362,0,0,75,45.3391,-121.6633,Mount Hood
1968,1.5,-5.3,-1.9,1177,304,2,1790,0,12,513,0,0,73,45.3391,-121.6633,Mount Hood
1969,-2.8,-8.3,-5.5,1541,556,0,2113,0,5,1225,0,0,76,45.3391,-121.6633,Mount Hood
1970,0.9,-4.9,-2.0,1716,308,0,1801,0,13,819,0,0,76,45.3391,-121.6633,Mount Hood
1971,0.4,-5.8,-2.7,1317,348,0,1858,0,10,685,0,0,74,45.3391,-121.6633,Mount Hood
1972,-0.2,-6.2,-3.2,1461,384,0,1906,0,9,867,0,0,75,45.3391,-121.6633,Mount Hood
1973,-0.7,-7.6,-4.2,986,463,0,1995,0,6,729,0,0,71,45.3391,-121.6633,Mount Hood
1974,0.0,-5.7,-2.9,1690,371,3,1875,0,12,883,0,0,77,45.3391,-121.6633,Mount Hood
1975,0.5,-5.6,-2.5,1556,335,0,1836,0,11,791,0,0,75,45.3391,-121.6633,Mount Hood
1976,1.4,-5.1,-1.8,1290,291,0,1775,0,13,591,0,0,74,45.3391,-121.6633,Mount Hood
1977,1.3,-6.6,-2.6,344,350,0,1854,0,8,176,0,0,68,45.3391,-121.6633,Mount Hood
1978,0.4,-4.3,-1.9,1416,297,0,1787,0,15,620,0,0,81,45.3391,-121.6633,Mount Hood
1979,-2.7,-9.2,-6.0,1045,596,0,2158,0,4,824,0,0,72,45.3391,-121.6633,Mount Hood
1980,-0.4,-5.9,-3.2,1339,393,3,1901,0,11,839,0,0,77,45.3391,-121.6633,Mount Hood
1981,1.5,-3.7,-1.1,1279,249,4,1711,0,19,478,0,0,79,45.3391,-121.6633,Mount Hood
1982,0.0,-5.8,-2.9,1880,357,0,1870,0,10,1008,0,0,76,45.3391,-121.6633,Mount Hood
1983,1.1,-4.0,-1.5,1603,275,6,1748,0,17,665,0,0,79,45.3391,-121.6633,Mount Hood
1984,-0.8,-6.6,-3.7,1102,434,0,1953,0,9,749,0,0,76,45.3391,-121.6633,Mount Hood
1985,-1.7,-7.0,-4.3,667,465,0,2005,0,7,505,0,0,78,45.3391,-121.6633,Mount Hood
1986,-0.2,-5.9,-3.0,1418,379,1,1890,0,11,789,0,0,76,45.3391,-121.6633,Mount Hood
1987,0.1,-5.2,-2.5,928,338,0,1845,0,12,481,0,0,78,45.3391,-121.6633,Mount Hood
1988,0.1,-6.3,-3.1,1269,383,0,1898,0,8,779,0,0,74,45.3391,-121.6633,Mount Hood
1989,-0.6,-6.3,-3.5,860,406,1,1918,0,11,440,0,0,76,45.3391,-121.6633,Mount Hood
1990,0.7,-5.3,-2.3,1225,321,3,1819,0,12,598,0,0,75,45.3391,-121.6633,Mount Hood
1991,0.7,-6.5,-2.9,816,401,7,1886,0,11,421,21,0,71,45.3391,-121.6633,Mount Hood
1992,2.3,-3.4,-0.5,913,224,10,1667,0,20,290,19,0,78,45.3391,-121.6633,Mount Hood
1993,-2.1,-8.4,-5.2,994,533,0,2084,0,4,750,0,0,73,45.3391,-121.6633,Mount Hood
1994,1.2,-5.1,-1.9,1035,304,7,1785,0,13,509,14,0,75,45.3391,-121.6633,Mount Hood
1995,1.2,-4.7,-1.8,1439,295,0,1779,0,14,624,0,0,77,45.3391,-121.6633,Mount Hood
1996,-0.1,-5.9,-3.0,1971,368,0,1885,0,10,1159,0,0,76,45.3391,-121.6633,Mount Hood
1997,0.3,-5.9,-2.8,1772,354,0,1868,0,9,967,0,0,74,45.3391,-121.6633,Mount Hood
1998,0.9,-4.6,-1.8,1149,292,0,1781,0,14,496,0,0,77,45.3391,-121.6633,Mount Hood
1999,0.4,-5.1,-2.3,1678,326,1,1823,0,13,913,0,0,77,45.3391,-121.6633,Mount Hood
2000,0.3,-4.8,-2.2,1432,318,0,1815,0,13,728,0,0,79,45.3391,-121.6633,Mount Hood
2001,0.2,-5.8,-2.8,538,353,0,1866,0,10,304,0,0,76,45.3391,-121.6633,Mount Hood
2002,0.6,-5.1,-2.3,1301,320,0,1821,0,12,640,0,0,77,45.3391,-121.6633,Mount Hood
2003,1.5,-3.7,-1.1,1273,251,7,1710,0,19,453,12,0,79,45.3391,-121.6633,Mount Hood
2004,0.0,-4.9,-2.5,1439,334,0,1839,0,13,736,0,0,80,45.3391,-121.6633,Mount Hood
2005,2.1,-4.6,-1.2,560,256,2,1726,0,15,204,0,0,74,45.3391,-121.6633,Mount Hood
2006,0.4,-5.3,-2.4,1768,334,4,1829,0,13,817,0,0,77,45.3391,-121.6633,Mount Hood
2007,0.6,-5.4,-2.4,1281,332,0,1835,0,11,651,0,0,75,45.3391,-121.6633,Mount Hood
2008,0.4,-5.5,-2.5,1369,344,0,1847,0,11,727,0,0,76,45.3391,-121.6633,Mount Hood
2009,0.4,-6.0,-2.8,1221,359,0,1871,0,9,694,0,0,74,45.3391,-121.6633,Mount Hood
2010,0.8,-4.4,-1.8,991,309,4,1780,0,18,444,11,0,79,45.3391,-121.6633,Mount Hood
2011,0.5,-5.2,-2.4,1360,327,1,1825,0,13,705,0,0,77,45.3391,-121.6633,Mount Hood
2012,1.4,-5.0,-1.8,1355,290,0,1777,0,12,575,0,0,74,45.3391,-121.6633,Mount Hood
2013,0.4,-5.0,-2.3,1034,321,0,1823,0,12,513,0,0,78,45.3391,-121.6633,Mount Hood
2014,0.2,-5.8,-2.8,1269,359,4,1862,0,11,824,0,0,76,45.3391,-121.6633,Mount Hood
2015,3.0,-2.6,0.2,1002,193,17,1602,0,24,277,33,0,79,45.3391,-121.6633,Mount Hood
2016,1.3,-3.4,-1.1,1541,256,7,1717,0,19,612,19,0,81,45.3391,-121.6633,Mount Hood
2017,-2.2,-7.6,-4.9,1272,511,0,2058,0,6,959,0,0,77,45.3391,-121.6633,Mount Hood
2018,0.4,-4.7,-2.2,965,316,4,1807,0,15,459,0,0,79,45.3391,-121.6633,Mount Hood
2019,-0.6,-5.5,-3.1,1250,378,4,1880,0,13,759,0,0,80,45.3391,-121.6633,Mount Hood
1901,-1.0,-12.8,-6.9,221,664,0,2235,0,1,194,0,0,52,39.6208,-106.3746,Vail
1902,0.5,-12.3,-5.9,157,590,1,2150,0,1,131,0,0,50,39.6208,-106.3746,Vail
1903,-3.3,-16.4,-9.9,265,899,2,2489,0,1,249,0,0,47,39.6208,-106.3746,Vail
1904,0.8,-13.4,-6.3,136,627,2,2191,0,1,109,0,0,45,39.6208,-106.3746,Vail
1905,-1.3,-13.5,-7.4,239,701,1,2279,0,1,216,0,0,51,39.6208,-106.3746,Vail
1906,-0.9,-15.3,-8.1,151,770,0,2350,0,1,133,0,0,43,39.6208,-106.3746,Vail
1907,2.3,-9.3,-3.5,195,416,6,1936,0,3,121,0,0,55,39.6208,-106.3746,Vail
1908,-1.3,-14.7,-8.0,167,750,0,2336,0,1,154,0,0,47,39.6208,-106.3746,Vail
1909,-2.3,-13.5,-7.9,452,733,3,2322,0,1,389,0,0,54,39.6208,-106.3746,Vail
1910,-4.3,-16.3,-10.3,261,931,0,2540,0,0,252,0,0,50,39.6208,-106.3746,Vail
1911,-1.1,-12.4,-6.8,258,645,2,2215,0,1,212,0,0,54,39.6208,-106.3746,Vail
1912,-3.4,-15.9,-9.7,189,880,0,2483,0,0,178,0,0,49,39.6208,-106.3746,Vail
1913,-4.4,-17.9,-11.1,207,1005,0,2616,0,0,203,0,0,45,39.6208,-106.3746,Vail
1914,-2.7,-16.3,-9.5,324,865,0,2465,0,0,300,0,0,46,39.6208,-106.3746,Vail
1915,-2.8,-16.2,-9.5,149,879,0,2472,0,0,142,0,0,46,39.6208,-106.3746,Vail
1916,-1.4,-14.3,-7.9,333,744,0,2324,0,1,308,0,0,49,39.6208,-106.3746,Vail
1917,-4.4,-16.1,-10.2,227,937,0,2539,0,0,221,0,0,50,39.6208,-106.3746,Vail
1918,-1.2,-12.5,-6.8,341,660,4,2226,0,2,296,0,0,54,39.6208,-106.3746,Vail
1919,-3.4,-16.3,-9.8,123,889,0,2496,0,0,119,0,0,48,39.6208,-106.3746,Vail
1920,0.1,-13.4,-6.6,177,646,1,2211,0,1,156,0,0,47,39.6208,-106.3746,Vail
1921,-2.4,-14.4,-8.4,436,775,0,2371,0,1,405,0,0,51,39.6208,-106.3746,Vail
1922,-2.6,-14.8,-8.7,643,800,3,2389,0,1,574,0,0,50,39.6208,-106.3746,Vail
1923,-2.1,-15.3,-8.7,258,803,0,2390,0,1,238,0,0,47,39.6208,-106.3746,Vail
1924,-2.0,-16.0,-9.0,148,841,1,2430,0,0,141,0,0,45,39.6208,-106.3746,Vail
1925,-3.0,-16.0,-9.5,175,879,0,2472,0,0,169,0,0,47,39.6208,-106.3746,Vail
1926,-1.8,-14.0,-7.9,167,752,0,2330,0,1,153,0,0,51,39.6208,-106.3746,Vail
1927,-1.5,-13.8,-7.6,251,720,1,2302,0,1,229,0,0,50,39.6208,-106.3746,Vail
1928,-2.4,-15.1,-8.8,146,815,0,2402,0,1,137,0,0,49,39.6208,-106.3746,Vail
1929,-4.1,-17.7,-10.9,173,983,0,2588,0,0,168,0,0,45,39.6208,-106.3746,Vail
1930,-1.3,-15.5,-8.4,241,809,5,2381,0,1,223,0,0,44,39.6208,-106.3746,Vail
1931,-1.4,-16.1,-8.7,116,817,1,2405,0,0,108,0,0,43,39.6208,-106.3746,Vail
1932,-2.7,-16.7,-9.7,224,894,1,2492,0,0,214,0,0,44,39.6208,-106.3746,Vail
1933,-4.1,-17.7,-10.9,177,987,0,2592,0,0,172,0,0,44,39.6208,-106.3746,Vail
1934,2.5,-10.7,-4.1,212,452,6,1987,0,2,137,0,0,49,39.6208,-106.3746,Vail
1935,0.1,-13.9,-6.9,149,667,0,2236,0,1,130,0,0,46,39.6208,-106.3746,Vail
1936,-1.5,-13.5,-7.5,365,710,0,2291,0,1,337,0,0,52,39.6208,-106.3746,Vail
1937,-2.9,-16.6,-9.7,219,903,2,2492,0,0,209,0,0,45,39.6208,-106.3746,Vail
1938,-0.5,-13.3,-6.9,220,660,0,2230,0,1,193,0,0,49,39.6208,-106.3746,Vail
1939,-3.6,-16.4,-10.0,275,905,2,2501,0,0,259,0,0,48,39.6208,-106.3746,Vail
1940,-0.2,-12.5,-6.4,250,615,3,2184,0,1,220,0,0,51,39.6208,-106.3746,Vail
1941,0.0,-13.6,-6.8,208,651,0,2226,0,1,183,0,0,47,39.6208,-106.3746,Vail
1942,-2.5,-16.9,-9.7,245,884,1,2476,0,0,232,0,0,43,39.6208,-106.3746,Vail
1943,-0.1,-13.7,-6.9,275,665,0,2237,0,1,243,0,0,47,39.6208,-106.3746,Vail
1944,-0.8,-15.6,-8.2,167,765,0,2352,0,0,155,0,0,42,39.6208,-106.3746,Vail
1945,-0.2,-14.0,-7.1,226,684,0,2256,0,1,203,0,0,46,39.6208,-106.3746,Vail
1946,-1.8,-16.2,-9.0,182,831,0,2425,0,0,173,0,0,43,39.6208,-106.3746,Vail
1947,0.0,-13.4,-6.7,216,648,2,2218,0,1,194,0,0,47,39.6208,-106.3746,Vail
1948,-1.9,-15.8,-8.9,249,811,0,2409,0,0,235,0,0,45,39.6208,-106.3746,Vail
1949,-3.8,-17.6,-10.7,246,975,0,2576,0,0,237,0,0,44,39.6208,-106.3746,Vail
1950,-1.1,-13.8,-7.4,254,705,0,2284,0,1,229,0,0,49,39.6208,-106.3746,Vail
1951,-0.7,-13.6,-7.1,303,681,1,2256,0,1,266,0,0,49,39.6208,-106.3746,Vail
1952,-3.5,-15.9,-9.7,412,870,0,2483,0,0,394,0,0,49,39.6208,-106.3746,Vail
1953,-1.5,-14.0,-7.7,195,721,2,2306,0,1,165,0,0,50,39.6208,-106.3746,Vail
1954,1.2,-12.0,-5.4,141,556,6,2107,0,2,110,0,0,49,39.6208,-106.3746,Vail
1955,-3.5,-17.0,-10.3,192,930,0,2531,0,0,186,0,0,45,39.6208,-106.3746,Vail
1956,-1.1,-12.7,-6.9,310,655,4,2221,0,2,248,0,0,53,39.6208,-106.3746,Vail
1957,-1.4,-13.7,-7.5,333,721,1,2300,0,1,303,0,0,50,39.6208,-106.3746,Vail
1958,-1.0,-13.8,-7.4,204,712,2,2285,0,1,179,0,0,49,39.6208,-106.3746,Vail
1959,-0.3,-12.6,-6.5,271,624,1,2191,0,1,229,0,0,51,39.6208,-106.3746,Vail
1960,-1.8,-14.9,-8.4,183,767,1,2357,0,1,174,0,0,48,39.6208,-106.3746,Vail
1961,-0.3,-15.1,-7.7,144,724,0,2308,0,0,133,0,0,43,39.6208,-106.3746,Vail
1962,-2.8,-15.1,-8.9,324,834,1,2426,0,1,304,0,0,49,39.6208,-106.3746,Vail
1963,-0.7,-13.4,-7.1,223,685,4,2254,0,1,197,0,0,49,39.6208,-106.3746,Vail
1964,-3.5,-17.1,-10.3,160,939,1,2535,0,0,153,0,0,45,39.6208,-106.3746,Vail
1965,-2.2,-14.2,-8.2,331,759,0,2348,0,1,300,0,0,51,39.6208,-106.3746,Vail
1966,-1.9,-15.9,-8.9,131,821,1,2411,0,0,118,0,0,44,39.6208,-106.3746,Vail
1967,-1.9,-14.1,-8.0,284,750,0,2335,0,1,262,0,0,51,39.6208,-106.3746,Vail
1968,-2.2,-14.7,-8.5,230,781,0,2381,0,1,218,0,0,49,39.6208,-106.3746,Vail
1969,-1.3,-13.9,-7.6,236,712,1,2291,0,1,192,0,0,49,39.6208,-106.3746,Vail
1970,-1.0,-13.3,-7.2,214,685,0,2263,0,1,192,0,0,51,39.6208,-106.3746,Vail
1971,-1.9,-12.9,-7.4,209,698,0,2273,0,1,188,0,0,55,39.6208,-106.3746,Vail
1972,-2.0,-14.4,-8.2,226,770,0,2357,0,1,211,0,0,50,39.6208,-106.3746,Vail
1973,-2.7,-17.6,-10.2,152,927,0,2531,0,0,147,0,0,41,39.6208,-106.3746,Vail
1974,-2.4,-16.3,-9.3,269,849,0,2451,0,0,253,0,0,44,39.6208,-106.3746,Vail
1975,-3.2,-16.5,-9.8,260,889,0,2498,0,0,248,0,0,46,39.6208,-106.3746,Vail
1976,-0.4,-13.5,-7.0,153,670,0,2244,0,1,136,0,0,48,39.6208,-106.3746,Vail
1977,-0.6,-14.8,-7.7,100,729,0,2310,0,1,92,0,0,44,39.6208,-106.3746,Vail
1978,-1.6,-12.4,-7.0,290,672,3,2244,0,1,251,0,0,56,39.6208,-106.3746,Vail
1979,-4.5,-17.1,-10.8,347,993,1,2590,0,0,340,0,0,48,39.6208,-106.3746,Vail
1980,-0.8,-13.6,-7.2,299,688,0,2261,0,1,265,0,0,49,39.6208,-106.3746,Vail
1981,2.6,-10.4,-3.9,94,434,6,1960,0,3,64,0,0,50,39.6208,-106.3746,Vail
1982,-1.8,-13.6,-7.7,318,721,0,2305,0,1,280,0,0,52,39.6208,-106.3746,Vail
1983,-0.7,-13.1,-6.9,165,667,0,2236,0,1,147,0,0,50,39.6208,-106.3746,Vail
1984,-3.3,-16.0,-9.6,287,882,0,2482,0,0,273,0,0,49,39.6208,-106.3746,Vail
1985,-2.7,-15.6,-9.1,205,837,0,2431,0,0,191,0,0,48,39.6208,-106.3746,Vail
1986,-0.5,-11.4,-5.9,269,592,0,2149,0,2,233,0,0,56,39.6208,-106.3746,Vail
1987,-1.3,-14.5,-7.9,154,737,0,2324,0,1,142,0,0,47,39.6208,-106.3746,Vail
1988,-3.3,-15.1,-9.2,239,850,0,2447,0,0,229,0,0,52,39.6208,-106.3746,Vail
1989,-2.5,-15.0,-8.8,247,810,0,2406,0,0,235,0,0,49,39.6208,-106.3746,Vail
1990,-2.0,-14.3,-8.1,168,757,0,2347,0,1,157,0,0,50,39.6208,-106.3746,Vail
1991,-1.8,-14.8,-8.3,164,782,0,2369,0,1,153,0,0,48,39.6208,-106.3746,Vail
1992,-0.4,-14.0,-7.2,115,688,0,2263,0,1,103,0,0,46,39.6208,-106.3746,Vail
1993,-1.8,-13.6,-7.7,286,726,0,2306,0,1,261,0,0,52,39.6208,-106.3746,Vail
1994,-2.1,-14.5,-8.3,179,769,0,2360,0,1,168,0,0,49,39.6208,-106.3746,Vail
1995,0.1,-12.1,-6.0,231,597,2,2158,0,1,183,0,0,52,39.6208,-106.3746,Vail
1996,-1.2,-13.2,-7.2,411,687,1,2263,0,1,370,0,0,52,39.6208,-106.3746,Vail
1997,-2.3,-14.1,-8.2,344,759,0,2348,0,1,315,0,0,52,39.6208,-106.3746,Vail
1998,-1.7,-13.7,-7.7,194,727,0,2307,0,1,175,0,0,51,39.6208,-106.3746,Vail
1999,-0.7,-12.3,-6.5,227,634,0,2197,0,1,192,0,0,53,39.6208,-106.3746,Vail
2000,-0.5,-11.5,-6.0,287,602,2,2161,0,2,236,0,0,56,39.6208,-106.3746,Vail
2001,-1.0,-13.0,-7.0,187,674,0,2248,0,1,167,0,0,51,39.6208,-106.3746,Vail
2002,-1.8,-15.0,-8.4,159,775,0,2368,0,1,149,0,0,47,39.6208,-106.3746,Vail
2003,-0.8,-12.0,-6.4,193,625,4,2186,0,2,170,0,0,55,39.6208,-106.3746,Vail
2004,-0.7,-13.0,-6.9,204,658,0,2228,0,1,179,0,0,51,39.6208,-106.3746,Vail
2005,0.2,-11.2,-5.5,259,560,3,2112,0,2,199,0,0,55,39.6208,-106.3746,Vail
2006,-1.9,-13.2,-7.5,312,713,0,2290,0,1,282,0,0,54,39.6208,-106.3746,Vail
2007,-0.9,-12.0,-6.4,227,626,2,2194,0,1,196,0,0,55,39.6208,-106.3746,Vail
2008,-3.2,-13.5,-8.3,399,780,1,2366,0,1,373,0,0,57,39.6208,-106.3746,Vail
2009,-0.9,-10.8,-5.8,336,584,3,2140,0,2,279,0,0,59,39.6208,-106.3746,Vail
2010,-2.4,-13.7,-8.0,214,746,0,2335,0,1,196,0,0,53,39.6208,-106.3746,Vail
2011,-1.3,-11.8,-6.6,299,629,3,2198,0,2,244,0,0,57,39.6208,-106.3746,Vail
2012,-0.6,-12.2,-6.4,189,626,1,2188,0,1,160,0,0,53,39.6208,-106.3746,Vail
2013,-2.2,-13.6,-7.9,214,740,0,2325,0,1,196,0,0,53,39.6208,-106.3746,Vail
2014,-1.7,-11.5,-6.6,350,645,0,2212,0,2,301,0,0,59,39.6208,-106.3746,Vail
2015,0.6,-9.5,-4.5,232,477,3,2018,0,3,173,0,0,59,39.6208,-106.3746,Vail
2016,-0.5,-11.5,-6.0,229,601,1,2160,0,2,192,0,0,55,39.6208,-106.3746,Vail
2017,-0.5,-10.2,-5.4,421,554,4,2103,0,3,335,0,0,60,39.6208,-106.3746,Vail
2018,0.6,-9.8,-4.6,259,486,6,2030,0,3,195,0,0,58,39.6208,-106.3746,Vail
2019,-1.7,-12.6,-7.2,260,686,0,2257,0,1,228,0,0,55,39.6208,-106.3746,Vail
1901,-1.6,-8.0,-4.8,536,501,0,2045,0,5,393,0,0,73,50.1038,-122.9136,Whistler
1902,0.2,-6.7,-3.3,613,392,0,1911,0,8,357,0,0,71,50.1038,-122.9136,Whistler
1903,-1.8,-9.2,-5.5,410,554,0,2106,0,4,297,0,0,69,50.1038,-122.9136,Whistler
1904,-1.8,-7.7,-4.8,529,496,0,2037,0,6,387,0,0,75,50.1038,-122.9136,Whistler
1905,-1.1,-8.0,-4.6,399,480,0,2021,0,6,262,0,0,71,50.1038,-122.9136,Whistler
1906,-0.3,-7.5,-3.9,508,432,0,1965,0,6,340,0,0,70,50.1038,-122.9136,Whistler
1907,-4.4,-11.0,-7.7,550,749,0,2315,0,3,465,0,0,71,50.1038,-122.9136,Whistler
1908,-0.9,-7.9,-4.4,509,466,0,2006,0,5,362,0,0,71,50.1038,-122.9136,Whistler
1909,-4.3,-10.4,-7.3,718,705,0,2277,0,3,638,0,0,74,50.1038,-122.9136,Whistler
1910,-3.6,-10.8,-7.2,457,682,0,2255,0,2,396,0,0,69,50.1038,-122.9136,Whistler
1911,-3.4,-9.5,-6.4,410,631,1,2189,0,5,299,0,0,74,50.1038,-122.9136,Whistler
1912,-1.6,-7.6,-4.6,456,488,0,2030,0,6,333,0,0,75,50.1038,-122.9136,Whistler
1913,-3.4,-10.6,-7.0,472,671,0,2243,0,3,397,0,0,69,50.1038,-122.9136,Whistler
1914,-1.2,-7.1,-4.1,499,448,0,1984,0,7,339,0,0,75,50.1038,-122.9136,Whistler
1915,-1.3,-8.3,-4.8,261,510,0,2052,0,5,177,0,0,71,50.1038,-122.9136,Whistler
1916,-5.0,-11.5,-8.3,602,796,0,2363,0,3,503,0,0,72,50.1038,-122.9136,Whistler
1917,-4.3,-10.9,-7.6,320,716,0,2293,0,2,295,0,0,72,50.1038,-122.9136,Whistler
1918,-2.1,-7.9,-5.0,808,512,0,2059,0,6,624,0,0,75,50.1038,-122.9136,Whistler
1919,-1.3,-8.2,-4.7,649,490,0,2031,0,6,470,0,0,71,50.1038,-122.9136,Whistler
1920,-0.2,-8.8,-4.5,392,477,0,2019,0,4,281,0,0,65,50.1038,-122.9136,Whistler
1921,-0.8,-6.9,-3.8,755,427,0,1959,0,7,492,0,0,75,50.1038,-122.9136,Whistler
1922,-4.2,-11.3,-7.7,432,720,0,2305,0,2,396,0,0,69,50.1038,-122.9136,Whistler
1923,-3.3,-10.4,-6.8,665,658,0,2225,0,3,572,0,0,70,50.1038,-122.9136,Whistler
1924,-0.5,-6.0,-3.2,909,399,0,1913,0,10,527,0,0,77,50.1038,-122.9136,Whistler
1925,-1.4,-7.6,-4.5,658,488,0,2025,0,7,447,0,0,73,50.1038,-122.9136,Whistler
1926,1.6,-4.6,-1.5,512,280,7,1750,0,15,196,8,0,75,50.1038,-122.9136,Whistler
1927,-2.0,-8.5,-5.2,550,535,0,2086,0,4,432,0,0,73,50.1038,-122.9136,Whistler
1928,-1.6,-8.7,-5.1,348,534,0,2081,0,5,241,0,0,70,50.1038,-122.9136,Whistler
1929,-3.2,-11.3,-7.3,264,687,0,2265,0,2,206,0,0,66,50.1038,-122.9136,Whistler
1930,-3.3,-9.8,-6.6,696,658,0,2212,0,5,491,0,0,72,50.1038,-122.9136,Whistler
1931,1.2,-4.7,-1.7,424,284,2,1764,0,14,184,0,0,76,50.1038,-122.9136,Whistler
1932,-2.3,-8.7,-5.5,629,555,0,2110,0,4,499,0,0,73,50.1038,-122.9136,Whistler
1933,-2.8,-9.1,-6.0,574,585,0,2143,0,4,441,0,0,73,50.1038,-122.9136,Whistler
1934,0.7,-6.4,-2.8,808,365,0,1874,0,9,485,0,0,71,50.1038,-122.9136,Whistler
1935,-1.3,-7.9,-4.6,889,493,0,2034,0,5,681,0,0,72,50.1038,-122.9136,Whistler
1936,-2.2,-9.0,-5.6,445,567,6,2099,0,8,284,0,0,71,50.1038,-122.9136,Whistler
1937,-4.2,-12.0,-8.1,639,766,0,2340,0,3,522,0,0,66,50.1038,-122.9136,Whistler
1938,-1.6,-8.2,-4.9,611,506,0,2051,0,5,450,0,0,72,50.1038,-122.9136,Whistler
1939,-1.2,-7.8,-4.5,620,474,0,2010,0,7,387,0,0,72,50.1038,-122.9136,Whistler
1940,1.0,-5.1,-2.0,737,310,6,1791,0,14,314,8,0,75,50.1038,-122.9136,Whistler
1941,0.9,-5.8,-2.5,510,330,0,1836,0,10,259,0,0,73,50.1038,-122.9136,Whistler
1942,-0.7,-7.8,-4.3,425,457,0,1996,0,5,286,0,0,71,50.1038,-122.9136,Whistler
1943,-2.0,-8.9,-5.4,579,559,0,2110,0,5,403,0,0,71,50.1038,-122.9136,Whistler
1944,-1.0,-7.7,-4.3,381,461,0,2000,0,6,263,0,0,72,50.1038,-122.9136,Whistler
1945,-0.7,-7.4,-4.1,437,445,0,1980,0,6,296,0,0,72,50.1038,-122.9136,Whistler
1946,-1.2,-7.2,-4.2,610,453,0,1990,0,6,427,0,0,75,50.1038,-122.9136,Whistler
1947,-1.4,-8.5,-4.9,716,515,0,2062,0,4,543,0,0,71,50.1038,-122.9136,Whistler
1948,-1.5,-7.9,-4.7,830,488,0,2029,0,6,591,0,0,73,50.1038,-122.9136,Whistler
1949,-5.0,-13.2,-9.1,468,837,0,2432,0,1,448,0,0,65,50.1038,-122.9136,Whistler
1950,-6.7,-13.4,-10.1,766,958,0,2532,0,2,685,0,0,70,50.1038,-122.9136,Whistler
1951,-1.9,-8.3,-5.1,889,528,1,2072,0,6,643,0,0,73,50.1038,-122.9136,Whistler
1952,-4.0,-10.1,-7.1,541,680,0,2256,0,3,478,0,0,74,50.1038,-122.9136,Whistler
1953,-0.3,-6.6,-3.5,724,397,0,1923,0,8,421,0,0,74,50.1038,-122.9136,Whistler
1954,-2.0,-7.8,-4.9,762,518,0,2059,0,7,533,0,0,75,50.1038,-122.9136,Whistler
1955,-2.0,-8.2,-5.1,472,519,0,2066,0,5,338,0,0,74,50.1038,-122.9136,Whistler
1956,-4.9,-10.9,-7.9,652,741,0,2325,0,2,596,0,0,74,50.1038,-122.9136,Whistler
1957,-4.2,-11.1,-7.6,572,728,0,2300,0,3,468,0,0,70,50.1038,-122.9136,Whistler
1958,0.5,-4.9,-2.2,710,313,0,1812,0,13,343,0,0,78,50.1038,-122.9136,Whistler
1959,-1.6,-7.6,-4.6,614,487,0,2024,0,7,409,0,0,75,50.1038,-122.9136,Whistler
1960,-1.4,-7.9,-4.7,465,492,0,2034,0,5,327,0,0,73,50.1038,-122.9136,Whistler
1961,-0.1,-6.2,-3.1,776,379,0,1898,0,9,459,0,0,74,50.1038,-122.9136,Whistler
1962,-1.4,-8.0,-4.7,463,494,0,2037,0,5,349,0,0,72,50.1038,-122.9136,Whistler
1963,0.2,-6.5,-3.1,565,398,2,1901,0,10,235,0,0,73,50.1038,-122.9136,Whistler
1964,-0.6,-6.7,-3.6,731,410,0,1939,0,8,444,0,0,74,50.1038,-122.9136,Whistler
1965,-3.3,-9.7,-6.5,682,635,0,2201,0,3,575,0,0,73,50.1038,-122.9136,Whistler
1966,-2.3,-8.4,-5.3,616,544,0,2097,0,4,483,0,0,74,50.1038,-122.9136,Whistler
1967,-0.1,-6.0,-3.0,861,370,0,1888,0,9,488,0,0,76,50.1038,-122.9136,Whistler
1968,-0.3,-8.0,-4.1,763,458,0,1992,0,5,534,0,0,68,50.1038,-122.9136,Whistler
1969,-5.9,-12.9,-9.4,664,884,0,2469,0,1,629,0,0,69,50.1038,-122.9136,Whistler
1970,-0.2,-6.9,-3.5,428,414,0,1936,0,8,257,0,0,73,50.1038,-122.9136,Whistler
1971,-2.7,-9.0,-5.8,817,587,0,2144,0,4,671,0,0,73,50.1038,-122.9136,Whistler
1972,-4.7,-11.4,-8.0,721,753,0,2341,0,2,661,0,0,71,50.1038,-122.9136,Whistler
1973,-2.1,-9.2,-5.7,703,572,0,2127,0,3,575,0,0,70,50.1038,-122.9136,Whistler
1974,-1.2,-7.6,-4.4,797,471,0,2011,0,6,563,0,0,73,50.1038,-122.9136,Whistler
1975,-2.7,-8.9,-5.8,622,571,0,2127,0,5,473,0,0,74,50.1038,-122.9136,Whistler
1976,-0.8,-7.0,-3.9,726,429,0,1962,0,7,494,0,0,74,50.1038,-122.9136,Whistler
1977,0.8,-5.6,-2.4,402,340,3,1835,0,12,186,0,0,74,50.1038,-122.9136,Whistler
1978,-2.2,-8.7,-5.5,442,558,0,2110,0,4,357,0,0,72,50.1038,-122.9136,Whistler
1979,-4.0,-11.0,-7.5,432,713,0,2291,0,2,390,0,0,69,50.1038,-122.9136,Whistler
1980,-1.5,-7.8,-4.7,626,493,0,2036,0,7,387,0,0,73,50.1038,-122.9136,Whistler
1981,0.8,-5.0,-2.1,602,310,4,1802,0,13,321,0,0,76,50.1038,-122.9136,Whistler
1982,-2.8,-8.8,-5.8,783,579,0,2138,0,4,644,0,0,74,50.1038,-122.9136,Whistler
1983,0.0,-5.9,-2.9,769,368,2,1880,0,10,447,0,0,76,50.1038,-122.9136,Whistler
1984,-1.7,-8.1,-4.9,472,519,0,2062,0,7,280,0,0,73,50.1038,-122.9136,Whistler
1985,-3.0,-9.4,-6.2,287,610,0,2171,0,3,257,0,0,73,50.1038,-122.9136,Whistler
1986,-0.8,-6.9,-3.8,514,430,2,1953,0,9,320,0,0,75,50.1038,-122.9136,Whistler
1987,-0.4,-6.0,-3.2,532,382,0,1903,0,9,312,0,0,77,50.1038,-122.9136,Whistler
1988,-1.5,-7.2,-4.4,486,474,0,2012,0,6,350,0,0,76,50.1038,-122.9136,Whistler
1989,-1.8,-7.7,-4.7,406,492,0,2033,0,7,258,0,0,75,50.1038,-122.9136,Whistler
1990,-1.2,-6.1,-3.7,575,420,2,1940,0,11,379,0,0,79,50.1038,-122.9136,Whistler
1991,-1.7,-6.6,-4.2,585,476,0,1998,0,9,382,0,0,79,50.1038,-122.9136,Whistler
1992,0.8,-4.0,-1.6,644,279,0,1760,0,17,263,0,0,81,50.1038,-122.9136,Whistler
1993,-2.3,-7.4,-4.9,198,511,0,2055,0,6,152,0,0,78,50.1038,-122.9136,Whistler
1994,-0.8,-5.0,-2.9,666,366,3,1870,0,14,420,0,0,82,50.1038,-122.9136,Whistler
1995,-0.7,-5.8,-3.2,616,388,0,1909,0,10,376,0,0,79,50.1038,-122.9136,Whistler
1996,-1.2,-6.5,-3.9,516,433,0,1964,0,8,338,0,0,78,50.1038,-122.9136,Whistler
1997,-1.9,-7.5,-4.7,534,502,0,2043,0,6,384,0,0,77,50.1038,-122.9136,Whistler
1998,-1.0,-5.6,-3.3,677,391,0,1915,0,10,416,0,0,81,50.1038,-122.9136,Whistler
1999,-1.8,-6.0,-3.9,986,428,0,1960,0,9,666,0,0,82,50.1038,-122.9136,Whistler
2000,-0.9,-5.6,-3.2,491,386,0,1907,0,11,278,0,0,80,50.1038,-122.9136,Whistler
2001,-0.3,-6.1,-3.2,282,380,0,1900,0,10,157,0,0,76,50.1038,-122.9136,Whistler
2002,-1.3,-6.1,-3.7,642,420,0,1951,0,9,419,0,0,80,50.1038,-122.9136,Whistler
2003,0.8,-4.9,-2.0,474,305,1,1797,0,14,199,0,0,77,50.1038,-122.9136,Whistler
2004,-0.4,-5.1,-2.8,440,354,0,1866,0,12,243,0,0,80,50.1038,-122.9136,Whistler
2005,0.7,-4.7,-2.0,479,302,0,1795,0,14,216,0,0,78,50.1038,-122.9136,Whistler
2006,-0.4,-4.6,-2.5,736,333,0,1838,0,14,364,0,0,82,50.1038,-122.9136,Whistler
2007,-0.7,-4.7,-2.7,669,345,0,1856,0,14,357,0,0,83,50.1038,-122.9136,Whistler
2008,-1.9,-6.5,-4.2,675,460,0,1996,0,8,479,0,0,81,50.1038,-122.9136,Whistler
2009,-1.7,-6.2,-3.9,453,437,0,1968,0,9,308,0,0,81,50.1038,-122.9136,Whistler
2010,0.4,-4.6,-2.1,401,329,2,1810,0,16,168,0,0,80,50.1038,-122.9136,Whistler
2011,-1.7,-5.7,-3.7,592,414,0,1941,0,10,375,0,0,83,50.1038,-122.9136,Whistler
2012,-1.1,-5.0,-3.1,457,370,0,1889,0,13,266,0,0,84,50.1038,-122.9136,Whistler
2013,-1.4,-5.2,-3.3,449,390,0,1912,0,12,285,0,0,84,50.1038,-122.9136,Whistler
2014,-1.0,-5.0,-3.0,338,373,3,1879,0,14,212,0,0,84,50.1038,-122.9136,Whistler
2015,1.7,-3.2,-0.7,573,240,7,1684,0,22,203,14,0,81,50.1038,-122.9136,Whistler
2016,-0.1,-4.0,-2.1,625,314,0,1806,0,17,301,0,0,84,50.1038,-122.9136,Whistler
2017,-3.0,-7.2,-5.1,380,529,0,2077,0,6,301,0,0,82,50.1038,-122.9136,Whistler
2018,-1.3,-4.8,-3.0,505,369,0,1882,0,14,262,0,0,85,50.1038,-122.9136,Whistler
2019,-1.5,-6.2,-3.9,402,431,2,1952,0,11,204,0,0,80,50.1038,-122.9136,Whistler
