Year,Resort,Province/State,Latitude,Longitude,Elevation,MAT,MWMT,MCMT,TD,MAP,MSP,AHM,SHM,DD_0,DD5,DD_18,DD18,NFFD,bFFP,eFFP,FFP,PAS,EMT,EXT,MAR,Eref,CMD,RH
1901,Big White,British Columbia,49.7356,-118.9508,1931,1,13.3,-9.2,22.5,882,310,12.5,42.9,1121,633,6174,5,120,153,240,86,525,-39.1,29.7,-9999,434,163,65
1902,Big White,British Columbia,49.7356,-118.9508,1931,0.2,10.1,-9,19.1,1075,389,9.5,26.1,1213,454,6483,1,102,156,228,72,544,-39.1,29.7,-9999,411,50,66
1903,Big White,British Columbia,49.7356,-118.9508,1931,-0.3,10.3,-12.5,22.8,1024,463,9.4,22.2,1418,529,6666,1,118,184,236,53,611,-39.1,29.7,-9999,390,41,67
1904,Big White,British Columbia,49.7356,-118.9508,1931,0.8,11.7,-9.1,20.8,973,186,11.1,62.9,1160,610,6250,5,112,185,239,54,732,-39.1,29.7,-9999,485,230,64
1905,Big White,British Columbia,49.7356,-118.9508,1931,0.4,11.7,-10.3,22.1,815,359,12.7,32.7,1249,578,6412,4,113,188,255,67,381,-39.1,29.7,-9999,396,131,66
1906,Big White,British Columbia,49.7356,-118.9508,1931,1.2,14.5,-7.1,21.7,939,267,12,54.3,1110,683,6106,9,124,167,243,76,466,-39.1,29.7,-9999,479,223,66
1907,Big White,British Columbia,49.7356,-118.9508,1931,-0.4,11,-17.1,28.1,1047,462,9.2,23.8,1465,488,6691,0,114,177,249,72,694,-39.1,29.7,-9999,398,68,65
1908,Big White,British Columbia,49.7356,-118.9508,1931,0.3,11.9,-9.6,21.5,806,274,12.8,43.4,1279,584,6441,4,112,181,239,58,521,-39.1,29.7,-9999,420,150,64
1909,Big White,British Columbia,49.7356,-118.9508,1931,-0.6,10,-14.9,24.9,1035,395,9.1,25.3,1559,534,6760,1,114,179,256,77,603,-39.1,29.7,-9999,410,56,65
1910,Big White,British Columbia,49.7356,-118.9508,1931,0.7,11.4,-11.6,22.9,831,240,12.9,47.2,1154,537,6277,1,115,178,243,65,403,-39.1,29.7,-9999,478,192,65
1911,Big White,British Columbia,49.7356,-118.9508,1931,-1.2,10.9,-13.6,24.5,961,336,9.1,32.3,1678,490,6992,0,102,182,243,61,588,-39.1,29.7,-9999,405,110,63
1912,Big White,British Columbia,49.7356,-118.9508,1931,-0.5,9.2,-10.9,20.2,863,288,11.1,32,1404,452,6724,1,110,174,223,50,575,-39.1,29.7,-9999,364,82,67
1913,Big White,British Columbia,49.7356,-118.9508,1931,-0.9,10.7,-12.9,23.6,830,408,11,26.2,1584,491,6869,1,107,178,230,52,519,-39.1,29.7,-9999,375,68,65
1914,Big White,British Columbia,49.7356,-118.9508,1931,0.8,11.9,-11.3,23.2,854,267,12.6,44.5,1189,616,6258,3,124,177,244,68,339,-39.1,29.7,-9999,472,217,66
1915,Big White,British Columbia,49.7356,-118.9508,1931,0.9,13.4,-9.8,23.3,903,398,12.1,33.7,1132,602,6224,5,124,170,235,65,366,-39.1,29.7,-9999,451,85,67
1916,Big White,British Columbia,49.7356,-118.9508,1931,-1.4,10.7,-19,29.7,855,308,10,34.6,1758,483,7075,1,100,193,240,47,616,-39.1,29.7,-9999,404,104,63
1917,Big White,British Columbia,49.7356,-118.9508,1931,0,12.4,-11,23.5,902,256,11.1,48.7,1438,655,6541,6,115,164,245,82,564,-39.1,29.7,-9999,439,188,65
1918,Big White,British Columbia,49.7356,-118.9508,1931,0.8,11.7,-10.2,21.9,863,229,12.5,51.1,1233,667,6249,5,125,190,251,62,561,-39.1,29.7,-9999,431,179,65
1919,Big White,British Columbia,49.7356,-118.9508,1931,-0.1,12.2,-10.3,22.5,885,210,11.2,58.2,1425,637,6573,5,105,176,250,74,573,-39.1,29.7,-9999,420,225,64
1920,Big White,British Columbia,49.7356,-118.9508,1931,0.3,12.9,-8.2,21.1,819,267,12.6,48.3,1267,608,6437,6,110,180,246,66,446,-39.1,29.7,-9999,397,197,67
1921,Big White,British Columbia,49.7356,-118.9508,1931,0.2,11.1,-10.6,21.7,881,221,11.6,50.2,1313,565,6477,3,115,174,230,56,600,-39.1,29.7,-9999,420,200,66
1922,Big White,British Columbia,49.7356,-118.9508,1931,-0.6,11.9,-13.9,25.8,817,199,11.5,59.9,1733,723,6758,6,120,189,252,64,530,-39.1,29.7,-9999,453,243,63
1923,Big White,British Columbia,49.7356,-118.9508,1931,0.6,12.3,-11,23.3,973,436,10.9,28.3,1256,651,6307,5,118,176,238,62,496,-39.1,29.7,-9999,430,117,64
1924,Big White,British Columbia,49.7356,-118.9508,1931,0.7,12.3,-11.9,24.3,773,201,13.8,61.5,1339,687,6325,5,122,165,248,83,399,-39.1,29.7,-9999,457,235,64
1925,Big White,British Columbia,49.7356,-118.9508,1931,1.6,13.1,-8.4,21.5,757,182,15.4,72.2,990,673,5960,4,124,171,247,76,550,-39.1,29.7,-9999,495,248,65
1926,Big White,British Columbia,49.7356,-118.9508,1931,1.5,13.2,-8.1,21.3,893,274,12.8,48.3,989,635,6025,5,121,181,219,38,430,-39.1,29.7,-9999,480,182,66
1927,Big White,British Columbia,49.7356,-118.9508,1931,-0.2,11.7,-12.6,24.3,1174,414,8.3,28.3,1494,629,6634,3,126,187,252,65,532,-39.1,29.7,-9999,401,104,68
1928,Big White,British Columbia,49.7356,-118.9508,1931,1,12.5,-8.1,20.6,701,229,15.6,54.4,1215,692,6200,6,121,157,241,84,710,-39.1,29.7,-9999,451,237,64
1929,Big White,British Columbia,49.7356,-118.9508,1931,-0.3,12,-14.2,26.3,711,186,13.6,64.6,1540,607,6661,4,110,176,234,59,425,-39.1,29.7,-9999,438,230,62
1930,Big White,British Columbia,49.7356,-118.9508,1931,0,12,-18.5,30.5,721,219,13.8,55,1490,647,6572,5,117,192,250,59,510,-39.1,29.7,-9999,471,198,65
1931,Big White,British Columbia,49.7356,-118.9508,1931,0.9,12,-8.3,20.3,757,275,14.4,43.6,1141,633,6208,5,120,177,248,71,271,-39.1,29.7,-9999,484,243,66
1932,Big White,British Columbia,49.7356,-118.9508,1931,-0.1,11.2,-11.3,22.5,958,195,10.4,57.7,1425,574,6577,2,113,182,233,52,648,-39.1,29.7,-9999,429,211,64
1933,Big White,British Columbia,49.7356,-118.9508,1931,0.3,12.4,-12.4,24.8,1063,251,9.7,49.5,1288,601,6444,4,110,188,241,53,629,-39.1,29.7,-9999,428,211,64
1934,Big White,British Columbia,49.7356,-118.9508,1931,1.8,11.4,-7.8,19.2,846,228,14,50,937,643,5894,4,124,174,238,64,546,-39.1,29.7,-9999,507,273,64
1935,Big White,British Columbia,49.7356,-118.9508,1931,-0.2,10.3,-10.5,20.8,868,284,11.3,36.4,1382,521,6620,3,102,183,246,63,662,-39.1,29.7,-9999,422,132,64
1936,Big White,British Columbia,49.7356,-118.9508,1931,-0.1,12,-18.4,30.4,904,331,11,36.2,1529,683,6546,4,120,159,231,71,562,-39.1,29.7,-9999,452,143,63
1937,Big White,British Columbia,49.7356,-118.9508,1931,-0.4,12.3,-18.6,30.8,1246,278,7.7,44.3,1630,652,6675,4,120,179,248,68,707,-39.1,29.7,-9999,441,151,64
1938,Big White,British Columbia,49.7356,-118.9508,1931,1.1,13.1,-8.7,21.8,919,189,12,69.2,1257,780,6157,8,125,183,262,79,611,-39.1,29.7,-9999,475,262,63
1939,Big White,British Columbia,49.7356,-118.9508,1931,1.2,12.2,-11.5,23.7,770,220,14.5,55.5,1073,638,6109,5,119,176,245,69,561,-39.1,29.7,-9999,485,262,64
1940,Big White,British Columbia,49.7356,-118.9508,1931,1.8,12.5,-7.5,20,907,218,13,57.5,1073,811,5888,9,139,166,267,101,473,-39.1,29.7,-9999,513,231,66
1941,Big White,British Columbia,49.7356,-118.9508,1931,1.5,13.1,-6.4,19.5,1030,563,11.2,23.3,948,617,5997,6,125,172,235,62,414,-39.1,29.7,-9999,459,59,66
1942,Big White,British Columbia,49.7356,-118.9508,1931,0.6,12,-9.1,21.2,890,381,11.9,31.6,1241,640,6328,6,114,180,242,62,510,-39.1,29.7,-9999,469,125,64
1943,Big White,British Columbia,49.7356,-118.9508,1931,-0.1,11.4,-14.9,26.3,708,201,14,56.9,1420,570,6588,4,102,200,235,35,542,-39.1,29.7,-9999,478,214,62
1944,Big White,British Columbia,49.7356,-118.9508,1931,0.5,11.6,-9.2,20.9,920,340,11.4,34.3,1313,625,6379,4,121,184,249,65,438,-39.1,29.7,-9999,440,123,63
1945,Big White,British Columbia,49.7356,-118.9508,1931,0.3,12.3,-7.9,20.2,983,203,10.4,60.7,1320,623,6450,6,105,170,231,60,535,-39.1,29.7,-9999,450,239,64
1946,Big White,British Columbia,49.7356,-118.9508,1931,0.3,11,-8,19,863,258,11.9,42.8,1278,563,6454,3,103,179,245,66,619,-39.1,29.7,-9999,419,197,62
1947,Big White,British Columbia,49.7356,-118.9508,1931,0.7,10.9,-10.1,21,849,278,12.6,39.2,1167,544,6301,2,116,174,247,73,505,-39.1,29.7,-9999,420,164,64
1948,Big White,British Columbia,49.7356,-118.9508,1931,-0.6,9.6,-12.1,21.8,1019,432,9.2,22.3,1535,522,6772,2,113,167,240,73,569,-39.1,29.7,5.9,405,29,64
1949,Big White,British Columbia,49.7356,-118.9508,1931,-0.5,10.4,-15.8,26.1,880,208,10.8,49.7,1565,562,6713,2,110,167,245,78,557,-39.1,29.7,11.3,459,212,61
1950,Big White,British Columbia,49.7356,-118.9508,1931,-0.8,11.2,-21.7,32.9,952,200,9.7,56.3,1695,625,6835,4,111,192,241,49,655,-39.1,29.7,11.1,435,217,64
1951,Big White,British Columbia,49.7356,-118.9508,1931,-0.7,11.8,-12.4,24.3,1098,207,8.4,57.2,1612,581,6819,3,107,167,241,74,735,-39.1,29.7,13.8,432,207,63
1952,Big White,British Columbia,49.7356,-118.9508,1931,0.5,11.4,-11.9,23.3,644,197,16.2,57.8,1344,650,6379,4,112,181,250,68,755,-39.1,29.7,15.5,452,244,62
1953,Big White,British Columbia,49.7356,-118.9508,1931,1.2,10.9,-6,16.9,1029,356,10.9,30.5,970,536,6114,3,117,178,242,64,478,-39.1,29.7,10.2,406,116,66
1954,Big White,British Columbia,49.7356,-118.9508,1931,0,9.6,-11.3,20.9,938,428,10.6,22.4,1244,413,6574,1,107,164,251,87,548,-39.1,29.7,10.9,359,26,67
1955,Big White,British Columbia,49.7356,-118.9508,1931,-1.5,10.6,-10.6,21.2,986,266,8.7,39.9,1758,507,7082,2,102,181,236,55,482,-39.1,29.7,13.1,401,117,65
1956,Big White,British Columbia,49.7356,-118.9508,1931,-0.1,11.8,-12.4,24.2,852,270,11.7,43.9,1437,620,6563,4,112,181,245,64,701,-39.1,29.7,17.2,432,177,64
1957,Big White,British Columbia,49.7356,-118.9508,1931,-0.5,9.5,-16.5,26,858,263,11.1,36,1528,515,6716,2,116,154,247,93,590,-39.1,29.7,9.5,391,128,64
1958,Big White,British Columbia,49.7356,-118.9508,1931,1.9,13.7,-5.9,19.7,1074,254,11.1,54.1,1048,844,5845,11,136,152,242,90,511,-39.1,29.7,11.7,479,226,66
1959,Big White,British Columbia,49.7356,-118.9508,1931,-0.2,11.6,-9.3,20.9,999,331,9.8,34.9,1312,490,6621,3,111,189,246,57,748,-39.1,29.7,10.4,390,151,67
1960,Big White,British Columbia,49.7356,-118.9508,1931,0.3,14,-10.6,24.6,771,222,13.4,63,1331,645,6427,5,116,186,235,49,513,-39.1,29.7,14,429,225,65
1961,Big White,British Columbia,49.7356,-118.9508,1931,1,13.3,-8.7,22,964,319,11.4,41.7,1207,745,6207,9,120,169,227,58,534,-39.1,29.7,15,430,143,66
1962,Big White,British Columbia,49.7356,-118.9508,1931,0.6,10.3,-10.1,20.4,873,266,12.1,38.7,1168,513,6350,2,114,182,239,57,669,-39.1,29.7,11.6,453,125,66
1963,Big White,British Columbia,49.7356,-118.9508,1931,1.1,11.6,-11.4,23,944,301,11.8,38.5,1159,653,6160,5,130,181,264,83,442,-39.1,29.7,14.4,421,121,66
1964,Big White,British Columbia,49.7356,-118.9508,1931,-0.4,10.7,-11.3,22,1036,447,9.3,23.9,1363,436,6697,1,107,181,234,53,581,-39.1,29.7,8.7,381,36,67
1965,Big White,British Columbia,49.7356,-118.9508,1931,0.5,12,-7.4,19.3,905,269,11.6,44.4,1240,599,6384,5,113,190,222,32,655,-39.1,29.7,15.4,411,142,66
1966,Big White,British Columbia,49.7356,-118.9508,1931,0.8,10.2,-8.8,18.9,922,264,11.8,38.5,1119,560,6248,4,119,175,263,88,501,-39.1,29.7,13.3,410,125,66
1967,Big White,British Columbia,49.7356,-118.9508,1931,1.5,14.1,-8.5,22.7,886,139,13,101.4,1160,833,6020,12,130,177,262,85,585,-39.1,29.7,17.2,466,306,65
1968,Big White,British Columbia,49.7356,-118.9508,1931,0.3,11.7,-11.2,22.9,977,369,10.5,31.8,1241,517,6464,1,115,182,250,68,568,-39.1,29.7,9.5,392,78,67
1969,Big White,British Columbia,49.7356,-118.9508,1931,0.1,11,-16.3,27.3,874,242,11.6,45.3,1464,651,6510,4,125,175,256,81,693,-39.1,29.7,15.1,439,240,64
1970,Big White,British Columbia,49.7356,-118.9508,1931,0.3,12.6,-9.6,22.3,848,188,12.1,67.1,1364,694,6459,7,110,183,225,42,504,-39.1,29.7,17.6,424,236,64
1971,Big White,British Columbia,49.7356,-118.9508,1931,-0.2,14,-12.4,26.4,1203,328,8.2,42.7,1442,621,6610,8,113,165,238,73,787,-39.1,29.7,14.6,390,126,67
1972,Big White,British Columbia,49.7356,-118.9508,1931,-0.6,12,-12.8,24.8,975,351,9.7,34.4,1489,514,6760,2,110,160,231,70,843,-39.1,29.7,12.2,370,102,67
1973,Big White,British Columbia,49.7356,-118.9508,1931,0.5,11.5,-10.4,21.9,995,191,10.5,60.3,1258,616,6375,5,117,175,249,74,499,-39.1,29.7,16.5,428,241,66
1974,Big White,British Columbia,49.7356,-118.9508,1931,0.9,11.1,-9.3,20.4,922,198,11.8,56.1,1147,603,6240,4,117,192,244,52,790,-39.1,29.7,14.6,425,227,66
1975,Big White,British Columbia,49.7356,-118.9508,1931,-0.5,12.9,-11.9,24.9,1081,241,8.8,53.6,1511,558,6734,4,108,180,238,58,727,-39.1,29.7,15.2,403,154,65
1976,Big White,British Columbia,49.7356,-118.9508,1931,0.1,9.6,-7.3,16.9,878,397,11.5,24.3,1206,435,6516,3,112,174,254,80,632,-39.1,29.7,14,362,81,68
1977,Big White,British Columbia,49.7356,-118.9508,1931,0.1,12,-10.1,22.1,926,265,10.9,45.4,1329,568,6534,3,113,190,240,51,451,-39.1,29.7,14.4,450,189,66
1978,Big White,British Columbia,49.7356,-118.9508,1931,-0.2,11.8,-11.8,23.6,958,352,10.2,33.5,1415,548,6643,2,119,182,254,71,743,-39.1,29.7,16.2,386,106,68
1979,Big White,British Columbia,49.7356,-118.9508,1931,0.4,12.5,-15.8,28.3,721,246,14.5,50.7,1415,731,6388,6,125,180,254,74,528,-39.1,29.7,17.5,442,170,63
1980,Big White,British Columbia,49.7356,-118.9508,1931,0.4,10.3,-12,22.3,977,403,10.6,25.4,1236,493,6418,0,125,155,246,91,451,-39.1,29.7,11.9,431,59,68
1981,Big White,British Columbia,49.7356,-118.9508,1931,1.1,13.1,-7.7,20.8,1183,472,9.4,27.8,1010,563,6162,7,124,153,250,97,617,-39.1,29.7,11.5,375,47,70
1982,Big White,British Columbia,49.7356,-118.9508,1931,-0.4,10.1,-9.5,19.6,1239,432,7.8,23.3,1447,532,6687,1,121,185,253,68,757,-39.1,29.7,12.4,382,41,68
1983,Big White,British Columbia,49.7356,-118.9508,1931,0.4,11.5,-13.3,24.8,1319,368,7.9,31.3,1175,480,6410,2,116,175,231,56,783,-39.1,29.7,13.5,383,55,70
1984,Big White,British Columbia,49.7356,-118.9508,1931,-0.4,11.5,-12.8,24.3,1056,338,9.1,34,1381,510,6692,3,105,184,232,48,704,-39.1,29.7,11.7,361,115,69
1985,Big White,British Columbia,49.7356,-118.9508,1931,-0.7,13.9,-9.5,23.4,857,332,10.8,42,1594,603,6803,5,116,168,230,62,568,-39.1,29.7,16.4,394,176,68
1986,Big White,British Columbia,49.7356,-118.9508,1931,0.7,12.9,-8.8,21.7,949,369,11.3,35.1,1136,577,6274,5,125,168,239,72,612,-39.1,29.7,13.9,400,100,69
1987,Big White,British Columbia,49.7356,-118.9508,1931,1.8,11,-8,19,700,226,16.9,48.4,1009,706,5904,5,136,175,254,79,397,-39.1,29.7,17.3,483,193,66
1988,Big White,British Columbia,49.7356,-118.9508,1931,1,10.9,-8.8,19.7,996,353,11.1,30.8,1119,600,6178,3,134,176,246,71,510,-39.1,29.7,14.5,448,85,68
1989,Big White,British Columbia,49.7356,-118.9508,1931,0.7,11.5,-11.7,23.2,877,347,12.2,33,1200,598,6289,2,126,179,246,67,540,-39.1,29.7,14.7,455,78,68
1990,Big White,British Columbia,49.7356,-118.9508,1931,0.6,11.8,-12.2,24.1,1132,469,9.4,25.3,1274,673,6321,6,129,174,257,83,525,-39.1,29.7,12.7,436,109,68
1991,Big White,British Columbia,49.7356,-118.9508,1931,1,12.3,-10.2,22.4,820,294,13.4,41.7,1131,636,6209,6,122,173,256,82,669,-39.1,29.7,12.3,397,112,68
1992,Big White,British Columbia,49.7356,-118.9508,1931,1.7,11.4,-11.2,22.6,960,301,12.2,38,992,679,5929,3,140,168,234,66,303,-39.1,29.7,12.8,461,98,69
1993,Big White,British Columbia,49.7356,-118.9508,1931,0.2,9.9,-11.3,21.1,984,442,10.4,22.3,1307,521,6469,2,134,144,248,104,633,-39.1,29.7,8.5,382,60,70
1994,Big White,British Columbia,49.7356,-118.9508,1931,1.6,13.5,-8.1,21.6,956,252,12.1,53.5,1074,769,5967,9,138,162,261,98,501,-39.1,29.7,16.9,472,164,69
1995,Big White,British Columbia,49.7356,-118.9508,1931,1,11.2,-8,19.2,1085,275,10.1,40.9,1127,599,6195,5,130,167,259,91,624,-39.1,29.7,14.9,402,130,69
1996,Big White,British Columbia,49.7356,-118.9508,1931,-0.5,12,-11.6,23.5,1221,367,7.8,32.6,1507,582,6738,4,114,187,241,55,766,-39.1,29.7,14.4,391,167,69
1997,Big White,British Columbia,49.7356,-118.9508,1931,0.8,11.6,-8.1,19.7,1070,524,10.1,22.2,1152,581,6266,5,133,154,260,106,782,-39.1,29.7,12.9,379,45,70
1998,Big White,British Columbia,49.7356,-118.9508,1931,2.2,14.1,-7.9,22,1089,260,11.2,54.1,1006,896,5739,15,146,157,265,108,550,-39.1,29.7,12.5,492,190,69
1999,Big White,British Columbia,49.7356,-118.9508,1931,1.2,12,-5.8,17.8,1068,373,10.5,32.3,949,530,6119,4,122,190,242,52,676,-39.1,29.7,14.4,381,70,70
2000,Big White,British Columbia,49.7356,-118.9508,1931,0.7,11.2,-8.2,19.4,893,303,12,37.2,1145,572,6282,3,123,184,246,62,565,-39.1,29.7,14.7,443,109,69
2001,Big White,British Columbia,49.7356,-118.9508,1931,1.3,12.7,-7.5,20.2,887,336,12.8,37.9,1054,671,6061,8,130,164,258,94,439,-39.1,29.7,9.6,414,115,69
2002,Big White,British Columbia,49.7356,-118.9508,1931,1.3,12.4,-6.3,18.7,687,202,16.5,61.3,1051,663,6078,6,126,181,249,68,517,-39.1,29.7,15.3,423,235,68
2003,Big White,British Columbia,49.7356,-118.9508,1931,1.9,14,-7,21,830,164,14.3,85.4,1046,840,5864,12,143,174,257,83,446,-39.1,29.7,15.7,447,259,69
2004,Big White,British Columbia,49.7356,-118.9508,1931,2,12.7,-7.4,20.1,1161,457,10.3,27.8,918,732,5816,7,141,174,250,75,494,-39.1,29.7,8.4,456,98,71
2005,Big White,British Columbia,49.7356,-118.9508,1931,1.5,12.2,-7.5,19.7,876,327,13.1,37.2,1023,662,6002,6,142,154,246,92,479,-39.1,29.7,9.3,445,156,71
2006,Big White,British Columbia,49.7356,-118.9508,1931,1.9,13.8,-6.7,20.5,1065,297,11.2,46.4,1008,788,5852,9,145,168,257,89,582,-39.1,29.7,13.7,468,154,70
2007,Big White,British Columbia,49.7356,-118.9508,1931,1.6,14.2,-7.9,22.1,847,308,13.7,46,1041,721,5979,8,140,162,248,87,441,-39.1,29.7,11.4,408,159,72
2008,Big White,British Columbia,49.7356,-118.9508,1931,0.8,12.2,-10.5,22.7,922,272,11.8,45,1205,648,6251,4,135,151,248,97,511,-39.1,29.7,9.9,400,120,70
2009,Big White,British Columbia,49.7356,-118.9508,1931,1.3,13.3,-9.3,22.6,822,234,13.7,56.9,1206,812,6085,9,138,170,267,97,549,-39.1,29.7,13.7,420,168,70
2010,Big White,British Columbia,49.7356,-118.9508,1931,1.9,12.3,-6.2,18.5,834,322,14.3,38.2,871,661,5846,7,146,178,261,82,435,-39.1,29.7,8.8,386,133,73
2011,Big White,British Columbia,49.7356,-118.9508,1931,1.2,12.9,-7.9,20.8,873,246,12.8,52.4,1104,680,6118,8,137,167,269,102,604,-39.1,29.7,-9999,392,164,72
2012,Big White,British Columbia,49.7356,-118.9508,1931,1.8,13.2,-7.1,20.3,1337,369,8.8,35.8,1014,766,5909,11,145,170,262,92,610,-39.1,29.7,-9999,438,182,73
2013,Big White,British Columbia,49.7356,-118.9508,1931,2,13.5,-7.7,21.2,990,449,12.1,30,995,799,5827,11,151,155,264,110,559,-39.1,29.7,-9999,407,140,73
2014,Big White,British Columbia,49.7356,-118.9508,1931,1.9,13.9,-9.4,23.4,1006,339,11.8,41.1,1053,824,5860,10,154,156,260,103,477,-39.1,29.7,-9999,409,112,73
2015,Big White,British Columbia,49.7356,-118.9508,1931,3.1,13.5,-6,19.5,930,219,14.1,61.3,772,898,5405,11,165,160,250,90,434,-39.1,29.7,-9999,474,210,73
2016,Big White,British Columbia,49.7356,-118.9508,1931,2.6,13.1,-9.8,22.9,1179,335,10.7,39,812,761,5598,5,169,154,253,99,536,-39.1,29.7,-9999,443,139,74
2017,Big White,British Columbia,49.7356,-118.9508,1931,1.7,14.4,-9,23.4,1058,222,11,64.8,1170,890,5948,14,150,149,263,114,720,-39.1,29.7,-9999,433,256,74
2018,Big White,British Columbia,49.7356,-118.9508,1931,1.9,13.4,-8.4,21.8,1295,270,9.2,49.6,1026,799,5846,8,157,132,255,124,868,-39.1,29.7,-9999,454,197,75
2019,Big White,British Columbia,49.7356,-118.9508,1931,1.2,12.7,-11.7,24.4,853,356,13.1,35.8,1142,708,6095,5,144,148,263,115,406,-39.1,29.7,-9999,375,133,72
1901,Mt Washington,British Columbia,49.7469,-125.2992,1336,3.6,13.2,-3.9,17.1,3054,576,4.4,23,563,763,5252,6,163,161,261,101,1221,-30,29.9,-9999,490,46,68
1902,Mt Washington,British Columbia,49.7469,-125.2992,1336,3.5,11.7,-3.4,15,3291,521,4.1,22.4,568,725,5294,4,158,155,256,101,1181,-30,29.9,-9999,485,17,67
1903,Mt Washington,British Columbia,49.7469,-125.2992,1336,3,12,-4.5,16.5,2776,747,4.7,16.1,664,735,5449,5,154,174,260,85,1240,-30,29.9,-9999,422,40,68
1904,Mt Washington,British Columbia,49.7469,-125.2992,1336,3.6,12.4,-4.6,17,3355,447,4.1,27.8,612,824,5244,7,162,171,267,96,1542,-30,29.9,-9999,520,91,67
1905,Mt Washington,British Columbia,49.7469,-125.2992,1336,3.9,12.5,-2.8,15.3,2718,572,5.1,21.9,493,796,5142,6,157,177,269,92,1007,-30,29.9,-9999,541,71,66
1906,Mt Washington,British Columbia,49.7469,-125.2992,1336,4,13.5,-3.3,16.8,3069,658,4.6,20.5,528,872,5087,10,166,158,269,111,975,-30,29.9,-9999,513,165,67
1907,Mt Washington,British Columbia,49.7469,-125.2992,1336,3.6,12.8,-8,20.8,2837,610,4.8,20.9,672,897,5242,8,160,158,269,110,1346,-30,29.9,-9999,536,28,64
1908,Mt Washington,British Columbia,49.7469,-125.2992,1336,3.3,12.1,-3.8,15.9,3268,610,4.1,19.8,603,742,5373,6,147,178,260,83,1392,-30,29.9,-9999,502,27,66
1909,Mt Washington,British Columbia,49.7469,-125.2992,1336,2.1,10.5,-7.2,17.7,2639,607,4.6,17.2,856,635,5804,3,140,182,270,88,1360,-30,29.9,-9999,410,0,68
1910,Mt Washington,British Columbia,49.7469,-125.2992,1336,3,11.2,-5.4,16.6,2817,497,4.6,22.5,651,692,5453,5,149,172,268,95,1173,-30,29.9,-9999,484,87,68
1911,Mt Washington,British Columbia,49.7469,-125.2992,1336,2.5,12.2,-6.4,18.6,2246,620,5.6,19.6,801,717,5645,5,143,170,265,95,1202,-30,29.9,-9999,435,99,67
1912,Mt Washington,British Columbia,49.7469,-125.2992,1336,3.3,11.3,-3.6,14.9,2754,580,4.8,19.5,578,719,5345,5,159,155,262,106,994,-30,29.9,-9999,471,39,69
1913,Mt Washington,British Columbia,49.7469,-125.2992,1336,2.6,11.9,-6.3,18.2,2638,734,4.8,16.2,733,691,5594,5,152,163,265,102,1236,-30,29.9,-9999,450,0,69
1914,Mt Washington,British Columbia,49.7469,-125.2992,1336,3.8,12,-4.2,16.1,3132,536,4.4,22.3,546,792,5177,5,174,157,275,118,1066,-30,29.9,-9999,486,171,70
1915,Mt Washington,British Columbia,49.7469,-125.2992,1336,4.2,13.7,-3.3,17,2448,281,5.8,48.9,525,910,5021,10,179,153,271,119,685,-30,29.9,-9999,521,189,69
1916,Mt Washington,British Columbia,49.7469,-125.2992,1336,2.3,12.1,-9.4,21.6,2387,356,5.2,34.1,858,703,5723,5,145,171,265,94,1590,-30,29.9,-9999,457,117,68
1917,Mt Washington,British Columbia,49.7469,-125.2992,1336,3,13,-4.8,17.8,2131,447,6.1,29,711,766,5463,6,156,167,275,108,1192,-30,29.9,-9999,446,115,69
1918,Mt Washington,British Columbia,49.7469,-125.2992,1336,3.3,11.4,-4.2,15.6,2875,371,4.6,30.8,625,780,5339,6,160,172,272,100,1351,-30,29.9,-9999,479,105,69
1919,Mt Washington,British Columbia,49.7469,-125.2992,1336,2.7,12,-4.7,16.8,2445,346,5.2,34.8,694,692,5573,5,139,172,267,96,1377,-30,29.9,-9999,471,142,68
1920,Mt Washington,British Columbia,49.7469,-125.2992,1336,3,12.9,-2.8,15.7,2896,843,4.5,15.3,634,725,5475,7,148,184,266,83,874,-30,29.9,-9999,423,45,69
1921,Mt Washington,British Columbia,49.7469,-125.2992,1336,2.8,11.3,-4.5,15.8,2872,727,4.5,15.6,684,674,5522,3,155,170,262,93,1459,-30,29.9,-9999,411,95,69
1922,Mt Washington,British Columbia,49.7469,-125.2992,1336,2.6,12.2,-5.7,17.9,1933,456,6.5,26.8,849,812,5595,8,151,178,272,94,867,-30,29.9,-9999,446,194,67
1923,Mt Washington,British Columbia,49.7469,-125.2992,1336,3.7,12.7,-4.5,17.2,2384,412,5.7,30.9,620,876,5218,8,162,160,266,106,1155,-30,29.9,-9999,511,93,66
1924,Mt Washington,British Columbia,49.7469,-125.2992,1336,3.7,11.8,-4.1,15.9,2491,464,5.5,25.4,587,816,5224,6,171,146,270,124,965,-30,29.9,-9999,476,97,70
1925,Mt Washington,British Columbia,49.7469,-125.2992,1336,4.2,11.9,-2.8,14.7,2236,404,6.4,29.6,458,836,5012,6,177,149,266,117,959,-30,29.9,-9999,489,65,70
1926,Mt Washington,British Columbia,49.7469,-125.2992,1336,4.5,12.2,-2.5,14.7,2611,475,5.6,25.7,402,844,4902,7,187,159,257,97,559,-30,29.9,-9999,533,92,70
1927,Mt Washington,British Columbia,49.7469,-125.2992,1336,3.1,12.6,-4.8,17.4,2751,636,4.7,19.8,702,797,5443,7,160,173,275,102,1228,-30,29.9,-9999,416,50,71
1928,Mt Washington,British Columbia,49.7469,-125.2992,1336,3.9,12.4,-2.3,14.7,2449,396,5.7,31.2,507,807,5136,6,178,146,267,120,953,-30,29.9,-9999,472,111,71
1929,Mt Washington,British Columbia,49.7469,-125.2992,1336,3,12,-5.7,17.7,1737,438,7.5,27.4,705,760,5453,5,159,163,265,102,876,-30,29.9,-9999,436,57,69
1930,Mt Washington,British Columbia,49.7469,-125.2992,1336,3.3,12.8,-7.9,20.7,2187,491,6.1,26,642,766,5373,6,161,174,272,98,858,-30,29.9,-9999,465,92,69
1931,Mt Washington,British Columbia,49.7469,-125.2992,1336,3.8,12,-2.8,14.8,2729,690,5,17.4,528,780,5185,6,172,157,275,118,740,-30,29.9,-9999,469,99,70
1932,Mt Washington,British Columbia,49.7469,-125.2992,1336,3.2,12,-4.9,16.9,2629,461,5,26,657,735,5406,5,169,162,271,109,1159,-30,29.9,-9999,457,88,72
1933,Mt Washington,British Columbia,49.7469,-125.2992,1336,2.9,13.1,-5.4,18.4,2770,787,4.7,16.6,661,718,5477,6,159,176,272,95,1193,-30,29.9,-9999,454,74,71
1934,Mt Washington,British Columbia,49.7469,-125.2992,1336,4.5,12.4,-2.6,15,2816,683,5.2,18.1,414,842,4904,5,190,148,271,122,740,-30,29.9,-9999,518,58,70
1935,Mt Washington,British Columbia,49.7469,-125.2992,1336,3.3,11.4,-4.6,16,2654,441,5,25.8,616,755,5350,6,159,173,271,99,1435,-30,29.9,-9999,467,85,69
1936,Mt Washington,British Columbia,49.7469,-125.2992,1336,3.8,12.8,-6.4,19.2,2181,661,6.3,19.3,636,907,5166,7,180,144,269,125,860,-30,29.9,-9999,492,27,69
1937,Mt Washington,British Columbia,49.7469,-125.2992,1336,3.3,12,-7.8,19.8,2676,600,5,20,699,838,5339,7,172,160,278,118,1119,-30,29.9,-9999,472,80,70
1938,Mt Washington,British Columbia,49.7469,-125.2992,1336,3.9,12.7,-3.4,16.1,2009,258,6.9,49.1,573,895,5131,9,167,170,284,114,879,-30,29.9,-9999,497,224,68
1939,Mt Washington,British Columbia,49.7469,-125.2992,1336,4.2,12.7,-4.2,16.8,3103,536,4.6,23.7,453,822,5012,8,186,162,273,111,890,-30,29.9,-9999,481,40,71
1940,Mt Washington,British Columbia,49.7469,-125.2992,1336,4.8,12.8,-1.2,14,2792,411,5.3,31.1,428,981,4796,11,191,150,287,137,739,-30,29.9,-9999,526,98,70
1941,Mt Washington,British Columbia,49.7469,-125.2992,1336,4.7,13.2,-2.5,15.7,2867,771,5.1,17.1,389,868,4856,8,186,163,272,109,744,-30,29.9,-9999,518,89,70
1942,Mt Washington,British Columbia,49.7469,-125.2992,1336,4,13.4,-2.9,16.3,2204,365,6.3,36.6,567,924,5101,11,171,154,274,121,851,-30,29.9,-9999,486,112,69
1943,Mt Washington,British Columbia,49.7469,-125.2992,1336,3.6,11.7,-6,17.7,2112,418,6.4,28,599,809,5248,7,164,177,276,99,1083,-30,29.9,-9999,484,75,68
1944,Mt Washington,British Columbia,49.7469,-125.2992,1336,4.1,12.2,-2.8,15,2200,282,6.4,43.2,527,892,5065,9,173,165,280,116,747,-30,29.9,-9999,494,202,68
1945,Mt Washington,British Columbia,49.7469,-125.2992,1336,3.3,12,-3,15,3006,457,4.4,26.2,617,759,5347,6,158,150,262,112,1149,-30,29.9,-9999,437,90,68
1946,Mt Washington,British Columbia,49.7469,-125.2992,1336,3.2,12.1,-3.3,15.4,2782,546,4.7,22.1,637,743,5405,6,155,159,272,113,1497,-30,29.9,-9999,466,101,69
1947,Mt Washington,British Columbia,49.7469,-125.2992,1336,3.9,11.8,-4.7,16.5,2818,551,4.9,21.5,547,817,5151,6,177,152,273,122,1026,-30,29.9,-9999,488,45,70
1948,Mt Washington,British Columbia,49.7469,-125.2992,1336,2.8,11.2,-5.6,16.8,2957,739,4.3,15.1,761,778,5519,6,158,159,270,111,1131,-30,29.9,5.5,417,16,69
1949,Mt Washington,British Columbia,49.7469,-125.2992,1336,2.9,11,-7.1,18.2,2470,473,5.2,23.4,764,750,5512,5,155,161,274,113,1349,-30,29.9,6,487,62,66
1950,Mt Washington,British Columbia,49.7469,-125.2992,1336,2.4,12,-11.4,23.4,3359,365,3.7,32.8,861,757,5677,6,148,185,268,83,1747,-30,29.9,5.2,432,100,68
1951,Mt Washington,British Columbia,49.7469,-125.2992,1336,3.1,12.3,-4.9,17.2,2526,311,5.2,39.6,748,828,5439,7,158,162,271,108,1263,-30,29.9,14.6,489,192,68
1952,Mt Washington,British Columbia,49.7469,-125.2992,1336,3.6,12.2,-4.6,16.8,2784,389,4.9,31.4,604,842,5227,8,171,160,280,120,1480,-30,29.9,9.8,460,80,71
1953,Mt Washington,British Columbia,49.7469,-125.2992,1336,4,12.1,-2,14.1,3322,640,4.2,18.9,474,800,5099,7,184,158,277,120,1108,-30,29.9,5.3,445,24,73
1954,Mt Washington,British Columbia,49.7469,-125.2992,1336,3.1,11,-5.6,16.6,3079,562,4.3,19.6,619,679,5418,4,170,154,283,130,1171,-30,29.9,7.2,387,0,73
1955,Mt Washington,British Columbia,49.7469,-125.2992,1336,2.2,10.8,-4.3,15.1,2632,548,4.6,19.7,806,636,5754,4,151,176,273,97,996,-30,29.9,8.4,380,40,71
1956,Mt Washington,British Columbia,49.7469,-125.2992,1336,3.2,12.2,-5.1,17.2,2760,536,4.8,22.7,663,779,5393,7,160,164,274,109,1534,-30,29.9,13.4,470,168,70
1957,Mt Washington,British Columbia,49.7469,-125.2992,1336,3.3,10.9,-6.7,17.6,2863,756,4.7,14.4,671,795,5343,6,172,143,284,142,1295,-30,29.9,10.8,447,0,70
1958,Mt Washington,British Columbia,49.7469,-125.2992,1336,4.9,14.3,-0.9,15.3,3290,477,4.5,30.1,448,1066,4757,15,192,152,275,123,987,-30,29.9,13,519,146,71
1959,Mt Washington,British Columbia,49.7469,-125.2992,1336,3.6,12.2,-2.8,15,2855,640,4.8,19,543,749,5255,5,173,166,275,109,1224,-30,29.9,10.6,444,30,72
1960,Mt Washington,British Columbia,49.7469,-125.2992,1336,3.5,12.5,-3.8,16.3,3001,527,4.5,23.6,570,759,5288,6,176,156,270,114,1261,-30,29.9,9,434,118,73
1961,Mt Washington,British Columbia,49.7469,-125.2992,1336,4,14.1,-3.2,17.3,3510,511,4,27.6,543,913,5094,13,177,151,264,113,1357,-30,29.9,11.3,470,52,73
1962,Mt Washington,British Columbia,49.7469,-125.2992,1336,3.6,10.9,-2.5,13.4,3182,673,4.3,16.1,508,714,5230,4,178,161,277,116,1155,-30,29.9,8.5,434,25,73
1963,Mt Washington,British Columbia,49.7469,-125.2992,1336,4.1,12.4,-3.7,16.1,3176,615,4.4,20.2,497,830,5077,8,183,158,290,132,993,-30,29.9,11.6,451,13,73
1964,Mt Washington,British Columbia,49.7469,-125.2992,1336,2.6,10.5,-5.1,15.6,2953,730,4.3,14.4,697,636,5592,3,159,174,269,96,1189,-30,29.9,7.6,367,0,73
1965,Mt Washington,British Columbia,49.7469,-125.2992,1336,3.3,12,-3.8,15.9,2738,341,4.9,35.3,605,764,5334,6,166,168,265,98,1269,-30,29.9,16.9,457,156,71
1966,Mt Washington,British Columbia,49.7469,-125.2992,1336,3.6,11.7,-3.4,15.1,3044,448,4.5,26.2,529,741,5253,6,170,169,283,114,1184,-30,29.9,8.8,433,36,72
1967,Mt Washington,British Columbia,49.7469,-125.2992,1336,4,14.3,-3,17.3,2984,302,4.7,47.5,583,974,5084,15,181,155,283,128,1335,-30,29.9,14.4,440,202,72
1968,Mt Washington,British Columbia,49.7469,-125.2992,1336,3.3,12.3,-5.3,17.6,3589,643,3.7,19.1,599,736,5339,6,169,157,277,120,1183,-30,29.9,9.1,393,0,72
1969,Mt Washington,British Columbia,49.7469,-125.2992,1336,3.2,11.1,-8.8,19.9,2927,597,4.5,18.6,707,806,5387,5,175,153,277,124,1723,-30,29.9,12.5,459,54,71
1970,Mt Washington,British Columbia,49.7469,-125.2992,1336,3.2,11.5,-4,15.4,2264,368,5.8,31.2,586,692,5386,3,160,165,260,96,810,-30,29.9,13.8,440,88,70
1971,Mt Washington,British Columbia,49.7469,-125.2992,1336,2.6,12.5,-6.2,18.7,3226,541,3.9,23.1,750,712,5596,6,158,167,265,98,1582,-30,29.9,10.7,430,52,72
1972,Mt Washington,British Columbia,49.7469,-125.2992,1336,2.7,12.4,-6.4,18.8,2633,547,4.8,22.7,751,722,5574,5,157,148,259,112,1651,-30,29.9,12.4,407,80,71
1973,Mt Washington,British Columbia,49.7469,-125.2992,1336,2.9,10.5,-4.2,14.7,2956,565,4.4,18.6,646,653,5508,4,160,163,278,115,1181,-30,29.9,11.6,425,48,72
1974,Mt Washington,British Columbia,49.7469,-125.2992,1336,3.3,12,-4.6,16.6,3412,498,3.9,24.1,604,752,5347,7,168,167,281,115,1850,-30,29.9,12.4,436,92,72
1975,Mt Washington,British Columbia,49.7469,-125.2992,1336,2.6,11.9,-4.9,16.8,3441,554,3.7,21.5,744,697,5602,5,158,163,272,109,1358,-30,29.9,15.7,386,116,72
1976,Mt Washington,British Columbia,49.7469,-125.2992,1336,3.3,10.4,-3,13.3,2446,616,5.4,16.9,550,655,5364,4,172,161,284,124,1549,-30,29.9,4.1,406,0,74
1977,Mt Washington,British Columbia,49.7469,-125.2992,1336,3.4,13.7,-3.9,17.6,2857,574,4.7,23.9,602,753,5338,7,170,169,273,104,790,-30,29.9,14.6,445,25,73
1978,Mt Washington,British Columbia,49.7469,-125.2992,1336,3.5,12.4,-4.5,16.9,2547,667,5.3,18.5,620,814,5282,7,175,167,275,108,1257,-30,29.9,14.6,439,125,73
1979,Mt Washington,British Columbia,49.7469,-125.2992,1336,3.7,12.5,-5.6,18.1,2921,646,4.7,19.4,597,852,5199,8,179,149,285,136,1188,-30,29.9,18.4,437,0,73
1980,Mt Washington,British Columbia,49.7469,-125.2992,1336,3.6,11.1,-5.4,16.5,3140,686,4.3,16.2,560,741,5255,4,186,149,280,131,1147,-30,29.9,10.7,428,0,75
1981,Mt Washington,British Columbia,49.7469,-125.2992,1336,4,13.2,-3,16.2,3369,850,4.2,15.6,445,785,5086,8,185,143,280,137,1001,-30,29.9,11.5,456,4,74
1982,Mt Washington,British Columbia,49.7469,-125.2992,1336,3.1,11.4,-4.8,16.2,3089,370,4.2,30.7,698,796,5423,6,165,166,278,112,1452,-30,29.9,16.8,402,61,72
1983,Mt Washington,British Columbia,49.7469,-125.2992,1336,3.7,12.2,-5.7,17.9,3525,587,3.9,20.8,529,743,5207,4,183,148,268,120,1306,-30,29.9,14.6,465,13,73
1984,Mt Washington,British Columbia,49.7469,-125.2992,1336,2.9,11.4,-5.1,16.5,3348,662,3.9,17.2,606,636,5491,4,164,163,266,103,1222,-30,29.9,9.3,431,67,74
1985,Mt Washington,British Columbia,49.7469,-125.2992,1336,2.9,13.7,-2.8,16.6,1793,323,7.2,42.5,724,785,5480,8,164,148,264,116,1107,-30,29.9,15.7,453,172,72
1986,Mt Washington,British Columbia,49.7469,-125.2992,1336,3.9,13.9,-3.6,17.5,3142,601,4.4,23.1,495,793,5126,8,187,152,273,121,1073,-30,29.9,10.9,450,80,74
1987,Mt Washington,British Columbia,49.7469,-125.2992,1336,4.5,12.3,-3.2,15.5,2805,536,5.2,23,445,888,4926,8,195,152,284,132,1087,-30,29.9,16.4,464,58,73
1988,Mt Washington,British Columbia,49.7469,-125.2992,1336,4,12.2,-2.7,14.9,3002,590,4.7,20.7,483,790,5112,6,188,151,278,127,1059,-30,29.9,10,432,29,74
1989,Mt Washington,British Columbia,49.7469,-125.2992,1336,3.9,11.4,-5.3,16.7,2508,518,5.6,22.1,549,848,5113,7,190,157,278,121,1080,-30,29.9,18.3,460,24,73
1990,Mt Washington,British Columbia,49.7469,-125.2992,1336,3.8,13.3,-4.9,18.2,3150,496,4.4,26.9,605,921,5152,13,182,146,282,136,893,-30,29.9,15.1,468,133,73
1991,Mt Washington,British Columbia,49.7469,-125.2992,1336,4.1,12.2,-3.2,15.4,2840,560,5,21.8,474,816,5072,8,184,152,279,127,1172,-30,29.9,13.2,462,43,73
1992,Mt Washington,British Columbia,49.7469,-125.2992,1336,4.8,12.8,-4,16.8,2939,417,5,30.8,425,948,4814,9,202,146,271,124,839,-30,29.9,14.1,517,107,73
1993,Mt Washington,British Columbia,49.7469,-125.2992,1336,4,11.8,-4.9,16.7,2576,746,5.4,15.9,542,843,5105,6,192,125,277,152,994,-30,29.9,14.4,462,57,73
1994,Mt Washington,British Columbia,49.7469,-125.2992,1336,4.2,13.1,-3,16.2,3115,501,4.6,26.2,523,930,5008,11,187,141,284,144,936,-30,29.9,13.3,465,90,73
1995,Mt Washington,British Columbia,49.7469,-125.2992,1336,4.4,12,-2.1,14.1,3573,546,4,21.9,450,893,4941,8,189,148,285,137,1356,-30,29.9,15.5,480,0,72
1996,Mt Washington,British Columbia,49.7469,-125.2992,1336,3.2,12.4,-4.9,17.3,3093,485,4.3,25.7,633,753,5397,7,168,155,268,113,1279,-30,29.9,12.9,433,58,73
1997,Mt Washington,British Columbia,49.7469,-125.2992,1336,4.2,13.2,-2.5,15.7,3727,1088,3.8,12.1,479,869,5028,9,188,145,282,138,1516,-30,29.9,11.8,457,0,73
1998,Mt Washington,British Columbia,49.7469,-125.2992,1336,4.6,13.5,-3,16.5,3329,370,4.4,36.4,487,1014,4871,14,191,148,281,133,995,-30,29.9,15.8,523,107,72
1999,Mt Washington,British Columbia,49.7469,-125.2992,1336,3.4,12.2,-2.8,15,3588,506,3.7,24.1,543,711,5329,6,168,178,270,93,1782,-30,29.9,12.1,441,47,73
2000,Mt Washington,British Columbia,49.7469,-125.2992,1336,3.7,11.4,-3.4,14.9,2272,543,6,21.1,544,778,5223,6,177,162,277,115,1002,-30,29.9,13.6,438,12,73
2001,Mt Washington,British Columbia,49.7469,-125.2992,1336,3.6,11.8,-3,14.8,2711,496,5,23.8,511,731,5241,5,176,157,281,124,772,-30,29.9,10.5,429,62,74
2002,Mt Washington,British Columbia,49.7469,-125.2992,1336,3.9,12.6,-2.3,14.9,2610,327,5.3,38.5,508,830,5122,7,177,168,272,104,1208,-30,29.9,17.6,478,112,72
2003,Mt Washington,British Columbia,49.7469,-125.2992,1336,4.2,12.6,-2.4,15,3140,339,4.5,37.1,515,917,5029,10,185,158,280,122,1165,-30,29.9,13.5,474,156,72
2004,Mt Washington,British Columbia,49.7469,-125.2992,1336,4.9,13.5,-1.9,15.3,2939,633,5.1,21.3,394,972,4756,11,199,150,275,125,879,-30,29.9,15.3,522,61,73
2005,Mt Washington,British Columbia,49.7469,-125.2992,1336,4.5,12.9,-1.7,14.6,3174,711,4.6,18.2,427,866,4920,8,200,133,274,141,837,-30,29.9,13.8,466,13,74
2006,Mt Washington,British Columbia,49.7469,-125.2992,1336,4,12.4,-3,15.4,3442,324,4.1,38.3,546,889,5103,9,182,147,276,130,1277,-30,29.9,17.3,467,147,72
2007,Mt Washington,British Columbia,49.7469,-125.2992,1336,3.6,12.5,-3.9,16.3,3660,771,3.7,16.2,546,763,5246,6,184,151,274,123,1546,-30,29.9,7.1,411,0,77
2008,Mt Washington,British Columbia,49.7469,-125.2992,1336,3.2,11.4,-4.4,15.9,2606,540,5.1,21.2,637,739,5396,6,178,141,279,138,1282,-30,29.9,9.2,386,14,76
2009,Mt Washington,British Columbia,49.7469,-125.2992,1336,3.7,13.7,-3.9,17.5,2662,552,5.2,24.8,624,922,5192,11,176,158,280,121,938,-30,29.9,14.5,464,95,73
2010,Mt Washington,British Columbia,49.7469,-125.2992,1336,4.2,12.5,-1.9,14.5,3546,567,4,22.1,437,823,5018,8,196,155,286,131,1079,-30,29.9,13.1,445,118,76
2011,Mt Washington,British Columbia,49.7469,-125.2992,1336,3.3,12.4,-3.5,15.9,2972,642,4.5,19.3,600,764,5341,8,178,153,287,134,1538,-30,29.9,-9999,364,83,76
2012,Mt Washington,British Columbia,49.7469,-125.2992,1336,3.9,13.2,-2.7,15.9,3325,403,4.2,32.8,532,868,5122,11,189,149,281,131,1347,-30,29.9,-9999,444,163,76
2013,Mt Washington,British Columbia,49.7469,-125.2992,1336,4.5,13.1,-2.4,15.5,2167,773,6.7,16.9,465,937,4921,10,198,137,285,148,937,-30,29.9,-9999,469,101,75
2014,Mt Washington,British Columbia,49.7469,-125.2992,1336,4.8,14,-3.9,17.9,2944,406,5,34.5,490,1065,4807,15,206,124,290,166,862,-30,29.9,-9999,464,105,75
2015,Mt Washington,British Columbia,49.7469,-125.2992,1336,5.5,13.7,-2,15.8,2522,384,6.2,35.8,367,1108,4546,13,219,133,282,149,630,-30,29.9,-9999,539,230,74
2016,Mt Washington,British Columbia,49.7469,-125.2992,1336,4.9,13.5,-4.5,18,3668,527,4.1,25.7,426,983,4759,9,219,136,281,145,937,-30,29.9,-9999,497,59,77
2017,Mt Washington,British Columbia,49.7469,-125.2992,1336,4.2,14.6,-3.5,18.1,2684,384,5.3,38.1,568,1001,5017,16,191,132,286,153,1285,-30,29.9,-9999,466,158,74
2018,Mt Washington,British Columbia,49.7469,-125.2992,1336,4.7,13.8,-2.7,16.5,2792,584,5.3,23.6,476,1012,4852,13,198,131,281,150,737,-30,29.9,-9999,489,238,73
2019,Mt Washington,British Columbia,49.7469,-125.2992,1336,4.5,13.3,-5.5,18.8,2130,544,6.8,24.5,487,982,4893,10,195,135,283,148,681,-30,29.9,-9999,497,155,73
1901,Whistler,British Columbia,50.1038,-122.9136,1480,2.6,12.4,-5.9,18.3,1513,334,8.3,37.1,738,656,5620,5,145,153,250,97,708,-34,28.5,-9999,430,108,68
1902,Whistler,British Columbia,50.1038,-122.9136,1480,1.9,10.8,-5.6,16.4,1602,319,7.4,33.7,836,557,5866,3,127,163,243,80,779,-34,28.5,-9999,458,139,66
1903,Whistler,British Columbia,50.1038,-122.9136,1480,1.8,10.6,-6.9,17.5,1525,583,7.7,18.1,885,607,5890,4,138,183,253,70,725,-34,28.5,-9999,393,25,67
1904,Whistler,British Columbia,50.1038,-122.9136,1480,2.5,11.2,-7.5,18.8,1409,258,8.9,43.6,794,698,5638,6,139,180,255,75,880,-34,28.5,-9999,506,162,66
1905,Whistler,British Columbia,50.1038,-122.9136,1480,2.4,12.1,-5.8,17.8,1237,473,10,25.5,763,660,5681,5,134,187,264,77,458,-34,28.5,-9999,480,114,66
1906,Whistler,British Columbia,50.1038,-122.9136,1480,2.6,13.5,-5,18.4,1523,400,8.3,33.7,764,713,5611,8,141,167,259,92,643,-34,28.5,-9999,478,221,67
1907,Whistler,British Columbia,50.1038,-122.9136,1480,1.6,11.5,-13.6,25.1,1358,391,8.6,29.3,1033,647,5964,3,138,171,260,89,887,-34,28.5,-9999,468,139,66
1908,Whistler,British Columbia,50.1038,-122.9136,1480,1.9,11.7,-5.5,17.2,1622,300,7.4,39,830,606,5851,4,130,182,248,67,751,-34,28.5,-9999,448,113,67
1909,Whistler,British Columbia,50.1038,-122.9136,1480,0.7,9.5,-10.6,20.1,1483,344,7.2,27.7,1142,524,6289,3,126,186,263,77,981,-34,28.5,-9999,386,86,68
1910,Whistler,British Columbia,50.1038,-122.9136,1480,2.2,11,-8.3,19.2,1610,330,7.5,33.3,791,590,5759,3,141,173,261,87,644,-34,28.5,-9999,452,114,68
1911,Whistler,British Columbia,50.1038,-122.9136,1480,1,11.1,-9.9,21,1278,432,8.6,25.6,1091,565,6196,1,127,173,257,84,695,-34,28.5,-9999,394,125,68
1912,Whistler,British Columbia,50.1038,-122.9136,1480,1.9,10.1,-6.5,16.6,1276,386,9.3,26.1,820,557,5871,1,138,163,247,84,596,-34,28.5,-9999,383,107,69
1913,Whistler,British Columbia,50.1038,-122.9136,1480,0.9,10.4,-9.7,20.1,1447,525,7.6,19.8,1070,527,6210,2,133,172,256,84,764,-34,28.5,-9999,409,29,69
1914,Whistler,British Columbia,50.1038,-122.9136,1480,2.4,10.8,-6.6,17.4,1613,402,7.7,26.8,767,634,5661,4,151,168,265,97,523,-34,28.5,-9999,451,195,69
1915,Whistler,British Columbia,50.1038,-122.9136,1480,3.1,12.5,-5,17.5,1194,193,11,64.7,680,747,5428,7,162,161,259,98,266,-34,28.5,-9999,457,191,70
1916,Whistler,British Columbia,50.1038,-122.9136,1480,0.5,10.7,-14.7,25.5,1283,240,8.2,44.6,1260,547,6382,3,129,178,258,80,982,-34,28.5,-9999,419,115,69
1917,Whistler,British Columbia,50.1038,-122.9136,1480,1.8,12,-7.8,19.9,1318,356,9,33.8,966,678,5885,6,147,167,267,100,681,-34,28.5,-9999,418,124,69
1918,Whistler,British Columbia,50.1038,-122.9136,1480,2.5,11.7,-6.6,18.3,1683,286,7.4,40.9,816,758,5627,7,147,177,266,89,935,-34,28.5,-9999,466,197,68
1919,Whistler,British Columbia,50.1038,-122.9136,1480,1.6,11.5,-7.1,18.5,1386,221,8.4,52,933,621,5960,5,125,177,267,90,855,-34,28.5,-9999,454,182,66
1920,Whistler,British Columbia,50.1038,-122.9136,1480,2,12.1,-4.4,16.5,1746,590,6.9,20.5,800,625,5836,5,132,187,259,73,763,-34,28.5,-9999,395,103,69
1921,Whistler,British Columbia,50.1038,-122.9136,1480,1.8,10.3,-7,17.3,1865,502,6.3,20.6,881,560,5916,2,142,168,255,87,959,-34,28.5,-9999,379,117,70
1922,Whistler,British Columbia,50.1038,-122.9136,1480,1.4,11.5,-9.6,21,1262,349,9,32.8,1130,743,6030,6,139,179,269,90,769,-34,28.5,-9999,425,222,67
1923,Whistler,British Columbia,50.1038,-122.9136,1480,2.4,12,-7,19,1358,334,9.2,35.7,835,744,5660,7,147,166,257,92,763,-34,28.5,-9999,459,124,68
1924,Whistler,British Columbia,50.1038,-122.9136,1480,2.4,11.3,-7.1,18.4,1543,367,8.1,30.7,847,713,5676,6,153,156,259,104,690,-34,28.5,-9999,419,201,69
1925,Whistler,British Columbia,50.1038,-122.9136,1480,3.3,12.1,-3.7,15.8,1351,266,9.9,45.3,584,731,5341,6,156,156,260,104,753,-34,28.5,-9999,475,192,69
1926,Whistler,British Columbia,50.1038,-122.9136,1480,3.4,12,-4.9,16.8,1210,281,11.1,42.7,567,710,5322,4,159,169,241,72,364,-34,28.5,-9999,502,147,69
1927,Whistler,British Columbia,50.1038,-122.9136,1480,1.7,12,-8.5,20.5,1563,428,7.5,28.1,1013,717,5939,6,148,175,270,95,789,-34,28.5,-9999,384,119,72
1928,Whistler,British Columbia,50.1038,-122.9136,1480,3.1,12.4,-4.1,16.5,1172,187,11.2,66.3,670,771,5422,7,158,150,260,110,636,-34,28.5,-9999,463,233,69
1929,Whistler,British Columbia,50.1038,-122.9136,1480,1.8,11.6,-9.4,21,978,235,12.1,49.4,977,688,5886,4,146,169,262,93,527,-34,28.5,-9999,409,148,68
1930,Whistler,British Columbia,50.1038,-122.9136,1480,2.2,12,-12.6,24.6,1352,288,9,41.7,877,701,5762,5,149,180,268,88,744,-34,28.5,-9999,443,143,69
1931,Whistler,British Columbia,50.1038,-122.9136,1480,2.9,11.8,-4.1,15.9,1523,391,8.5,30.2,675,699,5493,6,158,164,270,106,481,-34,28.5,-9999,451,198,70
1932,Whistler,British Columbia,50.1038,-122.9136,1480,2.2,11.4,-6.8,18.2,1632,334,7.5,33.9,849,652,5759,5,152,170,264,94,938,-34,28.5,-9999,441,88,71
1933,Whistler,British Columbia,50.1038,-122.9136,1480,1.9,12.4,-8,20.4,1824,471,6.5,26.3,848,631,5841,4,142,185,264,79,819,-34,28.5,-9999,396,142,70
1934,Whistler,British Columbia,50.1038,-122.9136,1480,3.8,11.8,-4.4,16.2,1670,393,8.3,30.1,503,740,5158,5,172,157,263,106,695,-34,28.5,-9999,507,123,69
1935,Whistler,British Columbia,50.1038,-122.9136,1480,2.1,10.4,-7.3,17.7,1546,290,7.8,35.9,830,618,5810,4,139,181,267,87,1068,-34,28.5,-9999,393,124,69
1936,Whistler,British Columbia,50.1038,-122.9136,1480,2.3,11.7,-11.8,23.6,1474,488,8.4,24,909,759,5686,3,159,150,259,109,657,-34,28.5,-9999,458,23,68
1937,Whistler,British Columbia,50.1038,-122.9136,1480,1.8,11.6,-12.4,24.1,1666,388,7.1,30,1034,712,5903,4,155,165,273,109,811,-34,28.5,-9999,392,60,69
1938,Whistler,British Columbia,50.1038,-122.9136,1480,2.7,12.3,-6.7,19,1485,259,8.5,47.4,823,801,5577,8,153,175,280,105,827,-34,28.5,-9999,469,182,68
1939,Whistler,British Columbia,50.1038,-122.9136,1480,3.3,12.3,-7,19.3,1765,379,7.5,32.4,588,721,5343,6,169,163,268,106,660,-34,28.5,-9999,456,95,71
1940,Whistler,British Columbia,50.1038,-122.9136,1480,3.8,12,-3.4,15.4,1500,319,9.2,37.5,625,903,5178,11,174,156,284,129,559,-34,28.5,-9999,478,148,70
1941,Whistler,British Columbia,50.1038,-122.9136,1480,3.5,13,-4.1,17,1690,558,8,23.2,541,720,5297,6,166,165,263,98,473,-34,28.5,-9999,459,78,71
1942,Whistler,British Columbia,50.1038,-122.9136,1480,2.8,13.1,-4.5,17.5,1307,325,9.8,40.3,757,798,5519,10,157,161,266,105,639,-34,28.5,-9999,441,82,70
1943,Whistler,British Columbia,50.1038,-122.9136,1480,2.1,10.8,-10,20.8,1288,249,9.4,43.4,874,669,5787,5,149,178,269,90,822,-34,28.5,-9999,426,108,69
1944,Whistler,British Columbia,50.1038,-122.9136,1480,2.7,11.6,-5.1,16.7,1251,302,10.1,38.4,794,752,5576,7,159,173,273,101,522,-34,28.5,-9999,441,145,70
1945,Whistler,British Columbia,50.1038,-122.9136,1480,2.2,11.9,-4.8,16.7,1593,287,7.7,41.3,842,691,5736,6,149,153,257,104,734,-34,28.5,-9999,401,148,71
1946,Whistler,British Columbia,50.1038,-122.9136,1480,2.2,11.5,-4.9,16.4,1619,327,7.5,35.4,829,662,5756,5,147,162,268,106,953,-34,28.5,-9999,433,143,71
1947,Whistler,British Columbia,50.1038,-122.9136,1480,2.6,10.6,-6.4,17,1746,324,7.2,32.7,748,678,5591,5,159,147,266,119,878,-34,28.5,-9999,432,52,70
1948,Whistler,British Columbia,50.1038,-122.9136,1480,1.3,10.3,-8.5,18.8,1851,519,6.1,19.9,1075,621,6095,4,142,164,260,96,967,-34,28.5,2.5,371,64,71
1949,Whistler,British Columbia,50.1038,-122.9136,1480,1.3,9.9,-10.3,20.1,1598,391,7.1,25.3,1078,612,6070,4,143,163,269,106,855,-34,28.5,4.3,443,50,68
1950,Whistler,British Columbia,50.1038,-122.9136,1480,0.8,11.1,-17.9,29,2032,311,5.3,35.6,1261,678,6259,5,136,186,262,76,1183,-34,28.5,6,401,107,69
1951,Whistler,British Columbia,50.1038,-122.9136,1480,1.6,12.4,-8.5,20.8,1505,230,7.7,53.7,1110,771,5967,7,145,170,268,99,1131,-34,28.5,11.4,465,236,69
1952,Whistler,British Columbia,50.1038,-122.9136,1480,2.4,11.4,-8.1,19.5,1205,300,10.3,38.1,874,747,5692,7,151,164,272,108,836,-34,28.5,8.6,450,103,69
1953,Whistler,British Columbia,50.1038,-122.9136,1480,2.8,10.7,-3.8,14.5,1787,395,7.2,27.1,627,627,5533,5,157,170,266,96,726,-34,28.5,2.5,386,76,72
1954,Whistler,British Columbia,50.1038,-122.9136,1480,1.3,8.8,-9.7,18.4,1968,471,5.7,18.6,922,462,6089,3,142,156,271,115,929,-34,28.5,4.1,353,63,73
1955,Whistler,British Columbia,50.1038,-122.9136,1480,0,9.8,-8.5,18.3,1761,399,5.7,24.5,1282,481,6550,3,125,180,261,81,814,-34,28.5,7.7,353,41,71
1956,Whistler,British Columbia,50.1038,-122.9136,1480,1.6,11.8,-8.5,20.3,1786,463,6.5,25.5,1008,667,5980,6,139,171,264,93,1205,-34,28.5,11.6,443,151,70
1957,Whistler,British Columbia,50.1038,-122.9136,1480,1.5,8.9,-11.5,20.4,1404,419,8.2,21.1,1010,599,6005,4,151,151,273,122,885,-34,28.5,5.4,412,13,70
1958,Whistler,British Columbia,50.1038,-122.9136,1480,3.5,13.9,-2.3,16.2,1542,274,8.8,50.8,675,908,5280,12,165,155,258,104,630,-34,28.5,8.9,445,237,70
1959,Whistler,British Columbia,50.1038,-122.9136,1480,1.6,11.3,-6.2,17.5,1629,436,7.1,25.9,858,532,5958,3,140,180,262,81,930,-34,28.5,5.1,405,76,71
1960,Whistler,British Columbia,50.1038,-122.9136,1480,2.1,12.6,-6.6,19.1,1562,415,7.8,30.3,846,668,5779,5,149,171,259,88,816,-34,28.5,6.6,428,122,70
1961,Whistler,British Columbia,50.1038,-122.9136,1480,2.5,12.5,-5.8,18.3,1909,382,6.6,32.7,796,757,5642,8,148,158,249,91,835,-34,28.5,10.5,454,136,70
1962,Whistler,British Columbia,50.1038,-122.9136,1480,2.5,10.2,-4.6,14.9,1702,473,7.3,21.6,699,578,5666,3,155,172,264,92,857,-34,28.5,5.2,406,81,72
1963,Whistler,British Columbia,50.1038,-122.9136,1480,2.8,11.5,-7.3,18.9,1718,312,7.4,37,724,709,5549,7,163,168,282,114,598,-34,28.5,10.5,411,65,72
1964,Whistler,British Columbia,50.1038,-122.9136,1480,1.3,10,-9,19,1851,602,6.1,16.7,979,522,6093,1,142,173,261,88,927,-34,28.5,1.8,348,0,73
1965,Whistler,British Columbia,50.1038,-122.9136,1480,2.1,11.8,-5.7,17.5,1682,250,7.2,47.3,844,652,5781,4,149,174,251,77,940,-34,28.5,15.2,424,149,71
1966,Whistler,British Columbia,50.1038,-122.9136,1480,2.3,10.7,-6.9,17.6,1768,417,7,25.8,764,625,5710,5,153,168,278,110,851,-34,28.5,6.9,405,35,72
1967,Whistler,British Columbia,50.1038,-122.9136,1480,2.9,13.8,-5.3,19.1,1818,235,7.1,58.7,789,859,5507,13,159,166,274,109,896,-34,28.5,16.2,418,234,70
1968,Whistler,British Columbia,50.1038,-122.9136,1480,1.9,11.5,-8.2,19.7,2089,440,5.7,26.1,845,585,5863,4,146,164,267,103,998,-34,28.5,5.5,367,46,71
1969,Whistler,British Columbia,50.1038,-122.9136,1480,1.8,10.7,-13.3,24.1,1553,458,7.6,23.4,1016,698,5896,3,155,157,269,112,1099,-34,28.5,13.3,433,122,70
1970,Whistler,British Columbia,50.1038,-122.9136,1480,1.8,11.4,-7.1,18.4,1283,261,9.2,43.5,935,660,5917,5,136,173,250,77,596,-34,28.5,16.1,403,196,69
1971,Whistler,British Columbia,50.1038,-122.9136,1480,1.4,12.4,-9.2,21.6,1840,366,6.2,34,1036,650,6060,5,139,166,256,90,1178,-34,28.5,9.6,378,101,72
1972,Whistler,British Columbia,50.1038,-122.9136,1480,1.3,11.9,-9.2,21.1,1800,451,6.3,26.4,1043,614,6088,2,137,153,249,97,1236,-34,28.5,13.7,387,54,70
1973,Whistler,British Columbia,50.1038,-122.9136,1480,1.8,10.4,-6.3,16.7,1618,272,7.3,38.1,881,588,5908,4,142,166,266,100,862,-34,28.5,12.8,422,92,70
1974,Whistler,British Columbia,50.1038,-122.9136,1480,2.4,11.8,-6.3,18.1,1700,310,7.3,38.2,796,698,5687,7,149,179,274,95,1193,-34,28.5,13.1,432,102,70
1975,Whistler,British Columbia,50.1038,-122.9136,1480,1.5,12.5,-8.1,20.7,1785,262,6.4,47.9,1003,651,6004,6,139,175,263,87,811,-34,28.5,15.2,380,195,71
1976,Whistler,British Columbia,50.1038,-122.9136,1480,2.2,9.4,-4.5,13.9,1511,468,8.1,20,714,538,5739,4,150,167,276,109,1114,-34,28.5,6,387,19,73
1977,Whistler,British Columbia,50.1038,-122.9136,1480,2.3,13.2,-6.8,20.1,1466,341,8.4,38.8,835,688,5738,6,149,181,260,79,502,-34,28.5,14.9,425,118,71
1978,Whistler,British Columbia,50.1038,-122.9136,1480,2.1,12.2,-7.1,19.3,1306,491,9.2,24.9,890,683,5803,4,152,173,262,89,812,-34,28.5,16.9,415,103,71
1979,Whistler,British Columbia,50.1038,-122.9136,1480,2.3,12,-9.4,21.4,1401,380,8.8,31.7,882,754,5702,6,153,165,275,110,673,-34,28.5,18,437,98,69
1980,Whistler,British Columbia,50.1038,-122.9136,1480,2.2,10.9,-8.3,19.1,1661,462,7.4,23.5,798,609,5746,3,161,154,269,115,708,-34,28.5,12.3,396,42,73
1981,Whistler,British Columbia,50.1038,-122.9136,1480,2.9,13.6,-5,18.6,1884,484,6.8,28.1,614,677,5498,9,160,151,271,120,791,-34,28.5,9.7,357,58,74
1982,Whistler,British Columbia,50.1038,-122.9136,1480,1.6,10.5,-7,17.6,1601,297,7.3,35.5,993,671,5958,6,144,174,269,95,1006,-34,28.5,15.8,377,131,71
1983,Whistler,British Columbia,50.1038,-122.9136,1480,2.2,11.6,-9.7,21.3,1739,468,7,24.8,772,586,5751,2,156,157,257,100,816,-34,28.5,13.6,402,71,73
1984,Whistler,British Columbia,50.1038,-122.9136,1480,1.5,10.9,-8.5,19.4,1851,460,6.2,23.7,887,525,6028,2,139,171,254,83,649,-34,28.5,9.8,328,85,74
1985,Whistler,British Columbia,50.1038,-122.9136,1480,1.5,13.7,-5.5,19.2,937,215,12.3,63.7,1018,682,5998,7,143,155,251,96,756,-34,28.5,16,431,185,71
1986,Whistler,British Columbia,50.1038,-122.9136,1480,2.6,13.5,-6.2,19.7,1584,373,8,36.3,711,673,5584,7,161,159,261,102,683,-34,28.5,10.9,376,110,73
1987,Whistler,British Columbia,50.1038,-122.9136,1480,3.4,11.3,-5.4,16.7,1354,336,9.9,33.5,631,780,5326,7,173,165,277,112,727,-34,28.5,17.2,434,101,73
1988,Whistler,British Columbia,50.1038,-122.9136,1480,2.8,11.2,-5,16.1,1609,418,8,26.7,678,678,5525,5,167,161,264,103,699,-34,28.5,10.8,414,42,74
1989,Whistler,British Columbia,50.1038,-122.9136,1480,2.7,10.9,-7,17.9,1348,259,9.4,41.9,736,705,5562,5,164,168,270,103,661,-34,28.5,15.1,430,136,73
1990,Whistler,British Columbia,50.1038,-122.9136,1480,2.2,11.4,-6.9,18.2,1810,296,6.8,38.4,849,702,5746,8,158,158,274,116,660,-34,28.5,14.7,411,83,74
1991,Whistler,British Columbia,50.1038,-122.9136,1480,2.6,10.6,-5,15.6,1603,477,7.8,22.1,675,607,5628,5,160,159,270,112,986,-34,28.5,13.3,388,68,75
1992,Whistler,British Columbia,50.1038,-122.9136,1480,3.5,11.1,-5.9,17,1399,331,9.6,33.5,566,714,5292,5,177,154,252,98,531,-34,28.5,13.9,461,130,74
1993,Whistler,British Columbia,50.1038,-122.9136,1480,2.6,10.1,-5.5,15.6,1260,356,10,28.3,706,614,5604,4,167,134,265,131,517,-34,28.5,10.5,398,46,74
1994,Whistler,British Columbia,50.1038,-122.9136,1480,3,12,-5,17,1657,311,7.8,38.8,699,752,5462,8,170,147,274,127,702,-34,28.5,13.4,434,120,74
1995,Whistler,British Columbia,50.1038,-122.9136,1480,3,10.5,-3.6,14.1,1693,307,7.7,34.2,619,661,5465,5,165,156,273,117,795,-34,28.5,13,424,97,73
1996,Whistler,British Columbia,50.1038,-122.9136,1480,1.8,11.3,-7.1,18.5,1507,332,7.9,34.1,852,593,5889,4,144,169,257,88,803,-34,28.5,11.4,412,122,73
1997,Whistler,British Columbia,50.1038,-122.9136,1480,2.7,11.8,-3.9,15.7,1949,531,6.5,22.1,667,645,5572,5,159,153,269,116,1008,-34,28.5,11,415,32,73
1998,Whistler,British Columbia,50.1038,-122.9136,1480,3.4,12.4,-4.2,16.7,1565,230,8.6,54.1,648,845,5308,9,170,153,270,117,680,-34,28.5,16.4,453,154,73
1999,Whistler,British Columbia,50.1038,-122.9136,1480,2.4,10.9,-4.3,15.2,1999,405,6.2,26.8,662,552,5694,4,149,185,263,78,1122,-34,28.5,13.8,403,0,74
2000,Whistler,British Columbia,50.1038,-122.9136,1480,2.5,10,-4.4,14.4,1286,471,9.7,21.2,684,572,5666,3,155,172,263,91,651,-34,28.5,13.9,409,22,73
2001,Whistler,British Columbia,50.1038,-122.9136,1480,2.7,11.2,-4.5,15.6,1570,478,8.1,23.4,657,628,5581,5,157,161,273,112,501,-34,28.5,11,406,40,73
2002,Whistler,British Columbia,50.1038,-122.9136,1480,2.9,11,-3.7,14.7,1427,319,9,34.4,647,659,5519,4,158,180,262,82,842,-34,28.5,18.7,448,153,73
2003,Whistler,British Columbia,50.1038,-122.9136,1480,3.2,11.9,-3.6,15.5,1652,230,8,51.7,644,773,5395,7,167,167,270,102,635,-34,28.5,17,447,187,73
2004,Whistler,British Columbia,50.1038,-122.9136,1480,3.7,12,-2.9,14.9,1373,370,10,32.4,512,744,5219,6,176,158,263,105,552,-34,28.5,14.5,465,167,74
2005,Whistler,British Columbia,50.1038,-122.9136,1480,3.4,11.8,-2.4,14.2,1577,442,8.5,26.8,516,670,5313,5,179,144,261,117,567,-34,28.5,12,410,45,75
2006,Whistler,British Columbia,50.1038,-122.9136,1480,3.1,11.6,-3.4,15,1650,251,8,46.2,645,747,5412,7,169,158,270,112,683,-34,28.5,16.6,442,154,74
2007,Whistler,British Columbia,50.1038,-122.9136,1480,2.5,11.8,-5,16.8,2058,419,6.1,28.1,679,608,5631,4,164,159,261,103,974,-34,28.5,8.8,394,40,77
2008,Whistler,British Columbia,50.1038,-122.9136,1480,2.4,10.8,-5.5,16.2,1543,364,8,29.6,750,609,5704,3,164,147,270,123,819,-34,28.5,9.7,367,60,77
2009,Whistler,British Columbia,50.1038,-122.9136,1480,2.8,12.2,-5.3,17.5,1503,287,8.5,42.6,742,756,5548,7,161,165,273,109,677,-34,28.5,17.1,430,155,74
2010,Whistler,British Columbia,50.1038,-122.9136,1480,3.2,11.5,-3.6,15.1,1580,397,8.3,29,552,648,5398,5,175,166,272,106,590,-34,28.5,12.7,398,126,77
2011,Whistler,British Columbia,50.1038,-122.9136,1480,2.2,11.5,-4.9,16.4,1533,388,7.9,29.7,754,606,5761,6,158,163,279,116,853,-34,28.5,-9999,345,104,77
2012,Whistler,British Columbia,50.1038,-122.9136,1480,2.8,11.9,-4.5,16.4,1624,240,7.9,49.5,694,701,5553,8,167,162,271,109,706,-34,28.5,-9999,412,144,77
2013,Whistler,British Columbia,50.1038,-122.9136,1480,3.5,12.7,-3.1,15.8,1189,440,11.4,28.9,573,788,5272,8,177,148,267,120,667,-34,28.5,-9999,427,79,76
2014,Whistler,British Columbia,50.1038,-122.9136,1480,3.7,12.6,-5.2,17.9,1571,266,8.7,47.6,596,864,5198,10,188,138,275,136,523,-34,28.5,-9999,428,127,76
2015,Whistler,British Columbia,50.1038,-122.9136,1480,4.5,12.4,-3.2,15.6,1274,326,11.4,38.2,451,894,4922,9,199,144,264,120,400,-34,28.5,-9999,497,214,75
2016,Whistler,British Columbia,50.1038,-122.9136,1480,3.8,12.2,-6.3,18.6,1543,312,8.9,39.2,552,779,5182,5,197,145,268,123,530,-34,28.5,-9999,452,126,78
2017,Whistler,British Columbia,50.1038,-122.9136,1480,3.2,13.5,-4.6,18.1,1365,164,9.7,82.1,712,860,5393,11,173,148,276,128,751,-34,28.5,-9999,438,226,77
2018,Whistler,British Columbia,50.1038,-122.9136,1480,3.5,12.8,-4.4,17.2,1442,337,9.4,37.9,595,800,5272,8,183,134,269,135,562,-34,28.5,-9999,437,197,76
2019,Whistler,British Columbia,50.1038,-122.9136,1480,3.4,12,-7,18.9,998,368,13.4,32.5,610,768,5321,6,180,143,273,129,378,-34,28.5,-9999,415,122,76
